"card-img href","card-img src","card-rating","line-clamp","product-main-price","line-clamp href 2","md-text-base","md-text-xs","md-text-base 2","md-text-xs 2"
"https://uk.webuy.com/product-detail?id=711719409199&categoryName=PLAYSTATION5-GAMES&superCatName=GAMING&title=&queryID=EEBB0E0F96C066805EBAC721893979FC&position=1","https://uk.static.webuy.com/product_images/Gaming/Playstation5%20Software/711719409199_l.jpg","4.8","God of War Ragnarok (No DLC)","£22.00","","","","",""
"https://uk.webuy.com/product-detail?id=711719720690&categoryName=PLAYSTATION5-GAMES&superCatName=GAMING&title=&queryID=EEBB0E0F96C066805EBAC721893979FC&position=2","https://uk.static.webuy.com/product_images/Gaming/Playstation5%20Software/711719720690_l.jpg","4.7","Horizon Forbidden West (No DLC)","£22.00","","","","",""
"https://uk.webuy.com/product-detail?id=711719020370&categoryName=PLAYSTATION5-GAMES&superCatName=GAMING&title=&queryID=EEBB0E0F96C066805EBAC721893979FC&position=3","https://uk.static.webuy.com/product_images/Gaming/Playstation5%20Software/711719020370_l.jpg","4.7","Ghost of Yotei","£52.00","","","","",""
"https://uk.webuy.com/product-detail?id=0711719570264&categoryName=PLAYSTATION5-GAMES&superCatName=GAMING&title=&queryID=EEBB0E0F96C066805EBAC721893979FC&position=4","https://uk.static.webuy.com/resize_images/Gaming/Playstation5%20Software/0711719570264_l.jpg","4.7","Last of Us Part II Remastered, The","£28.00","","","","",""
"https://uk.webuy.com/product-detail?id=811949034472&categoryName=PLAYSTATION5-GAMES&superCatName=GAMING&title=&queryID=EEBB0E0F96C066805EBAC721893979FC&position=5","https://uk.static.webuy.com/product_images/Gaming/Playstation5%20Software/811949034472_l.jpg","3.9","Callisto Protocol, The","£6.00","","","","",""
"https://uk.webuy.com/product-detail?id=711719835929&categoryName=PLAYSTATION5-GAMES&superCatName=GAMING&title=&queryID=EEBB0E0F96C066805EBAC721893979FC&position=6","https://uk.static.webuy.com/resize_images/Gaming/Playstation5%20Software/711719835929_l.jpg","4.6","Spider-Man: Miles Morales (No DLC)","£15.00","","","","",""
"https://uk.webuy.com/product-detail?id=5026555438650&categoryName=PLAYSTATION5-GAMES&superCatName=GAMING&title=&queryID=EEBB0E0F96C066805EBAC721893979FC&position=7","https://uk.static.webuy.com/resize_images/Gaming/Playstation5%20Software/5026555438650_l.jpg","","WWE 2K25 (No DLC)","£22.00","","","","",""
"https://uk.webuy.com/product-detail?id=3307216292654&categoryName=PLAYSTATION5-GAMES&superCatName=GAMING&title=&queryID=EEBB0E0F96C066805EBAC721893979FC&position=8","https://uk.static.webuy.com/resize_images/Gaming/Playstation5%20Software/3307216292654_l.jpg","","Assassin's Creed Shadows (No DLC)","£30.00","","","","",""
"https://uk.webuy.com/product-detail?id=5026555439046&categoryName=PLAYSTATION5-GAMES&superCatName=GAMING&title=&queryID=EEBB0E0F96C066805EBAC721893979FC&position=9","https://uk.static.webuy.com/resize_images/Gaming/Playstation5%20Software/5026555439046_l.jpg","4.2","Mafia: The Old Country","£25.00","","","","",""
"https://uk.webuy.com/product-detail?id=3307216177005&categoryName=PLAYSTATION5-GAMES&superCatName=GAMING&title=&queryID=EEBB0E0F96C066805EBAC721893979FC&position=10","https://uk.static.webuy.com/product_images/Gaming/Playstation5%20Software/3307216177005_l.jpg","4.2","Far Cry 6 (No DLC)","£10.00","","","","",""
"https://uk.webuy.com/product-detail?id=711719571681&categoryName=PLAYSTATION5-GAMES&superCatName=GAMING&title=&queryID=EEBB0E0F96C066805EBAC721893979FC&position=11","https://uk.static.webuy.com/product_images/Gaming/Playstation5%20Software/711719571681_l.jpg","4.7","Spider-Man 2 (No DLC)","£30.00","","","","",""
"https://uk.webuy.com/product-detail?id=3307216174776&categoryName=PLAYSTATION5-GAMES&superCatName=GAMING&title=&queryID=EEBB0E0F96C066805EBAC721893979FC&position=12","https://uk.static.webuy.com/resize_images/Gaming/Playstation5%20Software/3307216174776_l.jpg","4.5","Watch Dogs Legion (No DLC)","£5.00","","","","",""
"https://uk.webuy.com/product-detail?id=5030948124303&categoryName=PLAYSTATION5-GAMES&superCatName=GAMING&title=&queryID=EEBB0E0F96C066805EBAC721893979FC&position=13","https://uk.static.webuy.com/resize_images/Gaming/Playstation5%20Software/5030948124303_l.jpg","4.6","Star Wars Jedi: Survivor (No DLC)","£15.00","","","","",""
"https://uk.webuy.com/product-detail?id=5035225125264&categoryName=PLAYSTATION5-GAMES&superCatName=GAMING&title=&queryID=EEBB0E0F96C066805EBAC721893979FC&position=14","https://uk.static.webuy.com/resize_images/Gaming/Playstation5%20Software/5035225125264_l.jpg","","Dragon Age: The Veilguard (No DLC)","£8.00","","","","",""
"https://uk.webuy.com/product-detail?id=5055060952504&categoryName=PLAYSTATION5-GAMES&superCatName=GAMING&title=&queryID=EEBB0E0F96C066805EBAC721893979FC&position=15","https://uk.static.webuy.com/resize_images/Gaming/Playstation5%20Software/5055060952504_l.jpg","4.6","Devil May Cry 5 Special Edition","£18.00","","","","",""
"https://uk.webuy.com/product-detail?id=3307216258315&categoryName=PLAYSTATION5-GAMES&superCatName=GAMING&title=&queryID=EEBB0E0F96C066805EBAC721893979FC&position=16","https://uk.static.webuy.com/resize_images/Gaming/Playstation5%20Software/3307216258315_l.jpg","4.3","Assassin's Creed: Mirage (No DLC)","£12.00","","","","",""
"https://uk.webuy.com/product-detail?id=5021290096806&categoryName=PLAYSTATION5-GAMES&superCatName=GAMING&title=&queryID=EEBB0E0F96C066805EBAC721893979FC&position=17","https://uk.static.webuy.com/resize_images/Gaming/Playstation5%20Software/5021290096806_l.jpg","4.4","Final Fantasy XVI","£15.00","","","","",""
"https://uk.webuy.com/product-detail?id=5021290089006&categoryName=PLAYSTATION5-GAMES&superCatName=GAMING&title=&queryID=1A92B4287395FFC8EA3251A09B8C60E0&position=18","https://uk.static.webuy.com/resize_images/Gaming/Playstation5%20Software/5021290089006_l.jpg","4.2","Avengers (No DLC)","£25.00","","","","",""
"https://uk.webuy.com/product-detail?id=0196388607778&categoryName=PLAYSTATION5-GAMES&superCatName=GAMING&title=&queryID=1A92B4287395FFC8EA3251A09B8C60E0&position=19","https://uk.static.webuy.com/resize_images/Gaming/Playstation5%20Software/0196388607778_l.jpg","4.3","Call Of Duty: Black Ops 7","£35.00","","","","",""
"https://uk.webuy.com/product-detail?id=711719826590&categoryName=PLAYSTATION5-GAMES&superCatName=GAMING&title=&queryID=1A92B4287395FFC8EA3251A09B8C60E0&position=20","https://uk.static.webuy.com/product_images/Gaming/Playstation5%20Software/711719826590_l.jpg","4.7","Ratchet & Clank: Rift Apart","£20.00","","","","",""
"https://uk.webuy.com/product-detail?id=711719766292&categoryName=PLAYSTATION5-GAMES&superCatName=GAMING&title=&queryID=1A92B4287395FFC8EA3251A09B8C60E0&position=21","https://uk.static.webuy.com/product_images/Gaming/Playstation5%20Software/711719766292_l.jpg","4.5","Gran Turismo 7 (No DLC)","£35.00","","","","",""
"https://uk.webuy.com/product-detail?id=5030917299674&categoryName=PLAYSTATION5-GAMES&superCatName=GAMING&title=&queryID=1A92B4287395FFC8EA3251A09B8C60E0&position=22","https://uk.static.webuy.com/resize_images/Gaming/Playstation5%20Software/5030917299674_l.jpg","4.5","Call of Duty: Modern Warfare III","£18.00","","","","",""
"https://uk.webuy.com/product-detail?id=0196388610846&categoryName=PLAYSTATION5-GAMES&superCatName=GAMING&title=&queryID=1A92B4287395FFC8EA3251A09B8C60E0&position=23","https://uk.static.webuy.com/resize_images/Gaming/Playstation5%20Software/0196388610846_l.jpg","5","Elder Scrolls IV: Oblivion Remastered (No DLC)","£40.00","","","","",""
"https://uk.webuy.com/product-detail?id=5026555432184&categoryName=PLAYSTATION5-GAMES&superCatName=GAMING&title=&queryID=1A92B4287395FFC8EA3251A09B8C60E0&position=24","https://uk.static.webuy.com/product_images/Gaming/Playstation5%20Software/5026555432184_l.jpg","3.8","Quarry, The","£15.00","","","","",""
"https://uk.webuy.com/product-detail?id=4012927151600&categoryName=PLAYSTATION5-GAMES&superCatName=GAMING&title=&queryID=1A92B4287395FFC8EA3251A09B8C60E0&position=25","https://uk.static.webuy.com/resize_images/Gaming/Playstation5%20Software/4012927151600_l.jpg","4.7","Silent Hill F","£45.00","","","","",""
"https://uk.webuy.com/product-detail?id=5030934125406&categoryName=PLAYSTATION5-GAMES&superCatName=GAMING&title=&queryID=1A92B4287395FFC8EA3251A09B8C60E0&position=26","https://uk.static.webuy.com/resize_images/Gaming/Playstation5%20Software/5030934125406_l.jpg","4.7","Battlefield 6 (No DLC)","£30.00","","","","",""
"https://uk.webuy.com/product-detail?id=5051892229470&categoryName=PLAYSTATION5-GAMES&superCatName=GAMING&title=&queryID=1A92B4287395FFC8EA3251A09B8C60E0&position=27","https://uk.static.webuy.com/resize_images/Gaming/Playstation5%20Software/5051892229470_l.jpg","4.8","LEGO Star Wars: The Skywalker Saga","£10.00","","","","",""
"https://uk.webuy.com/product-detail?id=4020628586065&categoryName=PLAYSTATION5-GAMES&superCatName=GAMING&title=&queryID=1A92B4287395FFC8EA3251A09B8C60E0&position=28","https://uk.static.webuy.com/resize_images/Gaming/Playstation5%20Software/4020628586065_l.jpg","","Undisputed","£22.00","","","","",""
"https://uk.webuy.com/product-detail?id=3391892014433&categoryName=PLAYSTATION5-GAMES&superCatName=GAMING&title=&queryID=1A92B4287395FFC8EA3251A09B8C60E0&position=29","https://uk.static.webuy.com/product_images/Gaming/Playstation5%20Software/3391892014433_l.jpg","4.7","Dark Pictures Anthology, The: House of Ashes","£12.00","","","","",""
"https://uk.webuy.com/product-detail?id=5051892238090&categoryName=PLAYSTATION5-GAMES&superCatName=GAMING&title=&queryID=1A92B4287395FFC8EA3251A09B8C60E0&position=30","https://uk.static.webuy.com/resize_images/Gaming/Playstation5%20Software/5051892238090_l.jpg","4.5","Hogwarts Legacy (No DLC)","£10.00","","","","",""
"https://uk.webuy.com/product-detail?id=196388435425&categoryName=PLAYSTATION5-GAMES&superCatName=GAMING&title=&queryID=1A92B4287395FFC8EA3251A09B8C60E0&position=31","https://uk.static.webuy.com/product_images/Gaming/Playstation5%20Software/196388435425_l.jpg","","Call of Duty: Black Ops 6 (No DLC)","£12.00","","","","",""
"https://uk.webuy.com/product-detail?id=4020628551063&categoryName=PLAYSTATION5-GAMES&superCatName=GAMING&title=&queryID=1A92B4287395FFC8EA3251A09B8C60E0&position=32","https://uk.static.webuy.com/resize_images/Gaming/Playstation5%20Software/4020628551063_l.jpg","4.8","Crimson Desert (No DLC)","£55.00","","","","",""
"https://uk.webuy.com/product-detail?id=5030946123834&categoryName=PLAYSTATION5-GAMES&superCatName=GAMING&title=&queryID=1A92B4287395FFC8EA3251A09B8C60E0&position=33","https://uk.static.webuy.com/product_images/Gaming/Playstation5%20Software/5030946123834_l.jpg","4.7","Star Wars: Jedi Fallen Order","£18.00","","","","",""
"https://uk.webuy.com/product-detail?id=3701529500619&categoryName=PLAYSTATION5-GAMES&superCatName=GAMING&title=&queryID=1A92B4287395FFC8EA3251A09B8C60E0&position=34","https://uk.static.webuy.com/resize_images/Gaming/Playstation5%20Software/3701529500619_l.jpg","3.9","Sifu","£22.00","","","","",""
"https://uk.webuy.com/product-detail?id=3307216174165&categoryName=PLAYSTATION5-GAMES&superCatName=GAMING&title=&queryID=540E30D3883487ABA87B4FF859B019F8&position=35","https://uk.static.webuy.com/resize_images/Gaming/Playstation5%20Software/3307216174165_l.jpg","4.4","Assassin's Creed Valhalla (No DLC)","£10.00","","","","",""
"https://uk.webuy.com/product-detail?id=3391892034226&categoryName=PLAYSTATION5-GAMES&superCatName=GAMING&title=&queryID=540E30D3883487ABA87B4FF859B019F8&position=36","https://uk.static.webuy.com/resize_images/Gaming/Playstation5%20Software/3391892034226_l.jpg","","Clair Obscur: Expedition 33","£35.00","","","","",""
"https://uk.webuy.com/product-detail?id=5030938123866&categoryName=PLAYSTATION5-GAMES&superCatName=GAMING&title=&queryID=540E30D3883487ABA87B4FF859B019F8&position=37","https://uk.static.webuy.com/resize_images/Gaming/Playstation5%20Software/5030938123866_l.jpg","4","Need For Speed (NFS) Unbound","£18.00","","","","",""
"https://uk.webuy.com/product-detail?id=5056208826367&categoryName=PLAYSTATION5-GAMES&superCatName=GAMING&title=&queryID=540E30D3883487ABA87B4FF859B019F8&position=38","https://uk.static.webuy.com/resize_images/Gaming/Playstation5%20Software/5056208826367_l.jpg","4.5","Jurassic World Evolution 3","£40.00","","","","",""
"https://uk.webuy.com/product-detail?id=196388561254&categoryName=PLAYSTATION5-GAMES&superCatName=GAMING&title=&queryID=540E30D3883487ABA87B4FF859B019F8&position=39","https://uk.static.webuy.com/product_images/Gaming/Playstation5%20Software/196388561254_l.jpg","","Doom: The Dark Ages (No DLC)","£38.00","","","","",""
"https://uk.webuy.com/product-detail?id=5026555431835&categoryName=PLAYSTATION5-GAMES&superCatName=GAMING&title=&queryID=540E30D3883487ABA87B4FF859B019F8&position=40","https://uk.static.webuy.com/resize_images/Gaming/Playstation5%20Software/5026555431835_l.jpg","4.8","Grand Theft Auto V","£22.00","","","","",""
"https://uk.webuy.com/product-detail?id=5021290095144&categoryName=PLAYSTATION5-GAMES&superCatName=GAMING&title=&queryID=540E30D3883487ABA87B4FF859B019F8&position=41","https://uk.static.webuy.com/resize_images/Gaming/Playstation5%20Software/5021290095144_l.jpg","4.8","Crisis Core: Final Fantasy VII Reunion","£15.00","","","","",""
"https://uk.webuy.com/product-detail?id=884095223083&categoryName=PLAYSTATION5-GAMES&superCatName=GAMING&title=&queryID=540E30D3883487ABA87B4FF859B019F8&position=42","https://uk.static.webuy.com/resize_images/Gaming/Playstation5%20Software/884095223083_l.jpg","","MindsEye","£15.00","","","","",""
"https://uk.webuy.com/product-detail?id=5056635607058&categoryName=PLAYSTATION5-GAMES&superCatName=GAMING&title=&queryID=540E30D3883487ABA87B4FF859B019F8&position=43","https://uk.static.webuy.com/resize_images/Gaming/Playstation5%20Software/5056635607058_l.jpg","","Sea Of Stars","£20.00","","","","",""
"https://uk.webuy.com/product-detail?id=3307216265108&categoryName=PLAYSTATION5-GAMES&superCatName=GAMING&title=&queryID=540E30D3883487ABA87B4FF859B019F8&position=44","https://uk.static.webuy.com/resize_images/Gaming/Playstation5%20Software/3307216265108_l.jpg","4.3","Prince of Persia: The Lost Crown","£12.00","","","","",""
"https://uk.webuy.com/product-detail?id=5030942124682&categoryName=PLAYSTATION5-GAMES&superCatName=GAMING&title=&queryID=540E30D3883487ABA87B4FF859B019F8&position=45","https://uk.static.webuy.com/resize_images/Gaming/Playstation5%20Software/5030942124682_l.jpg","4.6","Dead Space","£20.00","","","","",""
"https://uk.webuy.com/product-detail?id=711719791898&categoryName=PLAYSTATION5-GAMES&superCatName=GAMING&title=&queryID=540E30D3883487ABA87B4FF859B019F8&position=46","https://uk.static.webuy.com/product_images/Gaming/Playstation5%20Software/711719791898_l.jpg","4.9","Uncharted: Legacy of Thieves Collection","£22.00","","","","",""
"https://uk.webuy.com/product-detail?id=5026555438810&categoryName=PLAYSTATION5-GAMES&superCatName=GAMING&title=&queryID=540E30D3883487ABA87B4FF859B019F8&position=47","https://uk.static.webuy.com/resize_images/Gaming/Playstation5%20Software/5026555438810_l.jpg","4.8","Borderlands 4 (No DLC)","£30.00","","","","",""
"https://uk.webuy.com/product-detail?id=5906961191472&categoryName=PLAYSTATION5-GAMES&superCatName=GAMING&title=&queryID=540E30D3883487ABA87B4FF859B019F8&position=48","https://uk.static.webuy.com/resize_images/Gaming/Playstation5%20Software/5906961191472_l.jpg","4.2","Lords of the Fallen, The","£10.00","","","","",""
"https://uk.webuy.com/product-detail?id=5055060952658&categoryName=PLAYSTATION5-GAMES&superCatName=GAMING&title=&queryID=540E30D3883487ABA87B4FF859B019F8&position=49","https://uk.static.webuy.com/resize_images/Gaming/Playstation5%20Software/5055060952658_l.jpg","4.7","Resident Evil: Village","£18.00","","","","",""
"https://uk.webuy.com/product-detail?id=5055060904961&categoryName=PLAYSTATION5-GAMES&superCatName=GAMING&title=&queryID=540E30D3883487ABA87B4FF859B019F8&position=50","https://uk.static.webuy.com/resize_images/Gaming/Playstation5%20Software/5055060904961_l.jpg","","Monster Hunter Wilds","£22.00","","","","",""
"https://uk.webuy.com/product-detail?id=3701529519659&categoryName=PLAYSTATION5-GAMES&superCatName=GAMING&title=&queryID=540E30D3883487ABA87B4FF859B019F8&position=51","https://uk.static.webuy.com/resize_images/Gaming/Playstation5%20Software/3701529519659_l.jpg","","Precinct, The","£30.00","","","","",""
"https://uk.webuy.com/product-detail?id=3391892017625&categoryName=PLAYSTATION5-GAMES&superCatName=GAMING&title=&queryID=9B32710086E91593C1BE2295BB0E26A9&position=52","https://uk.static.webuy.com/product_images/Gaming/Playstation5%20Software/3391892017625_l.jpg","4.5","Elden Ring (No DLC)","£28.00","","","","",""
"https://uk.webuy.com/product-detail?id=0711719578451&categoryName=PLAYSTATION5-GAMES&superCatName=GAMING&title=&queryID=9B32710086E91593C1BE2295BB0E26A9&position=53","https://uk.static.webuy.com/resize_images/Gaming/Playstation5%20Software/0711719578451_l.jpg","4.8","Helldivers 2","£25.00","","","","",""
"https://uk.webuy.com/product-detail?id=5030917295300&categoryName=PLAYSTATION5-GAMES&superCatName=GAMING&title=&queryID=9B32710086E91593C1BE2295BB0E26A9&position=54","https://uk.static.webuy.com/resize_images/Gaming/Playstation5%20Software/5030917295300_l.jpg","4.3","Call of Duty: Vanguard (No DLC)","£15.00","","","","",""
"https://uk.webuy.com/product-detail?id=4012927150801&categoryName=PLAYSTATION5-GAMES&superCatName=GAMING&title=&queryID=9B32710086E91593C1BE2295BB0E26A9&position=55","https://uk.static.webuy.com/resize_images/Gaming/Playstation5%20Software/4012927150801_l.jpg","4.5","Metal Gear Solid Delta: Snake Eater (No DLC)","£45.00","","","","",""
"https://uk.webuy.com/product-detail?id=5021290092884&categoryName=PLAYSTATION5-GAMES&superCatName=GAMING&title=&queryID=9B32710086E91593C1BE2295BB0E26A9&position=56","https://uk.static.webuy.com/resize_images/Gaming/Playstation5%20Software/5021290092884_l.jpg","4.5","Stranger of Paradise: Final Fantasy Origin","£12.00","","","","",""
"https://uk.webuy.com/product-detail?id=5026555437141&categoryName=PLAYSTATION5-GAMES&superCatName=GAMING&title=&queryID=9B32710086E91593C1BE2295BB0E26A9&position=57","https://uk.static.webuy.com/resize_images/Gaming/Playstation5%20Software/5026555437141_l.jpg","4.7","WWE 2K24 (No DLC)","£10.00","","","","",""
"https://uk.webuy.com/product-detail?id=4020628674403&categoryName=PLAYSTATION5-GAMES&superCatName=GAMING&title=&queryID=9B32710086E91593C1BE2295BB0E26A9&position=58","https://uk.static.webuy.com/resize_images/Gaming/Playstation5%20Software/4020628674403_l.jpg","4","Chorus","£10.00","","","","",""
"https://uk.webuy.com/product-detail?id=5026555437561&categoryName=PLAYSTATION5-GAMES&superCatName=GAMING&title=&queryID=9B32710086E91593C1BE2295BB0E26A9&position=59","https://uk.static.webuy.com/resize_images/Gaming/Playstation5%20Software/5026555437561_l.jpg","","Topspin 2K25 (No DLC)","£8.00","","","","",""
"https://uk.webuy.com/product-detail?id=9120080078520&categoryName=PLAYSTATION5-GAMES&superCatName=GAMING&title=&queryID=9B32710086E91593C1BE2295BB0E26A9&position=60","https://uk.static.webuy.com/resize_images/Gaming/Playstation5%20Software/9120080078520_l.jpg","4.3","Alone In The Dark","£12.00","","","","",""
"https://uk.webuy.com/product-detail?id=9120080077134&categoryName=PLAYSTATION5-GAMES&superCatName=GAMING&title=&queryID=9B32710086E91593C1BE2295BB0E26A9&position=61","https://uk.static.webuy.com/resize_images/Gaming/Playstation5%20Software/9120080077134_l.jpg","4.7","Elex II","£5.00","","","","",""
"https://uk.webuy.com/product-detail?id=5055060905982&categoryName=PLAYSTATION5-GAMES&superCatName=GAMING&title=&queryID=9B32710086E91593C1BE2295BB0E26A9&position=62","https://uk.static.webuy.com/resize_images/Gaming/Playstation5%20Software/5055060905982_l.jpg","","Resident Evil 7: Biohazard - Gold Edition","£25.00","","","","",""
"https://uk.webuy.com/product-detail?id=711719814696&categoryName=PLAYSTATION5-GAMES&superCatName=GAMING&title=&queryID=9B32710086E91593C1BE2295BB0E26A9&position=63","https://uk.static.webuy.com/product_images/Gaming/Playstation5%20Software/711719814696_l.jpg","4.7","Returnal","£25.00","","","","",""
"https://uk.webuy.com/product-detail?id=811949035196&categoryName=PLAYSTATION5-GAMES&superCatName=GAMING&title=&queryID=9B32710086E91593C1BE2295BB0E26A9&position=64","https://uk.static.webuy.com/resize_images/Gaming/Playstation5%20Software/811949035196_l.jpg","4.4","Stray","£22.00","","","","",""
"https://uk.webuy.com/product-detail?id=3391892015713&categoryName=PLAYSTATION5-GAMES&superCatName=GAMING&title=&queryID=9B32710086E91593C1BE2295BB0E26A9&position=65","https://uk.static.webuy.com/product_images/Gaming/Playstation5%20Software/3391892015713_l.jpg","4.6","Tales of Arise","£12.00","","","","",""
"https://uk.webuy.com/product-detail?id=5021290091870&categoryName=PLAYSTATION5-GAMES&superCatName=GAMING&title=&queryID=9B32710086E91593C1BE2295BB0E26A9&position=66","https://uk.static.webuy.com/resize_images/Gaming/Playstation5%20Software/5021290091870_l.jpg","4.5","Guardians of the Galaxy (No DLC)","£10.00","","","","",""
"https://uk.webuy.com/product-detail?id=884095215026&categoryName=PLAYSTATION5-GAMES&superCatName=GAMING&title=&queryID=9B32710086E91593C1BE2295BB0E26A9&position=67","https://uk.static.webuy.com/product_images/Gaming/Playstation5%20Software/884095215026_l.jpg","4","Lord of the Rings, The: Return to Moria","£22.00","","","","",""
"https://uk.webuy.com/product-detail?id=5030917298264&categoryName=PLAYSTATION5-GAMES&superCatName=GAMING&title=&queryID=9B32710086E91593C1BE2295BB0E26A9&position=68","https://uk.static.webuy.com/resize_images/Gaming/Playstation5%20Software/5030917298264_l.jpg","4.6","Diablo IV (No DLC)","£18.00","","","","",""
"https://uk.webuy.com/product-detail?id=5056635617965&categoryName=PLAYSTATION5-GAMES&superCatName=GAMING&title=&queryID=D88681953944CF95CFBB71AA89216696&position=69","https://uk.static.webuy.com/resize_images/Gaming/Playstation5%20Software/5056635617965_l.jpg","","Mortal Kombat: Legacy Kollection","£35.00","","","","",""
"https://uk.webuy.com/product-detail?id=8437024411499&categoryName=PLAYSTATION5-GAMES&superCatName=GAMING&title=&queryID=D88681953944CF95CFBB71AA89216696&position=70","https://uk.static.webuy.com/resize_images/Gaming/Playstation5%20Software/8437024411499_l.jpg","4","Fort Solis","£18.00","","","","",""
"https://uk.webuy.com/product-detail?id=884095213985&categoryName=PLAYSTATION5-GAMES&superCatName=GAMING&title=&queryID=D88681953944CF95CFBB71AA89216696&position=71","https://uk.static.webuy.com/product_images/Gaming/Playstation5%20Software/884095213985_l.jpg","4.7","Hitman: World of Assassination","£38.00","","","","",""
"https://uk.webuy.com/product-detail?id=4020628687380&categoryName=PLAYSTATION5-GAMES&superCatName=GAMING&title=&queryID=D88681953944CF95CFBB71AA89216696&position=72","https://uk.static.webuy.com/product_images/Gaming/Playstation5%20Software/4020628687380_l.jpg","3.9","Saints Row (No DLC)","£6.00","","","","",""
"https://uk.webuy.com/product-detail?id=4012927150580&categoryName=PLAYSTATION5-GAMES&superCatName=GAMING&title=&queryID=D88681953944CF95CFBB71AA89216696&position=73","https://uk.static.webuy.com/resize_images/Gaming/Playstation5%20Software/4012927150580_l.jpg","","Silent Hill 2","£35.00","","","","",""
"https://uk.webuy.com/product-detail?id=3307216284185&categoryName=PLAYSTATION5-GAMES&superCatName=GAMING&title=&queryID=D88681953944CF95CFBB71AA89216696&position=74","https://uk.static.webuy.com/resize_images/Gaming/Playstation5%20Software/3307216284185_l.jpg","","Star Wars Outlaws (No DLC)","£18.00","","","","",""
"https://uk.webuy.com/product-detail?id=3391892015461&categoryName=PLAYSTATION5-GAMES&superCatName=GAMING&title=&queryID=D88681953944CF95CFBB71AA89216696&position=75","https://uk.static.webuy.com/resize_images/Gaming/Playstation5%20Software/3391892015461_l.jpg","4.7","Witcher 3: Wild Hunt Complete Edition","£15.00","","","","",""
"https://uk.webuy.com/product-detail?id=5051892240574&categoryName=PLAYSTATION5-GAMES&superCatName=GAMING&title=&queryID=D88681953944CF95CFBB71AA89216696&position=76","https://uk.static.webuy.com/resize_images/Gaming/Playstation5%20Software/5051892240574_l.jpg","3.9","Suicide Squad: Kill the Justice League","£6.00","","","","",""
"https://uk.webuy.com/product-detail?id=5056208808356&categoryName=PLAYSTATION5-GAMES&superCatName=GAMING&title=&queryID=D88681953944CF95CFBB71AA89216696&position=77","https://uk.static.webuy.com/resize_images/Gaming/Playstation5%20Software/5056208808356_l.jpg","4.5","Planet Coaster","£15.00","","","","",""
"https://uk.webuy.com/product-detail?id=711719406099&categoryName=PLAYSTATION5-GAMES&superCatName=GAMING&title=&queryID=D88681953944CF95CFBB71AA89216696&position=78","https://uk.static.webuy.com/product_images/Gaming/Playstation5%20Software/711719406099_l.jpg","4.9","Last of Us Part I, The","£35.00","","","","",""
"https://uk.webuy.com/product-detail?id=5051892231473&categoryName=PLAYSTATION5-GAMES&superCatName=GAMING&title=&queryID=D88681953944CF95CFBB71AA89216696&position=79","https://uk.static.webuy.com/resize_images/Gaming/Playstation5%20Software/5051892231473_l.jpg","3.8","Gotham Knights","£8.00","","","","",""
"https://uk.webuy.com/product-detail?id=5030941125147&categoryName=PLAYSTATION5-GAMES&superCatName=GAMING&title=&queryID=D88681953944CF95CFBB71AA89216696&position=80","https://uk.static.webuy.com/resize_images/Gaming/Playstation5%20Software/5030941125147_l.jpg","4.5","EA Sports FC 24","£5.00","","","","",""
"https://uk.webuy.com/product-detail?id=3512899959354&categoryName=PLAYSTATION5-GAMES&superCatName=GAMING&title=&queryID=D88681953944CF95CFBB71AA89216696&position=81","https://uk.static.webuy.com/resize_images/Gaming/Playstation5%20Software/3512899959354_l.jpg","3.4","Atomic Heart","£22.00","","","","",""
"https://uk.webuy.com/product-detail?id=5021290092662&categoryName=PLAYSTATION5-GAMES&superCatName=GAMING&title=&queryID=D88681953944CF95CFBB71AA89216696&position=82","https://uk.static.webuy.com/resize_images/Gaming/Playstation5%20Software/5021290092662_l.jpg","3.9","Forspoken","£6.00","","","","",""
"https://uk.webuy.com/product-detail?id=5026555430258&categoryName=PLAYSTATION5-GAMES&superCatName=GAMING&title=&queryID=D88681953944CF95CFBB71AA89216696&position=83","https://uk.static.webuy.com/resize_images/Gaming/Playstation5%20Software/5026555430258_l.jpg","4.5","Tiny Tina's Wonderlands (No DLC)","£8.00","","","","",""
"https://uk.webuy.com/product-detail?id=5055277053858&categoryName=PLAYSTATION5-GAMES&superCatName=GAMING&title=&queryID=D88681953944CF95CFBB71AA89216696&position=84","https://uk.static.webuy.com/resize_images/Gaming/Playstation5%20Software/5055277053858_l.jpg","","Metaphor: ReFantazio","£25.00","","","","",""
"https://uk.webuy.com/product-detail?id=5055856430001&categoryName=PLAYSTATION5-GAMES&superCatName=GAMING&title=&queryID=D88681953944CF95CFBB71AA89216696&position=85","https://uk.static.webuy.com/resize_images/Gaming/Playstation5%20Software/5055856430001_l.jpg","4.2","Ghostwire: Tokyo (No DLC)","£10.00","","","","",""
"https://uk.webuy.com/product-detail?id=4020628684723&categoryName=PLAYSTATION5-GAMES&superCatName=GAMING&title=&queryID=04F6819A91591C9BFD11488560DD0E86&position=86","https://uk.static.webuy.com/resize_images/Gaming/Playstation5%20Software/4020628684723_l.jpg","4.5","Medium, The","£18.00","https://uk.webuy.com/sell/product-detail?id=4020628684723&categoryName=PLAYSTATION5-GAMES&superCatName=GAMING&title=&queryID=04F6819A91591C9BFD11488560DD0E86&position=86","£11.00","Trade in for Voucher","£8.00","Trade in for Cash"
"https://uk.webuy.com/product-detail?id=5055277056439&categoryName=PLAYSTATION5-GAMES&superCatName=GAMING&title=&queryID=04F6819A91591C9BFD11488560DD0E86&position=87","https://uk.static.webuy.com/resize_images/Gaming/Playstation5%20Software/5055277056439_l.jpg","5","Sonic Racing: Crossworlds","£32.00","https://uk.webuy.com/sell/product-detail?id=5055277056439&categoryName=PLAYSTATION5-GAMES&superCatName=GAMING&title=&queryID=04F6819A91591C9BFD11488560DD0E86&position=87","£20.00","Trade in for Voucher","£14.00","Trade in for Cash"
"https://uk.webuy.com/product-detail?id=5060968301002&categoryName=PLAYSTATION5-GAMES&superCatName=GAMING&title=&queryID=04F6819A91591C9BFD11488560DD0E86&position=88","https://uk.static.webuy.com/resize_images/Gaming/Playstation5%20Software/5060968301002_l.jpg","4.2","Walking Dead, The: Destinies","£10.00","https://uk.webuy.com/sell/product-detail?id=5060968301002&categoryName=PLAYSTATION5-GAMES&superCatName=GAMING&title=&queryID=04F6819A91591C9BFD11488560DD0E86&position=88","£6.00","Trade in for Voucher","£4.00","Trade in for Cash"
"https://uk.webuy.com/product-detail?id=4020628644246&categoryName=PLAYSTATION5-GAMES&superCatName=GAMING&title=&queryID=04F6819A91591C9BFD11488560DD0E86&position=89","https://uk.static.webuy.com/resize_images/Gaming/Playstation5%20Software/4020628644246_l.jpg","","System Shock","£12.00","https://uk.webuy.com/sell/product-detail?id=4020628644246&categoryName=PLAYSTATION5-GAMES&superCatName=GAMING&title=&queryID=04F6819A91591C9BFD11488560DD0E86&position=89","£7.00","Trade in for Voucher","£5.00","Trade in for Cash"
"https://uk.webuy.com/product-detail?id=5056208825032&categoryName=PLAYSTATION5-GAMES&superCatName=GAMING&title=&queryID=04F6819A91591C9BFD11488560DD0E86&position=90","https://uk.static.webuy.com/resize_images/Gaming/Playstation5%20Software/5056208825032_l.jpg","","Sniper Elite: Resistance (No DLC)","£38.00","https://uk.webuy.com/sell/product-detail?id=5056208825032&categoryName=PLAYSTATION5-GAMES&superCatName=GAMING&title=&queryID=04F6819A91591C9BFD11488560DD0E86&position=90","£24.00","Trade in for Voucher","£17.00","Trade in for Cash"
"https://uk.webuy.com/product-detail?id=5030938125365&categoryName=PLAYSTATION5-GAMES&superCatName=GAMING&title=&queryID=04F6819A91591C9BFD11488560DD0E86&position=91","https://uk.static.webuy.com/resize_images/Gaming/Playstation5%20Software/5030938125365_l.jpg","","EA Sports FC 25 (No DLC)","£10.00","https://uk.webuy.com/sell/product-detail?id=5030938125365&categoryName=PLAYSTATION5-GAMES&superCatName=GAMING&title=&queryID=04F6819A91591C9BFD11488560DD0E86&position=91","£3.00","Trade in for Voucher","£2.00","Trade in for Cash"
"https://uk.webuy.com/product-detail?id=711719584711&categoryName=PLAYSTATION5-GAMES&superCatName=GAMING&title=&queryID=04F6819A91591C9BFD11488560DD0E86&position=92","https://uk.static.webuy.com/product_images/Gaming/Playstation5%20Software/711719584711_l.jpg","","LEGO Horizon Adventures","£15.00","https://uk.webuy.com/sell/product-detail?id=711719584711&categoryName=PLAYSTATION5-GAMES&superCatName=GAMING&title=&queryID=04F6819A91591C9BFD11488560DD0E86&position=92","£5.00","Trade in for Voucher","£3.00","Trade in for Cash"
"https://uk.webuy.com/product-detail?id=5051892250320&categoryName=PLAYSTATION5-GAMES&superCatName=GAMING&title=&queryID=04F6819A91591C9BFD11488560DD0E86&position=93","https://uk.static.webuy.com/resize_images/Gaming/Playstation5%20Software/5051892250320_l.jpg","","Harry Potter: Quidditch Champions (No DLC)","£5.00","https://uk.webuy.com/sell/product-detail?id=5051892250320&categoryName=PLAYSTATION5-GAMES&superCatName=GAMING&title=&queryID=04F6819A91591C9BFD11488560DD0E86&position=93","£3.00","Trade in for Voucher","£2.00","Trade in for Cash"
"https://uk.webuy.com/product-detail?id=5055377603847&categoryName=PLAYSTATION5-GAMES&superCatName=GAMING&title=&queryID=04F6819A91591C9BFD11488560DD0E86&position=94","https://uk.static.webuy.com/resize_images/Gaming/Playstation5%20Software/5055377603847_l.jpg","","Classic Racers Elite","£10.00","https://uk.webuy.com/sell/product-detail?id=5055377603847&categoryName=PLAYSTATION5-GAMES&superCatName=GAMING&title=&queryID=04F6819A91591C9BFD11488560DD0E86&position=94","£6.00","Trade in for Voucher","£4.00","Trade in for Cash"
"https://uk.webuy.com/product-detail?id=3307216270133&categoryName=PLAYSTATION5-GAMES&superCatName=GAMING&title=&queryID=04F6819A91591C9BFD11488560DD0E86&position=95","https://uk.static.webuy.com/product_images/Gaming/Playstation5%20Software/3307216270133_l.jpg","4.8","Crew, The: Motorfest (No DLC)","£22.00","https://uk.webuy.com/sell/product-detail?id=3307216270133&categoryName=PLAYSTATION5-GAMES&superCatName=GAMING&title=&queryID=04F6819A91591C9BFD11488560DD0E86&position=95","£14.00","Trade in for Voucher","£10.00","Trade in for Cash"
"https://uk.webuy.com/product-detail?id=5030941125321&categoryName=PLAYSTATION5-GAMES&superCatName=GAMING&title=&queryID=04F6819A91591C9BFD11488560DD0E86&position=96","https://uk.static.webuy.com/resize_images/Gaming/Playstation5%20Software/5030941125321_l.jpg","4.9","EA Sports FC 26","£35.00","https://uk.webuy.com/sell/product-detail?id=5030941125321&categoryName=PLAYSTATION5-GAMES&superCatName=GAMING&title=&queryID=04F6819A91591C9BFD11488560DD0E86&position=96","£13.00","Trade in for Voucher","£8.00","Trade in for Cash"
"https://uk.webuy.com/product-detail?id=5055060905722&categoryName=PLAYSTATION5-GAMES&superCatName=GAMING&title=&queryID=04F6819A91591C9BFD11488560DD0E86&position=97","https://uk.static.webuy.com/resize_images/Gaming/Playstation5%20Software/5055060905722_l.jpg","","Resident Evil 2 Remake","£25.00","https://uk.webuy.com/sell/product-detail?id=5055060905722&categoryName=PLAYSTATION5-GAMES&superCatName=GAMING&title=&queryID=04F6819A91591C9BFD11488560DD0E86&position=97","£16.00","Trade in for Voucher","£11.00","Trade in for Cash"
"https://uk.webuy.com/product-detail?id=5026555431347&categoryName=PLAYSTATION5-GAMES&superCatName=GAMING&title=&queryID=04F6819A91591C9BFD11488560DD0E86&position=98","https://uk.static.webuy.com/resize_images/Gaming/Playstation5%20Software/5026555431347_l.jpg","4.4","Marvel's Midnight Suns (No DLC)","£15.00","https://uk.webuy.com/sell/product-detail?id=5026555431347&categoryName=PLAYSTATION5-GAMES&superCatName=GAMING&title=&queryID=04F6819A91591C9BFD11488560DD0E86&position=98","£9.00","Trade in for Voucher","£6.00","Trade in for Cash"
"https://uk.webuy.com/product-detail?id=4020628578459&categoryName=PLAYSTATION5-GAMES&superCatName=GAMING&title=&queryID=04F6819A91591C9BFD11488560DD0E86&position=99","https://uk.static.webuy.com/product_images/Gaming/Playstation5%20Software/4020628578459_l.jpg","","Kingdom Come Deliverance II (No DLC)","£35.00","https://uk.webuy.com/sell/product-detail?id=4020628578459&categoryName=PLAYSTATION5-GAMES&superCatName=GAMING&title=&queryID=04F6819A91591C9BFD11488560DD0E86&position=99","£22.00","Trade in for Voucher","£16.00","Trade in for Cash"
"https://uk.webuy.com/product-detail?id=5056635615664&categoryName=PLAYSTATION5-GAMES&superCatName=GAMING&title=&queryID=04F6819A91591C9BFD11488560DD0E86&position=100","https://uk.static.webuy.com/resize_images/Gaming/Playstation5%20Software/5056635615664_l.jpg","4.6","Ready or Not (No DLC)","£48.00","https://uk.webuy.com/sell/product-detail?id=5056635615664&categoryName=PLAYSTATION5-GAMES&superCatName=GAMING&title=&queryID=04F6819A91591C9BFD11488560DD0E86&position=100","£31.00","Trade in for Voucher","£22.00","Trade in for Cash"
"https://uk.webuy.com/product-detail?id=5055060993477&categoryName=PLAYSTATION5-GAMES&superCatName=GAMING&title=&queryID=04F6819A91591C9BFD11488560DD0E86&position=101","https://uk.static.webuy.com/resize_images/Gaming/Playstation5%20Software/5055060993477_l.jpg","4.8","Resident Evil Requiem (No DLC)","£60.00","https://uk.webuy.com/sell/product-detail?id=5055060993477&categoryName=PLAYSTATION5-GAMES&superCatName=GAMING&title=&queryID=04F6819A91591C9BFD11488560DD0E86&position=101","£41.00","Trade in for Voucher","£34.00","Trade in for Cash"
"https://uk.webuy.com/product-detail?id=5055060908778&categoryName=PLAYSTATION5-GAMES&superCatName=GAMING&title=&queryID=04F6819A91591C9BFD11488560DD0E86&position=102","https://uk.static.webuy.com/product_images/Gaming/Playstation5%20Software/5055060908778_l.jpg","","Pragmata","£42.00","https://uk.webuy.com/sell/product-detail?id=5055060908778&categoryName=PLAYSTATION5-GAMES&superCatName=GAMING&title=&queryID=04F6819A91591C9BFD11488560DD0E86&position=102","£31.00","Trade in for Voucher","£26.00","Trade in for Cash"
"https://uk.webuy.com/product-detail?id=5055060953259&categoryName=PLAYSTATION5-GAMES&superCatName=GAMING&title=&queryID=01D69A1EB15D87AFECAF6F526DA71C60&position=103","https://uk.static.webuy.com/product_images/Gaming/Playstation5%20Software/5055060953259_l.jpg","4.7","Resident Evil 4 Remake","£28.00","https://uk.webuy.com/sell/product-detail?id=5055060953259&categoryName=PLAYSTATION5-GAMES&superCatName=GAMING&title=&queryID=01D69A1EB15D87AFECAF6F526DA71C60&position=103","£18.00","Trade in for Voucher","£12.00","Trade in for Cash"
"https://uk.webuy.com/product-detail?id=5030917297021&categoryName=PLAYSTATION5-GAMES&superCatName=GAMING&title=&queryID=01D69A1EB15D87AFECAF6F526DA71C60&position=104","https://uk.static.webuy.com/resize_images/Gaming/Playstation5%20Software/5030917297021_l.jpg","4.7","Call of Duty: Modern Warfare 2 (2022)","£10.00","https://uk.webuy.com/sell/product-detail?id=5030917297021&categoryName=PLAYSTATION5-GAMES&superCatName=GAMING&title=&queryID=01D69A1EB15D87AFECAF6F526DA71C60&position=104","£6.00","Trade in for Voucher","£4.00","Trade in for Cash"
"https://uk.webuy.com/product-detail?id=711719027423&categoryName=PLAYSTATION5-GAMES&superCatName=GAMING&title=&queryID=01D69A1EB15D87AFECAF6F526DA71C60&position=105","https://uk.static.webuy.com/product_images/Gaming/Playstation5%20Software/711719027423_l.jpg","","Saros","£62.00","https://uk.webuy.com/sell/product-detail?id=711719027423&categoryName=PLAYSTATION5-GAMES&superCatName=GAMING&title=&queryID=01D69A1EB15D87AFECAF6F526DA71C60&position=105","£45.00","Trade in for Voucher","£39.00","Trade in for Cash"
"https://uk.webuy.com/product-detail?id=711719591122&categoryName=PLAYSTATION5-GAMES&superCatName=GAMING&title=&queryID=01D69A1EB15D87AFECAF6F526DA71C60&position=106","https://uk.static.webuy.com/product_images/Gaming/Playstation5%20Software/711719591122_l.jpg","","Astro Bot","£40.00","https://uk.webuy.com/sell/product-detail?id=711719591122&categoryName=PLAYSTATION5-GAMES&superCatName=GAMING&title=&queryID=01D69A1EB15D87AFECAF6F526DA71C60&position=106","£26.00","Trade in for Voucher","£18.00","Trade in for Cash"
"https://uk.webuy.com/product-detail?id=3307216246626&categoryName=PLAYSTATION5-GAMES&superCatName=GAMING&title=&queryID=01D69A1EB15D87AFECAF6F526DA71C60&position=107","https://uk.static.webuy.com/resize_images/Gaming/Playstation5%20Software/3307216246626_l.jpg","3.9","Avatar: Frontiers of Pandora (No DLC)","£22.00","https://uk.webuy.com/sell/product-detail?id=3307216246626&categoryName=PLAYSTATION5-GAMES&superCatName=GAMING&title=&queryID=01D69A1EB15D87AFECAF6F526DA71C60&position=107","£14.00","Trade in for Voucher","£10.00","Trade in for Cash"
"https://uk.webuy.com/product-detail?id=0711719714095&categoryName=PLAYSTATION5-GAMES&superCatName=GAMING&title=&queryID=01D69A1EB15D87AFECAF6F526DA71C60&position=108","https://uk.static.webuy.com/resize_images/Gaming/Playstation5%20Software/0711719714095_l.jpg","4.8","Ghost of Tsushima: Director's Cut","£35.00","https://uk.webuy.com/sell/product-detail?id=0711719714095&categoryName=PLAYSTATION5-GAMES&superCatName=GAMING&title=&queryID=01D69A1EB15D87AFECAF6F526DA71C60&position=108","£22.00","Trade in for Voucher","£16.00","Trade in for Cash"
"https://uk.webuy.com/product-detail?id=5030936124285&categoryName=PLAYSTATION5-GAMES&superCatName=GAMING&title=&queryID=01D69A1EB15D87AFECAF6F526DA71C60&position=109","https://uk.static.webuy.com/resize_images/Gaming/Playstation5%20Software/5030936124285_l.jpg","4.6","FIFA 23","£4.00","https://uk.webuy.com/sell/product-detail?id=5030936124285&categoryName=PLAYSTATION5-GAMES&superCatName=GAMING&title=&queryID=01D69A1EB15D87AFECAF6F526DA71C60&position=109","£1.50","Trade in for Voucher","£1.00","Trade in for Cash"
"https://uk.webuy.com/product-detail?id=5030917292453&categoryName=PLAYSTATION5-GAMES&superCatName=GAMING&title=&queryID=01D69A1EB15D87AFECAF6F526DA71C60&position=110","https://uk.static.webuy.com/resize_images/Gaming/Playstation5%20Software/5030917292453_l.jpg","4.6","Call of Duty: Black Ops Cold War (No DLC)","£18.00","https://uk.webuy.com/sell/product-detail?id=5030917292453&categoryName=PLAYSTATION5-GAMES&superCatName=GAMING&title=&queryID=01D69A1EB15D87AFECAF6F526DA71C60&position=110","£11.00","Trade in for Voucher","£8.00","Trade in for Cash"
"https://uk.webuy.com/product-detail?id=196388613724&categoryName=PLAYSTATION5-GAMES&superCatName=GAMING&title=&queryID=01D69A1EB15D87AFECAF6F526DA71C60&position=111","https://uk.static.webuy.com/product_images/Gaming/Playstation5%20Software/196388613724_l.jpg","3","Starfield (No DLC)","£40.00","https://uk.webuy.com/sell/product-detail?id=196388613724&categoryName=PLAYSTATION5-GAMES&superCatName=GAMING&title=&queryID=01D69A1EB15D87AFECAF6F526DA71C60&position=111","£27.00","Trade in for Voucher","£22.00","Trade in for Cash"
"https://uk.webuy.com/product-detail?id=711719600367&categoryName=PLAYSTATION5-GAMES&superCatName=GAMING&title=&queryID=01D69A1EB15D87AFECAF6F526DA71C60&position=112","https://uk.static.webuy.com/product_images/Gaming/Playstation5%20Software/711719600367_l.jpg","4.7","Death Stranding 2: On the Beach","£40.00","https://uk.webuy.com/sell/product-detail?id=711719600367&categoryName=PLAYSTATION5-GAMES&superCatName=GAMING&title=&queryID=01D69A1EB15D87AFECAF6F526DA71C60&position=112","£26.00","Trade in for Voucher","£18.00","Trade in for Cash"
"https://uk.webuy.com/product-detail?id=5055060905852&categoryName=PLAYSTATION5-GAMES&superCatName=GAMING&title=&queryID=01D69A1EB15D87AFECAF6F526DA71C60&position=113","https://uk.static.webuy.com/resize_images/Gaming/Playstation5%20Software/5055060905852_l.jpg","","Resident Evil 3","£25.00","https://uk.webuy.com/sell/product-detail?id=5055060905852&categoryName=PLAYSTATION5-GAMES&superCatName=GAMING&title=&queryID=01D69A1EB15D87AFECAF6F526DA71C60&position=113","£16.00","Trade in for Voucher","£11.00","Trade in for Cash"
"https://uk.webuy.com/product-detail?id=3512899968011&categoryName=PLAYSTATION5-GAMES&superCatName=GAMING&title=&queryID=01D69A1EB15D87AFECAF6F526DA71C60&position=114","https://uk.static.webuy.com/resize_images/Gaming/Playstation5%20Software/3512899968011_l.jpg","","Warhammer 40k: Space Marine II (No DLC)","£22.00","https://uk.webuy.com/sell/product-detail?id=3512899968011&categoryName=PLAYSTATION5-GAMES&superCatName=GAMING&title=&queryID=01D69A1EB15D87AFECAF6F526DA71C60&position=114","£14.00","Trade in for Voucher","£10.00","Trade in for Cash"
"https://uk.webuy.com/product-detail?id=5026555439541&categoryName=PLAYSTATION5-GAMES&superCatName=GAMING&title=&queryID=01D69A1EB15D87AFECAF6F526DA71C60&position=115","https://uk.static.webuy.com/resize_images/Gaming/Playstation5%20Software/5026555439541_l.jpg","4.5","WWE 2K26 (No DLC)","£50.00","https://uk.webuy.com/sell/product-detail?id=5026555439541&categoryName=PLAYSTATION5-GAMES&superCatName=GAMING&title=&queryID=01D69A1EB15D87AFECAF6F526DA71C60&position=115","£34.00","Trade in for Voucher","£28.00","Trade in for Cash"
"https://uk.webuy.com/product-detail?id=5056635611772&categoryName=PLAYSTATION5-GAMES&superCatName=GAMING&title=&queryID=01D69A1EB15D87AFECAF6F526DA71C60&position=116","https://uk.static.webuy.com/resize_images/Gaming/Playstation5%20Software/5056635611772_l.jpg","","Black Myth: Wukong","£48.00","https://uk.webuy.com/sell/product-detail?id=5056635611772&categoryName=PLAYSTATION5-GAMES&superCatName=GAMING&title=&queryID=01D69A1EB15D87AFECAF6F526DA71C60&position=116","£31.00","Trade in for Voucher","£22.00","Trade in for Cash"
"https://uk.webuy.com/product-detail?id=5056208825377&categoryName=PLAYSTATION5-GAMES&superCatName=GAMING&title=&queryID=01D69A1EB15D87AFECAF6F526DA71C60&position=117","https://uk.static.webuy.com/resize_images/Gaming/Playstation5%20Software/5056208825377_l.jpg","","Atomfall","£30.00","https://uk.webuy.com/sell/product-detail?id=5056208825377&categoryName=PLAYSTATION5-GAMES&superCatName=GAMING&title=&queryID=01D69A1EB15D87AFECAF6F526DA71C60&position=117","£19.00","Trade in for Voucher","£13.00","Trade in for Cash"
"https://uk.webuy.com/product-detail?id=5051892243315&categoryName=PLAYSTATION5-GAMES&superCatName=GAMING&title=&queryID=01D69A1EB15D87AFECAF6F526DA71C60&position=118","https://uk.static.webuy.com/resize_images/Gaming/Playstation5%20Software/5051892243315_l.jpg","4.2","Mortal Kombat 1 (No DLC)","£20.00","https://uk.webuy.com/sell/product-detail?id=5051892243315&categoryName=PLAYSTATION5-GAMES&superCatName=GAMING&title=&queryID=01D69A1EB15D87AFECAF6F526DA71C60&position=118","£13.00","Trade in for Voucher","£9.00","Trade in for Cash"
"https://uk.webuy.com/product-detail?id=711719583097&categoryName=PLAYSTATION5-GAMES&superCatName=GAMING&title=&queryID=01D69A1EB15D87AFECAF6F526DA71C60&position=119","https://uk.static.webuy.com/product_images/Gaming/Playstation5%20Software/711719583097_l.jpg","4.5","Rise of the Ronin","£22.00","https://uk.webuy.com/sell/product-detail?id=711719583097&categoryName=PLAYSTATION5-GAMES&superCatName=GAMING&title=&queryID=01D69A1EB15D87AFECAF6F526DA71C60&position=119","£14.00","Trade in for Voucher","£10.00","Trade in for Cash"
"https://uk.webuy.com/product-detail?id=5030945123859&categoryName=PLAYSTATION5-GAMES&superCatName=GAMING&title=&queryID=D8B9D0B6A08C57787A885F3DE9DF3AF8&position=120","https://uk.static.webuy.com/resize_images/Gaming/Playstation5%20Software/5030945123859_l.jpg","4.3","FIFA 22","£4.00","https://uk.webuy.com/sell/product-detail?id=5030945123859&categoryName=PLAYSTATION5-GAMES&superCatName=GAMING&title=&queryID=D8B9D0B6A08C57787A885F3DE9DF3AF8&position=120","£1.20","Trade in for Voucher","£0.60","Trade in for Cash"
"https://uk.webuy.com/product-detail?id=5030931125263&categoryName=PLAYSTATION5-GAMES&superCatName=GAMING&title=&queryID=D8B9D0B6A08C57787A885F3DE9DF3AF8&position=121","https://uk.static.webuy.com/resize_images/Gaming/Playstation5%20Software/5030931125263_l.jpg","4.8","UFC 5","£22.00","https://uk.webuy.com/sell/product-detail?id=5030931125263&categoryName=PLAYSTATION5-GAMES&superCatName=GAMING&title=&queryID=D8B9D0B6A08C57787A885F3DE9DF3AF8&position=121","£14.00","Trade in for Voucher","£10.00","Trade in for Cash"
"https://uk.webuy.com/product-detail?id=3391892028065&categoryName=PLAYSTATION5-GAMES&superCatName=GAMING&title=&queryID=D8B9D0B6A08C57787A885F3DE9DF3AF8&position=122","https://uk.static.webuy.com/resize_images/Gaming/Playstation5%20Software/3391892028065_l.jpg","4.8","Cyberpunk 2077 (Base Game Only)","£28.00","https://uk.webuy.com/sell/product-detail?id=3391892028065&categoryName=PLAYSTATION5-GAMES&superCatName=GAMING&title=&queryID=D8B9D0B6A08C57787A885F3DE9DF3AF8&position=122","£18.00","Trade in for Voucher","£12.00","Trade in for Cash"
"https://uk.webuy.com/product-detail?id=5030949125385&categoryName=PLAYSTATION5-GAMES&superCatName=GAMING&title=&queryID=D8B9D0B6A08C57787A885F3DE9DF3AF8&position=123","https://uk.static.webuy.com/resize_images/Gaming/Playstation5%20Software/5030949125385_l.jpg","","Split Fiction (No DLC)","£35.00","https://uk.webuy.com/sell/product-detail?id=5030949125385&categoryName=PLAYSTATION5-GAMES&superCatName=GAMING&title=&queryID=D8B9D0B6A08C57787A885F3DE9DF3AF8&position=123","£22.00","Trade in for Voucher","£16.00","Trade in for Cash"
"https://uk.webuy.com/product-detail?id=9120080076458&categoryName=PLAYSTATION5-GAMES&superCatName=GAMING&title=&queryID=D8B9D0B6A08C57787A885F3DE9DF3AF8&position=124","https://uk.static.webuy.com/resize_images/Gaming/Playstation5%20Software/9120080076458_l.jpg","4.9","Wreckfest","£10.00","https://uk.webuy.com/sell/product-detail?id=9120080076458&categoryName=PLAYSTATION5-GAMES&superCatName=GAMING&title=&queryID=D8B9D0B6A08C57787A885F3DE9DF3AF8&position=124","£6.00","Trade in for Voucher","£4.00","Trade in for Cash"
"https://uk.webuy.com/product-detail?id=4020628681913&categoryName=PLAYSTATION5-GAMES&superCatName=GAMING&title=&queryID=D8B9D0B6A08C57787A885F3DE9DF3AF8&position=125","https://uk.static.webuy.com/resize_images/Gaming/Playstation5%20Software/4020628681913_l.jpg","4.5","Dead Island 2 (No DLC)","£10.00","https://uk.webuy.com/sell/product-detail?id=4020628681913&categoryName=PLAYSTATION5-GAMES&superCatName=GAMING&title=&queryID=D8B9D0B6A08C57787A885F3DE9DF3AF8&position=125","£6.00","Trade in for Voucher","£4.00","Trade in for Cash"
"https://uk.webuy.com/product-detail?id=196388560639&categoryName=PLAYSTATION5-GAMES&superCatName=GAMING&title=&queryID=D8B9D0B6A08C57787A885F3DE9DF3AF8&position=126","https://uk.static.webuy.com/product_images/Gaming/Playstation5%20Software/196388560639_l.jpg","4.5","Indiana Jones & The Great Circle (No DLC)","£70.00","https://uk.webuy.com/sell/product-detail?id=196388560639&categoryName=PLAYSTATION5-GAMES&superCatName=GAMING&title=&queryID=D8B9D0B6A08C57787A885F3DE9DF3AF8&position=126","£48.00","Trade in for Voucher","£39.00","Trade in for Cash"
"https://uk.webuy.com/product-detail?id=711719809821&categoryName=PLAYSTATION5-GAMES&superCatName=GAMING&title=&queryID=D8B9D0B6A08C57787A885F3DE9DF3AF8&position=127","https://uk.static.webuy.com/product_images/Gaming/Playstation5%20Software/711719809821_l.jpg","4.8","Demon's Souls","£20.00","https://uk.webuy.com/sell/product-detail?id=711719809821&categoryName=PLAYSTATION5-GAMES&superCatName=GAMING&title=&queryID=D8B9D0B6A08C57787A885F3DE9DF3AF8&position=127","£13.00","Trade in for Voucher","£9.00","Trade in for Cash"
"https://uk.webuy.com/product-detail?id=3665962020533&categoryName=PLAYSTATION5-GAMES&superCatName=GAMING&title=&queryID=D8B9D0B6A08C57787A885F3DE9DF3AF8&position=128","https://uk.static.webuy.com/resize_images/Gaming/Playstation5%20Software/3665962020533_l.jpg","4.4","Robocop: Rogue City","£12.00","https://uk.webuy.com/sell/product-detail?id=3665962020533&categoryName=PLAYSTATION5-GAMES&superCatName=GAMING&title=&queryID=D8B9D0B6A08C57787A885F3DE9DF3AF8&position=128","£7.00","Trade in for Voucher","£5.00","Trade in for Cash"
"https://uk.webuy.com/product-detail?id=5021290098503&categoryName=PLAYSTATION5-GAMES&superCatName=GAMING&title=&queryID=D8B9D0B6A08C57787A885F3DE9DF3AF8&position=129","https://uk.static.webuy.com/product_images/Gaming/Playstation5%20Software/5021290098503_l.jpg","4.8","Final Fantasy VII Rebirth (2 Disc)","£32.00","https://uk.webuy.com/sell/product-detail?id=5021290098503&categoryName=PLAYSTATION5-GAMES&superCatName=GAMING&title=&queryID=D8B9D0B6A08C57787A885F3DE9DF3AF8&position=129","£20.00","Trade in for Voucher","£14.00","Trade in for Cash"
"https://uk.webuy.com/product-detail?id=5035224123858&categoryName=PLAYSTATION5-GAMES&superCatName=GAMING&title=&queryID=D8B9D0B6A08C57787A885F3DE9DF3AF8&position=130","https://uk.static.webuy.com/resize_images/Gaming/Playstation5%20Software/5035224123858_l.jpg","3.7","Battlefield 2042","£6.00","https://uk.webuy.com/sell/product-detail?id=5035224123858&categoryName=PLAYSTATION5-GAMES&superCatName=GAMING&title=&queryID=D8B9D0B6A08C57787A885F3DE9DF3AF8&position=130","£3.00","Trade in for Voucher","£2.00","Trade in for Cash"
"https://uk.webuy.com/product-detail?id=0196388605637&categoryName=PLAYSTATION5-GAMES&superCatName=GAMING&title=&queryID=D8B9D0B6A08C57787A885F3DE9DF3AF8&position=131","https://uk.static.webuy.com/resize_images/Gaming/Playstation5%20Software/0196388605637_l.jpg","4.8","Gears of War: Reloaded","£30.00","https://uk.webuy.com/sell/product-detail?id=0196388605637&categoryName=PLAYSTATION5-GAMES&superCatName=GAMING&title=&queryID=D8B9D0B6A08C57787A885F3DE9DF3AF8&position=131","£19.00","Trade in for Voucher","£13.00","Trade in for Cash"
"https://uk.webuy.com/product-detail?id=5902385109932&categoryName=PLAYSTATION5-GAMES&superCatName=GAMING&title=&queryID=D8B9D0B6A08C57787A885F3DE9DF3AF8&position=132","https://uk.static.webuy.com/resize_images/Gaming/Playstation5%20Software/5902385109932_l.jpg","4.3","Dying Light 2: Stay Human (No DLC)","£15.00","https://uk.webuy.com/sell/product-detail?id=5902385109932&categoryName=PLAYSTATION5-GAMES&superCatName=GAMING&title=&queryID=D8B9D0B6A08C57787A885F3DE9DF3AF8&position=132","£9.00","Trade in for Voucher","£6.00","Trade in for Cash"
"https://uk.webuy.com/product-detail?id=5051892230360&categoryName=PLAYSTATION5-GAMES&superCatName=GAMING&title=&queryID=D8B9D0B6A08C57787A885F3DE9DF3AF8&position=133","https://uk.static.webuy.com/resize_images/Gaming/Playstation5%20Software/5051892230360_l.jpg","4.4","Mortal Kombat 11 (No Ultimate DLC)","£12.00","https://uk.webuy.com/sell/product-detail?id=5051892230360&categoryName=PLAYSTATION5-GAMES&superCatName=GAMING&title=&queryID=D8B9D0B6A08C57787A885F3DE9DF3AF8&position=133","£7.00","Trade in for Voucher","£5.00","Trade in for Cash"
"https://uk.webuy.com/product-detail?id=711719583370&categoryName=PLAYSTATION5-GAMES&superCatName=GAMING&title=&queryID=D8B9D0B6A08C57787A885F3DE9DF3AF8&position=134","https://uk.static.webuy.com/product_images/Gaming/Playstation5%20Software/711719583370_l.jpg","","Stellar Blade (No DLC)","£35.00","https://uk.webuy.com/sell/product-detail?id=711719583370&categoryName=PLAYSTATION5-GAMES&superCatName=GAMING&title=&queryID=D8B9D0B6A08C57787A885F3DE9DF3AF8&position=134","£22.00","Trade in for Voucher","£16.00","Trade in for Cash"
"https://uk.webuy.com/product-detail?id=5055277054572&categoryName=PLAYSTATION5-GAMES&superCatName=GAMING&title=&queryID=D8B9D0B6A08C57787A885F3DE9DF3AF8&position=135","https://uk.static.webuy.com/resize_images/Gaming/Playstation5%20Software/5055277054572_l.jpg","","Sonic x Shadow Generations","£20.00","https://uk.webuy.com/sell/product-detail?id=5055277054572&categoryName=PLAYSTATION5-GAMES&superCatName=GAMING&title=&queryID=D8B9D0B6A08C57787A885F3DE9DF3AF8&position=135","£13.00","Trade in for Voucher","£9.00","Trade in for Cash"
"https://uk.webuy.com/product-detail?id=9120131602766&categoryName=PLAYSTATION5-GAMES&superCatName=GAMING&title=&queryID=D8B9D0B6A08C57787A885F3DE9DF3AF8&position=136","https://uk.static.webuy.com/resize_images/Gaming/Playstation5%20Software/9120131602766_l.jpg","4.5","Reanimal (No DLC)","£32.00","https://uk.webuy.com/sell/product-detail?id=9120131602766&categoryName=PLAYSTATION5-GAMES&superCatName=GAMING&title=&queryID=D8B9D0B6A08C57787A885F3DE9DF3AF8&position=136","£22.00","Trade in for Voucher","£18.00","Trade in for Cash"
"https://uk.webuy.com/product-detail?id=5055060954065&categoryName=PLAYSTATION5-GAMES&superCatName=GAMING&title=&queryID=6D5D9E0AB3B68F594A7ED482685D9948&position=137","https://uk.static.webuy.com/resize_images/Gaming/Playstation5%20Software/5055060954065_l.jpg","4.2","Dragon's Dogma 2","£20.00","https://uk.webuy.com/sell/product-detail?id=5055060954065&categoryName=PLAYSTATION5-GAMES&superCatName=GAMING&title=&queryID=6D5D9E0AB3B68F594A7ED482685D9948&position=137","£13.00","Trade in for Voucher","£9.00","Trade in for Cash"
"https://uk.webuy.com/product-detail?id=3391892028973&categoryName=PLAYSTATION5-GAMES&superCatName=GAMING&title=&queryID=6D5D9E0AB3B68F594A7ED482685D9948&position=138","https://uk.static.webuy.com/resize_images/Gaming/Playstation5%20Software/3391892028973_l.jpg","4.9","Tekken 8 (No DLC)","£30.00","https://uk.webuy.com/sell/product-detail?id=3391892028973&categoryName=PLAYSTATION5-GAMES&superCatName=GAMING&title=&queryID=6D5D9E0AB3B68F594A7ED482685D9948&position=138","£19.00","Trade in for Voucher","£13.00","Trade in for Cash"
"https://uk.webuy.com/product-detail?id=4020628673635&categoryName=PLAYSTATION5-GAMES&superCatName=GAMING&title=&queryID=6D5D9E0AB3B68F594A7ED482685D9948&position=139","https://uk.static.webuy.com/resize_images/Gaming/Playstation5%20Software/4020628673635_l.jpg","4.3","Stalker 2: Heart of Chornobyl","£45.00","https://uk.webuy.com/sell/product-detail?id=4020628673635&categoryName=PLAYSTATION5-GAMES&superCatName=GAMING&title=&queryID=6D5D9E0AB3B68F594A7ED482685D9948&position=139","£29.00","Trade in for Voucher","£20.00","Trade in for Cash"
"https://uk.webuy.com/product-detail?id=5055277048281&categoryName=PLAYSTATION5-GAMES&superCatName=GAMING&title=&queryID=6D5D9E0AB3B68F594A7ED482685D9948&position=140","https://uk.static.webuy.com/resize_images/Gaming/Playstation5%20Software/5055277048281_l.jpg","4.3","Sonic Frontiers","£15.00","https://uk.webuy.com/sell/product-detail?id=5055277048281&categoryName=PLAYSTATION5-GAMES&superCatName=GAMING&title=&queryID=6D5D9E0AB3B68F594A7ED482685D9948&position=140","£9.00","Trade in for Voucher","£6.00","Trade in for Cash"
"https://uk.webuy.com/product-detail?id=5030937125380&categoryName=PLAYSTATION5-GAMES&superCatName=GAMING&title=&queryID=6D5D9E0AB3B68F594A7ED482685D9948&position=141","https://uk.static.webuy.com/resize_images/Gaming/Playstation5%20Software/5030937125380_l.jpg","","F1 25","£35.00","https://uk.webuy.com/sell/product-detail?id=5030937125380&categoryName=PLAYSTATION5-GAMES&superCatName=GAMING&title=&queryID=6D5D9E0AB3B68F594A7ED482685D9948&position=141","£13.00","Trade in for Voucher","£8.00","Trade in for Cash"
"https://uk.webuy.com/product-detail?id=3391892039139&categoryName=PLAYSTATION5-GAMES&superCatName=GAMING&title=&queryID=6D5D9E0AB3B68F594A7ED482685D9948&position=142","https://uk.static.webuy.com/resize_images/Gaming/Playstation5%20Software/3391892039139_l.jpg","4.8","Cronos: The New Dawn","£40.00","https://uk.webuy.com/sell/product-detail?id=3391892039139&categoryName=PLAYSTATION5-GAMES&superCatName=GAMING&title=&queryID=6D5D9E0AB3B68F594A7ED482685D9948&position=142","£26.00","Trade in for Voucher","£18.00","Trade in for Cash"
"https://uk.webuy.com/product-detail?id=5056635609335&categoryName=PLAYSTATION5-GAMES&superCatName=GAMING&title=&queryID=6D5D9E0AB3B68F594A7ED482685D9948&position=143","https://uk.static.webuy.com/product_images/Gaming/Playstation5%20Software/5056635609335_l.jpg","","Alan Wake II: Deluxe Edition (No DLC)","£30.00","https://uk.webuy.com/sell/product-detail?id=5056635609335&categoryName=PLAYSTATION5-GAMES&superCatName=GAMING&title=&queryID=6D5D9E0AB3B68F594A7ED482685D9948&position=143","£19.00","Trade in for Voucher","£13.00","Trade in for Cash"
"https://uk.webuy.com/product-detail?id=5055856428534&categoryName=PLAYSTATION5-GAMES&superCatName=GAMING&title=&queryID=6D5D9E0AB3B68F594A7ED482685D9948&position=144","https://uk.static.webuy.com/resize_images/Gaming/Playstation5%20Software/5055856428534_l.jpg","4.3","Deathloop","£8.00","https://uk.webuy.com/sell/product-detail?id=5055856428534&categoryName=PLAYSTATION5-GAMES&superCatName=GAMING&title=&queryID=6D5D9E0AB3B68F594A7ED482685D9948&position=144","£5.00","Trade in for Voucher","£3.00","Trade in for Cash"
"https://uk.webuy.com/product-detail?id=711719823926&categoryName=PLAYSTATION5-GAMES&superCatName=GAMING&title=&queryID=6D5D9E0AB3B68F594A7ED482685D9948&position=145","https://uk.static.webuy.com/product_images/Gaming/Playstation5%20Software/711719823926_l.jpg","4.8","Sackboy: A Big Adventure","£28.00","https://uk.webuy.com/sell/product-detail?id=711719823926&categoryName=PLAYSTATION5-GAMES&superCatName=GAMING&title=&queryID=6D5D9E0AB3B68F594A7ED482685D9948&position=145","£18.00","Trade in for Voucher","£12.00","Trade in for Cash"
"https://uk.webuy.com/product-detail?id=5055060953402&categoryName=PLAYSTATION5-GAMES&superCatName=GAMING&title=&queryID=6D5D9E0AB3B68F594A7ED482685D9948&position=146","https://uk.static.webuy.com/resize_images/Gaming/Playstation5%20Software/5055060953402_l.jpg","4.1","Street Fighter 6","£25.00","https://uk.webuy.com/sell/product-detail?id=5055060953402&categoryName=PLAYSTATION5-GAMES&superCatName=GAMING&title=&queryID=6D5D9E0AB3B68F594A7ED482685D9948&position=146","£16.00","Trade in for Voucher","£11.00","Trade in for Cash"
"https://uk.webuy.com/product-detail?id=5060327537981&categoryName=PLAYSTATION5-GAMES&superCatName=GAMING&title=&queryID=6D5D9E0AB3B68F594A7ED482685D9948&position=147","https://uk.static.webuy.com/resize_images/Gaming/Playstation5%20Software/5060327537981_l.jpg","4.8","Nioh 3","£42.00","https://uk.webuy.com/sell/product-detail?id=5060327537981&categoryName=PLAYSTATION5-GAMES&superCatName=GAMING&title=&queryID=6D5D9E0AB3B68F594A7ED482685D9948&position=147","£28.00","Trade in for Voucher","£23.00","Trade in for Cash"
"https://uk.webuy.com/product-detail?id=3307216191674&categoryName=PLAYSTATION5-GAMES&superCatName=GAMING&title=&queryID=6D5D9E0AB3B68F594A7ED482685D9948&position=148","https://uk.static.webuy.com/product_images/Gaming/Playstation5%20Software/3307216191674_l.jpg","4.8","Riders Republic (No DLC)","£10.00","https://uk.webuy.com/sell/product-detail?id=3307216191674&categoryName=PLAYSTATION5-GAMES&superCatName=GAMING&title=&queryID=6D5D9E0AB3B68F594A7ED482685D9948&position=148","£6.00","Trade in for Voucher","£4.00","Trade in for Cash"
"https://uk.webuy.com/product-detail?id=0811949037749&categoryName=PLAYSTATION5-GAMES&superCatName=GAMING&title=&queryID=6D5D9E0AB3B68F594A7ED482685D9948&position=149","https://uk.static.webuy.com/resize_images/Gaming/Playstation5%20Software/0811949037749_l.jpg","","Funko Fusion","£8.00","https://uk.webuy.com/sell/product-detail?id=0811949037749&categoryName=PLAYSTATION5-GAMES&superCatName=GAMING&title=&queryID=6D5D9E0AB3B68F594A7ED482685D9948&position=149","£5.00","Trade in for Voucher","£3.00","Trade in for Cash"
"https://uk.webuy.com/product-detail?id=3391892037395&categoryName=PLAYSTATION5-GAMES&superCatName=GAMING&title=&queryID=6D5D9E0AB3B68F594A7ED482685D9948&position=150","https://uk.static.webuy.com/resize_images/Gaming/Playstation5%20Software/3391892037395_l.jpg","","Directive 8020","£35.00","https://uk.webuy.com/sell/product-detail?id=3391892037395&categoryName=PLAYSTATION5-GAMES&superCatName=GAMING&title=&queryID=6D5D9E0AB3B68F594A7ED482685D9948&position=150","£22.00","Trade in for Voucher","£16.00","Trade in for Cash"
"https://uk.webuy.com/product-detail?id=3391892027365&categoryName=PLAYSTATION5-GAMES&superCatName=GAMING&title=&queryID=6D5D9E0AB3B68F594A7ED482685D9948&position=151","https://uk.static.webuy.com/resize_images/Gaming/Playstation5%20Software/3391892027365_l.jpg","4.8","Armored Core VI: Fires of Rubicon","£22.00","https://uk.webuy.com/sell/product-detail?id=3391892027365&categoryName=PLAYSTATION5-GAMES&superCatName=GAMING&title=&queryID=6D5D9E0AB3B68F594A7ED482685D9948&position=151","£14.00","Trade in for Voucher","£10.00","Trade in for Cash"
"https://uk.webuy.com/product-detail?id=3665962030174&categoryName=PLAYSTATION5-GAMES&superCatName=GAMING&title=&queryID=6D5D9E0AB3B68F594A7ED482685D9948&position=152","https://uk.static.webuy.com/resize_images/Gaming/Playstation5%20Software/3665962030174_l.jpg","3","Hell is Us","£25.00","https://uk.webuy.com/sell/product-detail?id=3665962030174&categoryName=PLAYSTATION5-GAMES&superCatName=GAMING&title=&queryID=6D5D9E0AB3B68F594A7ED482685D9948&position=152","£16.00","Trade in for Voucher","£11.00","Trade in for Cash"
"https://uk.webuy.com/product-detail?id=5035225125271&categoryName=PLAYSTATION5-GAMES&superCatName=GAMING&title=&queryID=6D5D9E0AB3B68F594A7ED482685D9948&position=153","https://uk.static.webuy.com/resize_images/Gaming/Playstation5%20Software/5035225125271_l.jpg","","F1 24","£15.00","https://uk.webuy.com/sell/product-detail?id=5035225125271&categoryName=PLAYSTATION5-GAMES&superCatName=GAMING&title=&queryID=6D5D9E0AB3B68F594A7ED482685D9948&position=153","£9.00","Trade in for Voucher","£6.00","Trade in for Cash"
"https://uk.webuy.com/product-detail?id=5026555438438&categoryName=PLAYSTATION5-GAMES&superCatName=GAMING&title=&queryID=A692BA8C4765BEB13DA456BC31CCA941&position=154","https://uk.static.webuy.com/resize_images/Gaming/Playstation5%20Software/5026555438438_l.jpg","","PGA Tour 2K25","£18.00","https://uk.webuy.com/sell/product-detail?id=5026555438438&categoryName=PLAYSTATION5-GAMES&superCatName=GAMING&title=&queryID=A692BA8C4765BEB13DA456BC31CCA941&position=154","£11.00","Trade in for Voucher","£8.00","Trade in for Cash"
"https://uk.webuy.com/product-detail?id=3391892034578&categoryName=PLAYSTATION5-GAMES&superCatName=GAMING&title=&queryID=A692BA8C4765BEB13DA456BC31CCA941&position=155","https://uk.static.webuy.com/resize_images/Gaming/Playstation5%20Software/3391892034578_l.jpg","","Elden Ring: Nightreign (No DLC)","£20.00","https://uk.webuy.com/sell/product-detail?id=3391892034578&categoryName=PLAYSTATION5-GAMES&superCatName=GAMING&title=&queryID=A692BA8C4765BEB13DA456BC31CCA941&position=155","£13.00","Trade in for Voucher","£9.00","Trade in for Cash"
"https://uk.webuy.com/product-detail?id=5026555433891&categoryName=PLAYSTATION5-GAMES&superCatName=GAMING&title=&queryID=A692BA8C4765BEB13DA456BC31CCA941&position=156","https://uk.static.webuy.com/resize_images/Gaming/Playstation5%20Software/5026555433891_l.jpg","4.7","WWE 2K23","£10.00","https://uk.webuy.com/sell/product-detail?id=5026555433891&categoryName=PLAYSTATION5-GAMES&superCatName=GAMING&title=&queryID=A692BA8C4765BEB13DA456BC31CCA941&position=156","£6.00","Trade in for Voucher","£4.00","Trade in for Cash"
"https://uk.webuy.com/product-detail?id=5056635611659&categoryName=PLAYSTATION5-GAMES&superCatName=GAMING&title=&queryID=A692BA8C4765BEB13DA456BC31CCA941&position=157","https://uk.static.webuy.com/product_images/Gaming/Playstation5%20Software/5056635611659_l.jpg","","Minecraft (No DLC)","£30.00","https://uk.webuy.com/sell/product-detail?id=5056635611659&categoryName=PLAYSTATION5-GAMES&superCatName=GAMING&title=&queryID=A692BA8C4765BEB13DA456BC31CCA941&position=157","£19.00","Trade in for Voucher","£13.00","Trade in for Cash"
"https://uk.webuy.com/product-detail?id=5026555439275&categoryName=PLAYSTATION5-GAMES&superCatName=GAMING&title=&queryID=A692BA8C4765BEB13DA456BC31CCA941&position=158","https://uk.static.webuy.com/resize_images/Gaming/Playstation5%20Software/5026555439275_l.jpg","5","NBA 2K26","£30.00","https://uk.webuy.com/sell/product-detail?id=5026555439275&categoryName=PLAYSTATION5-GAMES&superCatName=GAMING&title=&queryID=A692BA8C4765BEB13DA456BC31CCA941&position=158","£19.00","Trade in for Voucher","£13.00","Trade in for Cash"
"https://uk.webuy.com/product-detail?id=3391892031782&categoryName=PLAYSTATION5-GAMES&superCatName=GAMING&title=&queryID=A692BA8C4765BEB13DA456BC31CCA941&position=159","https://uk.static.webuy.com/resize_images/Gaming/Playstation5%20Software/3391892031782_l.jpg","","Dragon Ball: Sparking! Zero","£32.00","https://uk.webuy.com/sell/product-detail?id=3391892031782&categoryName=PLAYSTATION5-GAMES&superCatName=GAMING&title=&queryID=A692BA8C4765BEB13DA456BC31CCA941&position=159","£20.00","Trade in for Voucher","£14.00","Trade in for Cash"
"https://uk.webuy.com/product-detail?id=8023171047485&categoryName=PLAYSTATION5-GAMES&superCatName=GAMING&title=&queryID=A692BA8C4765BEB13DA456BC31CCA941&position=160","https://uk.static.webuy.com/resize_images/Gaming/Playstation5%20Software/8023171047485_l.jpg","5","Wuchang: Fallen Feathers","£25.00","https://uk.webuy.com/sell/product-detail?id=8023171047485&categoryName=PLAYSTATION5-GAMES&superCatName=GAMING&title=&queryID=A692BA8C4765BEB13DA456BC31CCA941&position=160","£16.00","Trade in for Voucher","£11.00","Trade in for Cash"
"https://uk.webuy.com/product-detail?id=3391892036107&categoryName=PLAYSTATION5-GAMES&superCatName=GAMING&title=&queryID=A692BA8C4765BEB13DA456BC31CCA941&position=161","https://uk.static.webuy.com/resize_images/Gaming/Playstation5%20Software/3391892036107_l.jpg","5","Little Nightmares III (3)","£25.00","https://uk.webuy.com/sell/product-detail?id=3391892036107&categoryName=PLAYSTATION5-GAMES&superCatName=GAMING&title=&queryID=A692BA8C4765BEB13DA456BC31CCA941&position=161","£16.00","Trade in for Voucher","£11.00","Trade in for Cash"
"https://uk.webuy.com/product-detail?id=5026555432160&categoryName=PLAYSTATION5-GAMES&superCatName=GAMING&title=&queryID=A692BA8C4765BEB13DA456BC31CCA941&position=162","https://uk.static.webuy.com/resize_images/Gaming/Playstation5%20Software/5026555432160_l.jpg","4.7","WWE 2K22 (No DLC)","£6.00","https://uk.webuy.com/sell/product-detail?id=5026555432160&categoryName=PLAYSTATION5-GAMES&superCatName=GAMING&title=&queryID=A692BA8C4765BEB13DA456BC31CCA941&position=162","£2.00","Trade in for Voucher","£1.50","Trade in for Cash"
"https://uk.webuy.com/product-detail?id=0196388598717&categoryName=PLAYSTATION5-GAMES&superCatName=GAMING&title=&queryID=A692BA8C4765BEB13DA456BC31CCA941&position=163","https://uk.static.webuy.com/product_images/Gaming/Playstation5%20Software/0196388598717_l.jpg","4.7","Outer Worlds 2, The (No DLC)","£40.00","https://uk.webuy.com/sell/product-detail?id=0196388598717&categoryName=PLAYSTATION5-GAMES&superCatName=GAMING&title=&queryID=A692BA8C4765BEB13DA456BC31CCA941&position=163","£26.00","Trade in for Voucher","£18.00","Trade in for Cash"
"https://uk.webuy.com/product-detail?id=5056208813817&categoryName=PLAYSTATION5-GAMES&superCatName=GAMING&title=&queryID=A692BA8C4765BEB13DA456BC31CCA941&position=164","https://uk.static.webuy.com/resize_images/Gaming/Playstation5%20Software/5056208813817_l.jpg","4.3","Sniper Elite 5","£22.00","https://uk.webuy.com/sell/product-detail?id=5056208813817&categoryName=PLAYSTATION5-GAMES&superCatName=GAMING&title=&queryID=A692BA8C4765BEB13DA456BC31CCA941&position=164","£14.00","Trade in for Voucher","£10.00","Trade in for Cash"
"https://uk.webuy.com/product-detail?id=5035223124948&categoryName=PLAYSTATION5-GAMES&superCatName=GAMING&title=&queryID=A692BA8C4765BEB13DA456BC31CCA941&position=165","https://uk.static.webuy.com/resize_images/Gaming/Playstation5%20Software/5035223124948_l.jpg","4.5","F1 22","£10.00","https://uk.webuy.com/sell/product-detail?id=5035223124948&categoryName=PLAYSTATION5-GAMES&superCatName=GAMING&title=&queryID=A692BA8C4765BEB13DA456BC31CCA941&position=165","£6.00","Trade in for Voucher","£4.00","Trade in for Cash"
"https://uk.webuy.com/product-detail?id=3665962030457&categoryName=PLAYSTATION5-GAMES&superCatName=GAMING&title=&queryID=A692BA8C4765BEB13DA456BC31CCA941&position=166","https://uk.static.webuy.com/resize_images/Gaming/Playstation5%20Software/3665962030457_l.jpg","5","RoboCop: Rogue City - Unfinished Business","£18.00","https://uk.webuy.com/sell/product-detail?id=3665962030457&categoryName=PLAYSTATION5-GAMES&superCatName=GAMING&title=&queryID=A692BA8C4765BEB13DA456BC31CCA941&position=166","£11.00","Trade in for Voucher","£8.00","Trade in for Cash"
"https://uk.webuy.com/product-detail?id=5056635610805&categoryName=PLAYSTATION5-GAMES&superCatName=GAMING&title=&queryID=A692BA8C4765BEB13DA456BC31CCA941&position=167","https://uk.static.webuy.com/resize_images/Gaming/Playstation5%20Software/5056635610805_l.jpg","","Quiet Place, A: The Road Ahead","£15.00","https://uk.webuy.com/sell/product-detail?id=5056635610805&categoryName=PLAYSTATION5-GAMES&superCatName=GAMING&title=&queryID=A692BA8C4765BEB13DA456BC31CCA941&position=167","£9.00","Trade in for Voucher","£6.00","Trade in for Cash"
"https://uk.webuy.com/product-detail?id=5056208825704&categoryName=PLAYSTATION5-GAMES&superCatName=GAMING&title=&queryID=A692BA8C4765BEB13DA456BC31CCA941&position=168","https://uk.static.webuy.com/product_images/Gaming/Playstation5%20Software/5056208825704_l.jpg","","First Berserker, The: Khazan","£25.00","https://uk.webuy.com/sell/product-detail?id=5056208825704&categoryName=PLAYSTATION5-GAMES&superCatName=GAMING&title=&queryID=A692BA8C4765BEB13DA456BC31CCA941&position=168","£16.00","Trade in for Voucher","£11.00","Trade in for Cash"
"https://uk.webuy.com/product-detail?id=5056208821508&categoryName=PLAYSTATION5-GAMES&superCatName=GAMING&title=&queryID=A692BA8C4765BEB13DA456BC31CCA941&position=169","https://uk.static.webuy.com/resize_images/Gaming/Playstation5%20Software/5056208821508_l.jpg","4.7","Lies of P (No DLC)","£20.00","https://uk.webuy.com/sell/product-detail?id=5056208821508&categoryName=PLAYSTATION5-GAMES&superCatName=GAMING&title=&queryID=A692BA8C4765BEB13DA456BC31CCA941&position=169","£13.00","Trade in for Voucher","£9.00","Trade in for Cash"
"https://uk.webuy.com/product-detail?id=5026555433358&categoryName=PLAYSTATION5-GAMES&superCatName=GAMING&title=&queryID=A692BA8C4765BEB13DA456BC31CCA941&position=170","https://uk.static.webuy.com/resize_images/Gaming/Playstation5%20Software/5026555433358_l.jpg","5","PGA Tour 2K23","£6.00","https://uk.webuy.com/sell/product-detail?id=5026555433358&categoryName=PLAYSTATION5-GAMES&superCatName=GAMING&title=&queryID=A692BA8C4765BEB13DA456BC31CCA941&position=170","£3.00","Trade in for Voucher","£2.00","Trade in for Cash"
"https://uk.webuy.com/product-detail?id=5016488138840&categoryName=PLAYSTATION5-GAMES&superCatName=GAMING&title=&queryID=C8785961A6A99B8A9313E3BCD1EFAA64&position=171","https://uk.static.webuy.com/resize_images/Gaming/Playstation5%20Software/5016488138840_l.jpg","4.2","Five Nights at Freddy's: Security Breach","£22.00","https://uk.webuy.com/sell/product-detail?id=5016488138840&categoryName=PLAYSTATION5-GAMES&superCatName=GAMING&title=&queryID=C8785961A6A99B8A9313E3BCD1EFAA64&position=171","£14.00","Trade in for Voucher","£10.00","Trade in for Cash"
"https://uk.webuy.com/product-detail?id=5016488138758&categoryName=PLAYSTATION5-GAMES&superCatName=GAMING&title=&queryID=C8785961A6A99B8A9313E3BCD1EFAA64&position=172","https://uk.static.webuy.com/resize_images/Gaming/Playstation5%20Software/5016488138758_l.jpg","4.2","Kena: Bridge of Spirits","£22.00","https://uk.webuy.com/sell/product-detail?id=5016488138758&categoryName=PLAYSTATION5-GAMES&superCatName=GAMING&title=&queryID=C8785961A6A99B8A9313E3BCD1EFAA64&position=172","£14.00","Trade in for Voucher","£10.00","Trade in for Cash"
"https://uk.webuy.com/product-detail?id=196388587117&categoryName=PLAYSTATION5-GAMES&superCatName=GAMING&title=&queryID=C8785961A6A99B8A9313E3BCD1EFAA64&position=173","https://uk.static.webuy.com/product_images/Gaming/Playstation5%20Software/196388587117_l.jpg","4.5","Tony Hawk's Pro Skater 3+4","£25.00","https://uk.webuy.com/sell/product-detail?id=196388587117&categoryName=PLAYSTATION5-GAMES&superCatName=GAMING&title=&queryID=C8785961A6A99B8A9313E3BCD1EFAA64&position=173","£16.00","Trade in for Voucher","£11.00","Trade in for Cash"
"https://uk.webuy.com/product-detail?id=0711719592402&categoryName=PLAYSTATION5-GAMES&superCatName=GAMING&title=&queryID=C8785961A6A99B8A9313E3BCD1EFAA64&position=174","https://uk.static.webuy.com/resize_images/Gaming/Playstation5%20Software/0711719592402_l.jpg","","Horizon Zero Dawn Remastered","£30.00","https://uk.webuy.com/sell/product-detail?id=0711719592402&categoryName=PLAYSTATION5-GAMES&superCatName=GAMING&title=&queryID=C8785961A6A99B8A9313E3BCD1EFAA64&position=174","£19.00","Trade in for Voucher","£13.00","Trade in for Cash"
"https://uk.webuy.com/product-detail?id=5030935124828&categoryName=PLAYSTATION5-GAMES&superCatName=GAMING&title=&queryID=C8785961A6A99B8A9313E3BCD1EFAA64&position=175","https://uk.static.webuy.com/resize_images/Gaming/Playstation5%20Software/5030935124828_l.jpg","4.7","F1 2021","£10.00","https://uk.webuy.com/sell/product-detail?id=5030935124828&categoryName=PLAYSTATION5-GAMES&superCatName=GAMING&title=&queryID=C8785961A6A99B8A9313E3BCD1EFAA64&position=175","£6.00","Trade in for Voucher","£4.00","Trade in for Cash"
"https://uk.webuy.com/product-detail?id=5055277051717&categoryName=PLAYSTATION5-GAMES&superCatName=GAMING&title=&queryID=C8785961A6A99B8A9313E3BCD1EFAA64&position=176","https://uk.static.webuy.com/resize_images/Gaming/Playstation5%20Software/5055277051717_l.jpg","4.5","Sonic Superstars","£22.00","https://uk.webuy.com/sell/product-detail?id=5055277051717&categoryName=PLAYSTATION5-GAMES&superCatName=GAMING&title=&queryID=C8785961A6A99B8A9313E3BCD1EFAA64&position=176","£14.00","Trade in for Voucher","£10.00","Trade in for Cash"
"https://uk.webuy.com/product-detail?id=5021290089686&categoryName=PLAYSTATION5-GAMES&superCatName=GAMING&title=&queryID=C8785961A6A99B8A9313E3BCD1EFAA64&position=177","https://uk.static.webuy.com/resize_images/Gaming/Playstation5%20Software/5021290089686_l.jpg","4.3","Hitman III (No DLC)","£25.00","https://uk.webuy.com/sell/product-detail?id=5021290089686&categoryName=PLAYSTATION5-GAMES&superCatName=GAMING&title=&queryID=C8785961A6A99B8A9313E3BCD1EFAA64&position=177","£16.00","Trade in for Voucher","£11.00","Trade in for Cash"
"https://uk.webuy.com/product-detail?id=5051892232968&categoryName=PLAYSTATION5-GAMES&superCatName=GAMING&title=&queryID=C8785961A6A99B8A9313E3BCD1EFAA64&position=178","https://uk.static.webuy.com/product_images/Gaming/Playstation5%20Software/5051892232968_l.jpg","4.2","Back 4 Blood (No DLC)","£5.00","https://uk.webuy.com/sell/product-detail?id=5051892232968&categoryName=PLAYSTATION5-GAMES&superCatName=GAMING&title=&queryID=C8785961A6A99B8A9313E3BCD1EFAA64&position=178","£1.90","Trade in for Voucher","£1.20","Trade in for Cash"
"https://uk.webuy.com/product-detail?id=3307216188667&categoryName=PLAYSTATION5-GAMES&superCatName=GAMING&title=&queryID=C8785961A6A99B8A9313E3BCD1EFAA64&position=179","https://uk.static.webuy.com/resize_images/Gaming/Playstation5%20Software/3307216188667_l.jpg","4.2","Immortals: Fenyx Rising (No DLC)","£5.00","https://uk.webuy.com/sell/product-detail?id=3307216188667&categoryName=PLAYSTATION5-GAMES&superCatName=GAMING&title=&queryID=C8785961A6A99B8A9313E3BCD1EFAA64&position=179","£1.90","Trade in for Voucher","£1.20","Trade in for Cash"
"https://uk.webuy.com/product-detail?id=5056635607546&categoryName=PLAYSTATION5-GAMES&superCatName=GAMING&title=&queryID=C8785961A6A99B8A9313E3BCD1EFAA64&position=180","https://uk.static.webuy.com/resize_images/Gaming/Playstation5%20Software/5056635607546_l.jpg","","Still Wakes The Deep","£18.00","https://uk.webuy.com/sell/product-detail?id=5056635607546&categoryName=PLAYSTATION5-GAMES&superCatName=GAMING&title=&queryID=C8785961A6A99B8A9313E3BCD1EFAA64&position=180","£11.00","Trade in for Voucher","£8.00","Trade in for Cash"
"https://uk.webuy.com/product-detail?id=4020628696740&categoryName=PLAYSTATION5-GAMES&superCatName=GAMING&title=&queryID=C8785961A6A99B8A9313E3BCD1EFAA64&position=181","https://uk.static.webuy.com/resize_images/Gaming/Playstation5%20Software/4020628696740_l.jpg","3.3","Metro Exodus (Base Game Only)","£20.00","https://uk.webuy.com/sell/product-detail?id=4020628696740&categoryName=PLAYSTATION5-GAMES&superCatName=GAMING&title=&queryID=C8785961A6A99B8A9313E3BCD1EFAA64&position=181","£13.00","Trade in for Voucher","£9.00","Trade in for Cash"
"https://uk.webuy.com/product-detail?id=810161631919&categoryName=PLAYSTATION5-GAMES&superCatName=GAMING&title=&queryID=C8785961A6A99B8A9313E3BCD1EFAA64&position=182","https://uk.static.webuy.com/product_images/Gaming/Playstation5%20Software/810161631919_l.jpg","","Invincible VS","£45.00","https://uk.webuy.com/sell/product-detail?id=810161631919&categoryName=PLAYSTATION5-GAMES&superCatName=GAMING&title=&queryID=C8785961A6A99B8A9313E3BCD1EFAA64&position=182","£31.00","Trade in for Voucher","£25.00","Trade in for Cash"
"https://uk.webuy.com/product-detail?id=4020628556648&categoryName=PLAYSTATION5-GAMES&superCatName=GAMING&title=&queryID=C8785961A6A99B8A9313E3BCD1EFAA64&position=183","https://uk.static.webuy.com/resize_images/Gaming/Playstation5%20Software/4020628556648_l.jpg","5","Vampire: The Masquerade - Bloodlines 2","£30.00","https://uk.webuy.com/sell/product-detail?id=4020628556648&categoryName=PLAYSTATION5-GAMES&superCatName=GAMING&title=&queryID=C8785961A6A99B8A9313E3BCD1EFAA64&position=183","£19.00","Trade in for Voucher","£13.00","Trade in for Cash"
"https://uk.webuy.com/product-detail?id=5060760884772&categoryName=PLAYSTATION5-GAMES&superCatName=GAMING&title=&queryID=C8785961A6A99B8A9313E3BCD1EFAA64&position=184","https://uk.static.webuy.com/resize_images/Gaming/Playstation5%20Software/5060760884772_l.jpg","4.2","Alan Wake Remastered","£22.00","https://uk.webuy.com/sell/product-detail?id=5060760884772&categoryName=PLAYSTATION5-GAMES&superCatName=GAMING&title=&queryID=C8785961A6A99B8A9313E3BCD1EFAA64&position=184","£14.00","Trade in for Voucher","£10.00","Trade in for Cash"
"https://uk.webuy.com/product-detail?id=3307216250050&categoryName=PLAYSTATION5-GAMES&superCatName=GAMING&title=&queryID=C8785961A6A99B8A9313E3BCD1EFAA64&position=185","https://uk.static.webuy.com/resize_images/Gaming/Playstation5%20Software/3307216250050_l.jpg","4.8","Skull and Bones (No DLC)","£6.00","https://uk.webuy.com/sell/product-detail?id=3307216250050&categoryName=PLAYSTATION5-GAMES&superCatName=GAMING&title=&queryID=C8785961A6A99B8A9313E3BCD1EFAA64&position=185","£3.00","Trade in for Voucher","£2.00","Trade in for Cash"
"https://uk.webuy.com/product-detail?id=3512899969469&categoryName=PLAYSTATION5-GAMES&superCatName=GAMING&title=&queryID=C8785961A6A99B8A9313E3BCD1EFAA64&position=186","https://uk.static.webuy.com/resize_images/Gaming/Playstation5%20Software/3512899969469_l.jpg","5","John Carpenter’s Toxic Commando","£25.00","https://uk.webuy.com/sell/product-detail?id=3512899969469&categoryName=PLAYSTATION5-GAMES&superCatName=GAMING&title=&queryID=C8785961A6A99B8A9313E3BCD1EFAA64&position=186","£16.00","Trade in for Voucher","£11.00","Trade in for Cash"
"https://uk.webuy.com/product-detail?id=0196388600076&categoryName=PLAYSTATION5-GAMES&superCatName=GAMING&title=&queryID=C8785961A6A99B8A9313E3BCD1EFAA64&position=187","https://uk.static.webuy.com/resize_images/Gaming/Playstation5%20Software/0196388600076_l.jpg","4.7","Ninja Gaiden 4 (No DLC)","£40.00","https://uk.webuy.com/sell/product-detail?id=0196388600076&categoryName=PLAYSTATION5-GAMES&superCatName=GAMING&title=&queryID=C8785961A6A99B8A9313E3BCD1EFAA64&position=187","£26.00","Trade in for Voucher","£18.00","Trade in for Cash"
"https://uk.webuy.com/product-detail?id=5030946125166&categoryName=PLAYSTATION5-GAMES&superCatName=GAMING&title=&queryID=B2E08CEACA3F0F0A483905CE959D7306&position=188","https://uk.static.webuy.com/resize_images/Gaming/Playstation5%20Software/5030946125166_l.jpg","4.6","F1 23","£12.00","https://uk.webuy.com/sell/product-detail?id=5030946125166&categoryName=PLAYSTATION5-GAMES&superCatName=GAMING&title=&queryID=B2E08CEACA3F0F0A483905CE959D7306&position=188","£7.00","Trade in for Voucher","£5.00","Trade in for Cash"
"https://uk.webuy.com/product-detail?id=4012927150214&categoryName=PLAYSTATION5-GAMES&superCatName=GAMING&title=&queryID=B2E08CEACA3F0F0A483905CE959D7306&position=189","https://uk.static.webuy.com/resize_images/Gaming/Playstation5%20Software/4012927150214_l.jpg","4.9","Metal Gear Solid: Master Collection Vol 1","£40.00","https://uk.webuy.com/sell/product-detail?id=4012927150214&categoryName=PLAYSTATION5-GAMES&superCatName=GAMING&title=&queryID=B2E08CEACA3F0F0A483905CE959D7306&position=189","£26.00","Trade in for Voucher","£18.00","Trade in for Cash"
"https://uk.webuy.com/product-detail?id=9120080077356&categoryName=PLAYSTATION5-GAMES&superCatName=GAMING&title=&queryID=B2E08CEACA3F0F0A483905CE959D7306&position=190","https://uk.static.webuy.com/resize_images/Gaming/Playstation5%20Software/9120080077356_l.jpg","4.6","Destroy All Humans! 2 Reprobed","£18.00","https://uk.webuy.com/sell/product-detail?id=9120080077356&categoryName=PLAYSTATION5-GAMES&superCatName=GAMING&title=&queryID=B2E08CEACA3F0F0A483905CE959D7306&position=190","£11.00","Trade in for Voucher","£8.00","Trade in for Cash"
"https://uk.webuy.com/product-detail?id=5060760881603&categoryName=PLAYSTATION5-GAMES&superCatName=GAMING&title=&queryID=B2E08CEACA3F0F0A483905CE959D7306&position=191","https://uk.static.webuy.com/resize_images/Gaming/Playstation5%20Software/5060760881603_l.jpg","4.2","Godfall (No DLC)","£5.00","https://uk.webuy.com/sell/product-detail?id=5060760881603&categoryName=PLAYSTATION5-GAMES&superCatName=GAMING&title=&queryID=B2E08CEACA3F0F0A483905CE959D7306&position=191","£3.00","Trade in for Voucher","£2.00","Trade in for Cash"
"https://uk.webuy.com/product-detail?id=5056635609496&categoryName=PLAYSTATION5-GAMES&superCatName=GAMING&title=&queryID=B2E08CEACA3F0F0A483905CE959D7306&position=192","https://uk.static.webuy.com/resize_images/Gaming/Playstation5%20Software/5056635609496_l.jpg","","Tomb Raider I-III Remastered","£22.00","https://uk.webuy.com/sell/product-detail?id=5056635609496&categoryName=PLAYSTATION5-GAMES&superCatName=GAMING&title=&queryID=B2E08CEACA3F0F0A483905CE959D7306&position=192","£14.00","Trade in for Voucher","£10.00","Trade in for Cash"
"https://uk.webuy.com/product-detail?id=711719722496&categoryName=PLAYSTATION5-GAMES&superCatName=GAMING&title=&queryID=B2E08CEACA3F0F0A483905CE959D7306&position=193","https://uk.static.webuy.com/product_images/Gaming/Playstation5%20Software/711719722496_l.jpg","4.2","Death Stranding: Director's Cut","£25.00","https://uk.webuy.com/sell/product-detail?id=711719722496&categoryName=PLAYSTATION5-GAMES&superCatName=GAMING&title=&queryID=B2E08CEACA3F0F0A483905CE959D7306&position=193","£16.00","Trade in for Voucher","£11.00","Trade in for Cash"
"https://uk.webuy.com/product-detail?id=5055277056590&categoryName=PLAYSTATION5-GAMES&superCatName=GAMING&title=&queryID=B2E08CEACA3F0F0A483905CE959D7306&position=194","https://uk.static.webuy.com/product_images/Gaming/Playstation5%20Software/5055277056590_l.jpg","4","Football Manager 26","£32.00","https://uk.webuy.com/sell/product-detail?id=5055277056590&categoryName=PLAYSTATION5-GAMES&superCatName=GAMING&title=&queryID=B2E08CEACA3F0F0A483905CE959D7306&position=194","£20.00","Trade in for Voucher","£14.00","Trade in for Cash"
"https://uk.webuy.com/product-detail?id=5030949125163&categoryName=PLAYSTATION5-GAMES&superCatName=GAMING&title=&queryID=B2E08CEACA3F0F0A483905CE959D7306&position=195","https://uk.static.webuy.com/product_images/Gaming/Playstation5%20Software/5030949125163_l.jpg","4.8","EA Sports WRC","£20.00","https://uk.webuy.com/sell/product-detail?id=5030949125163&categoryName=PLAYSTATION5-GAMES&superCatName=GAMING&title=&queryID=B2E08CEACA3F0F0A483905CE959D7306&position=195","£13.00","Trade in for Voucher","£9.00","Trade in for Cash"
"https://uk.webuy.com/product-detail?id=5030941123808&categoryName=PLAYSTATION5-GAMES&superCatName=GAMING&title=&queryID=B2E08CEACA3F0F0A483905CE959D7306&position=196","https://uk.static.webuy.com/resize_images/Gaming/Playstation5%20Software/5030941123808_l.jpg","4.9","PGA Tour: Road To The Masters","£15.00","https://uk.webuy.com/sell/product-detail?id=5030941123808&categoryName=PLAYSTATION5-GAMES&superCatName=GAMING&title=&queryID=B2E08CEACA3F0F0A483905CE959D7306&position=196","£9.00","Trade in for Voucher","£6.00","Trade in for Cash"
"https://uk.webuy.com/product-detail?id=5026555435482&categoryName=PLAYSTATION5-GAMES&superCatName=GAMING&title=&queryID=B2E08CEACA3F0F0A483905CE959D7306&position=197","https://uk.static.webuy.com/product_images/Gaming/Playstation5%20Software/5026555435482_l.jpg","4.2","Lego 2K Drive (No DLC)","£10.00","https://uk.webuy.com/sell/product-detail?id=5026555435482&categoryName=PLAYSTATION5-GAMES&superCatName=GAMING&title=&queryID=B2E08CEACA3F0F0A483905CE959D7306&position=197","£6.00","Trade in for Voucher","£4.00","Trade in for Cash"
"https://uk.webuy.com/product-detail?id=5021290090804&categoryName=PLAYSTATION5-GAMES&superCatName=GAMING&title=&queryID=B2E08CEACA3F0F0A483905CE959D7306&position=198","https://uk.static.webuy.com/resize_images/Gaming/Playstation5%20Software/5021290090804_l.jpg","4.7","Final Fantasy VII Remake Intergrade (No DLC)","£20.00","https://uk.webuy.com/sell/product-detail?id=5021290090804&categoryName=PLAYSTATION5-GAMES&superCatName=GAMING&title=&queryID=B2E08CEACA3F0F0A483905CE959D7306&position=198","£13.00","Trade in for Voucher","£9.00","Trade in for Cash"
"https://uk.webuy.com/product-detail?id=5021290102460&categoryName=PLAYSTATION5-GAMES&superCatName=GAMING&title=&queryID=B2E08CEACA3F0F0A483905CE959D7306&position=199","https://uk.static.webuy.com/resize_images/Gaming/Playstation5%20Software/5021290102460_l.jpg","","Life is Strange Reunion","£38.00","https://uk.webuy.com/sell/product-detail?id=5021290102460&categoryName=PLAYSTATION5-GAMES&superCatName=GAMING&title=&queryID=B2E08CEACA3F0F0A483905CE959D7306&position=199","£26.00","Trade in for Voucher","£21.00","Trade in for Cash"
"https://uk.webuy.com/product-detail?id=5055277052516&categoryName=PLAYSTATION5-GAMES&superCatName=GAMING&title=&queryID=B2E08CEACA3F0F0A483905CE959D7306&position=200","https://uk.static.webuy.com/resize_images/Gaming/Playstation5%20Software/5055277052516_l.jpg","4.8","Persona 3 Reload","£28.00","https://uk.webuy.com/sell/product-detail?id=5055277052516&categoryName=PLAYSTATION5-GAMES&superCatName=GAMING&title=&queryID=B2E08CEACA3F0F0A483905CE959D7306&position=200","£18.00","Trade in for Voucher","£12.00","Trade in for Cash"
"https://uk.webuy.com/product-detail?id=5060968300128&categoryName=PLAYSTATION5-GAMES&superCatName=GAMING&title=&queryID=B2E08CEACA3F0F0A483905CE959D7306&position=201","https://uk.static.webuy.com/resize_images/Gaming/Playstation5%20Software/5060968300128_l.jpg","","Nickelodeon Kart Racers 3: Slime Speedway","£12.00","https://uk.webuy.com/sell/product-detail?id=5060968300128&categoryName=PLAYSTATION5-GAMES&superCatName=GAMING&title=&queryID=B2E08CEACA3F0F0A483905CE959D7306&position=201","£7.00","Trade in for Voucher","£5.00","Trade in for Cash"
"https://uk.webuy.com/product-detail?id=5055060955154&categoryName=PLAYSTATION5-GAMES&superCatName=GAMING&title=&queryID=B2E08CEACA3F0F0A483905CE959D7306&position=202","https://uk.static.webuy.com/resize_images/Gaming/Playstation5%20Software/5055060955154_l.jpg","","Dead Rising Deluxe Remaster","£28.00","https://uk.webuy.com/sell/product-detail?id=5055060955154&categoryName=PLAYSTATION5-GAMES&superCatName=GAMING&title=&queryID=B2E08CEACA3F0F0A483905CE959D7306&position=202","£18.00","Trade in for Voucher","£12.00","Trade in for Cash"
"https://uk.webuy.com/product-detail?id=5026555437974&categoryName=PLAYSTATION5-GAMES&superCatName=GAMING&title=&queryID=B2E08CEACA3F0F0A483905CE959D7306&position=203","https://uk.static.webuy.com/resize_images/Gaming/Playstation5%20Software/5026555437974_l.jpg","","NBA 2K25","£15.00","https://uk.webuy.com/sell/product-detail?id=5026555437974&categoryName=PLAYSTATION5-GAMES&superCatName=GAMING&title=&queryID=B2E08CEACA3F0F0A483905CE959D7306&position=203","£5.00","Trade in for Voucher","£3.00","Trade in for Cash"
"https://uk.webuy.com/product-detail?id=4020628601621&categoryName=PLAYSTATION5-GAMES&superCatName=GAMING&title=&queryID=B2E08CEACA3F0F0A483905CE959D7306&position=204","https://uk.static.webuy.com/resize_images/Gaming/Playstation5%20Software/4020628601621_l.jpg","4","Payday 3 (No DLC)","£8.00","https://uk.webuy.com/sell/product-detail?id=4020628601621&categoryName=PLAYSTATION5-GAMES&superCatName=GAMING&title=&queryID=B2E08CEACA3F0F0A483905CE959D7306&position=204","£5.00","Trade in for Voucher","£3.00","Trade in for Cash"
"https://uk.webuy.com/product-detail?id=9120131601028&categoryName=PLAYSTATION5-GAMES&superCatName=GAMING&title=&queryID=3817C6B149C649B7B6A879041AE78D53&position=205","https://uk.static.webuy.com/resize_images/Gaming/Playstation5%20Software/9120131601028_l.jpg","","South Park: Snow Day","£10.00","https://uk.webuy.com/sell/product-detail?id=9120131601028&categoryName=PLAYSTATION5-GAMES&superCatName=GAMING&title=&queryID=3817C6B149C649B7B6A879041AE78D53&position=205","£6.00","Trade in for Voucher","£4.00","Trade in for Cash"
"https://uk.webuy.com/product-detail?id=711719587422&categoryName=PLAYSTATION5-GAMES&superCatName=GAMING&title=&queryID=3817C6B149C649B7B6A879041AE78D53&position=206","https://uk.static.webuy.com/product_images/Gaming/Playstation5%20Software/711719587422_l.jpg","","Until Dawn","£25.00","https://uk.webuy.com/sell/product-detail?id=711719587422&categoryName=PLAYSTATION5-GAMES&superCatName=GAMING&title=&queryID=3817C6B149C649B7B6A879041AE78D53&position=206","£16.00","Trade in for Voucher","£11.00","Trade in for Cash"
"https://uk.webuy.com/product-detail?id=5016488142052&categoryName=PLAYSTATION5-GAMES&superCatName=GAMING&title=&queryID=3817C6B149C649B7B6A879041AE78D53&position=207","https://uk.static.webuy.com/resize_images/Gaming/Playstation5%20Software/5016488142052_l.jpg","","Poppy Playtime Triple Pack","£32.00","https://uk.webuy.com/sell/product-detail?id=5016488142052&categoryName=PLAYSTATION5-GAMES&superCatName=GAMING&title=&queryID=3817C6B149C649B7B6A879041AE78D53&position=207","£20.00","Trade in for Voucher","£14.00","Trade in for Cash"
"https://uk.webuy.com/product-detail?id=4064635500515&categoryName=PLAYSTATION5-GAMES&superCatName=GAMING&title=&queryID=3817C6B149C649B7B6A879041AE78D53&position=208","https://uk.static.webuy.com/resize_images/Gaming/Playstation5%20Software/4064635500515_l.jpg","5","Farming Simulator 25 (No DLC)","£35.00","https://uk.webuy.com/sell/product-detail?id=4064635500515&categoryName=PLAYSTATION5-GAMES&superCatName=GAMING&title=&queryID=3817C6B149C649B7B6A879041AE78D53&position=208","£22.00","Trade in for Voucher","£16.00","Trade in for Cash"
"https://uk.webuy.com/product-detail?id=5055277052356&categoryName=PLAYSTATION5-GAMES&superCatName=GAMING&title=&queryID=3817C6B149C649B7B6A879041AE78D53&position=209","https://uk.static.webuy.com/resize_images/Gaming/Playstation5%20Software/5055277052356_l.jpg","4.9","Like a Dragon: Infinite Wealth","£15.00","https://uk.webuy.com/sell/product-detail?id=5055277052356&categoryName=PLAYSTATION5-GAMES&superCatName=GAMING&title=&queryID=3817C6B149C649B7B6A879041AE78D53&position=209","£9.00","Trade in for Voucher","£6.00","Trade in for Cash"
"https://uk.webuy.com/product-detail?id=5056208812636&categoryName=PLAYSTATION5-GAMES&superCatName=GAMING&title=&queryID=3817C6B149C649B7B6A879041AE78D53&position=210","https://uk.static.webuy.com/resize_images/Gaming/Playstation5%20Software/5056208812636_l.jpg","4.1","Hell Let Loose","£20.00","https://uk.webuy.com/sell/product-detail?id=5056208812636&categoryName=PLAYSTATION5-GAMES&superCatName=GAMING&title=&queryID=3817C6B149C649B7B6A879041AE78D53&position=210","£13.00","Trade in for Voucher","£9.00","Trade in for Cash"
"https://uk.webuy.com/product-detail?id=5056208812865&categoryName=PLAYSTATION5-GAMES&superCatName=GAMING&title=&queryID=3817C6B149C649B7B6A879041AE78D53&position=211","https://uk.static.webuy.com/resize_images/Gaming/Playstation5%20Software/5056208812865_l.jpg","4.7","Jurassic World Evolution 2","£12.00","https://uk.webuy.com/sell/product-detail?id=5056208812865&categoryName=PLAYSTATION5-GAMES&superCatName=GAMING&title=&queryID=3817C6B149C649B7B6A879041AE78D53&position=211","£7.00","Trade in for Voucher","£5.00","Trade in for Cash"
"https://uk.webuy.com/product-detail?id=3512899958203&categoryName=PLAYSTATION5-GAMES&superCatName=GAMING&title=&queryID=3817C6B149C649B7B6A879041AE78D53&position=212","https://uk.static.webuy.com/resize_images/Gaming/Playstation5%20Software/3512899958203_l.jpg","4.5","Evil West","£12.00","https://uk.webuy.com/sell/product-detail?id=3512899958203&categoryName=PLAYSTATION5-GAMES&superCatName=GAMING&title=&queryID=3817C6B149C649B7B6A879041AE78D53&position=212","£7.00","Trade in for Voucher","£5.00","Trade in for Cash"
"https://uk.webuy.com/product-detail?id=5021290101975&categoryName=PLAYSTATION5-GAMES&superCatName=GAMING&title=&queryID=3817C6B149C649B7B6A879041AE78D53&position=213","https://uk.static.webuy.com/product_images/Gaming/Playstation5%20Software/5021290101975_l.jpg","4","Dragon Quest VII: Reimagined","£42.00","https://uk.webuy.com/sell/product-detail?id=5021290101975&categoryName=PLAYSTATION5-GAMES&superCatName=GAMING&title=&queryID=3817C6B149C649B7B6A879041AE78D53&position=213","£27.00","Trade in for Voucher","£19.00","Trade in for Cash"
"https://uk.webuy.com/product-detail?id=5026555432573&categoryName=PLAYSTATION5-GAMES&superCatName=GAMING&title=&queryID=3817C6B149C649B7B6A879041AE78D53&position=214","https://uk.static.webuy.com/resize_images/Gaming/Playstation5%20Software/5026555432573_l.jpg","4.5","NBA 2K23 (No DLC)","£6.00","https://uk.webuy.com/sell/product-detail?id=5026555432573&categoryName=PLAYSTATION5-GAMES&superCatName=GAMING&title=&queryID=3817C6B149C649B7B6A879041AE78D53&position=214","£2.00","Trade in for Voucher","£1.50","Trade in for Cash"
"https://uk.webuy.com/product-detail?id=4020628641160&categoryName=PLAYSTATION5-GAMES&superCatName=GAMING&title=&queryID=3817C6B149C649B7B6A879041AE78D53&position=215","https://uk.static.webuy.com/resize_images/Gaming/Playstation5%20Software/4020628641160_l.jpg","4.5","Goat Simulator 3 (No DLC)","£15.00","https://uk.webuy.com/sell/product-detail?id=4020628641160&categoryName=PLAYSTATION5-GAMES&superCatName=GAMING&title=&queryID=3817C6B149C649B7B6A879041AE78D53&position=215","£9.00","Trade in for Voucher","£6.00","Trade in for Cash"
"https://uk.webuy.com/product-detail?id=5060112433474&categoryName=PLAYSTATION5-GAMES&superCatName=GAMING&title=&queryID=3817C6B149C649B7B6A879041AE78D53&position=216","https://uk.static.webuy.com/resize_images/Gaming/Playstation5%20Software/5060112433474_l.jpg","4","Terminator: Resistance Enhanced","£22.00","https://uk.webuy.com/sell/product-detail?id=5060112433474&categoryName=PLAYSTATION5-GAMES&superCatName=GAMING&title=&queryID=3817C6B149C649B7B6A879041AE78D53&position=216","£14.00","Trade in for Voucher","£10.00","Trade in for Cash"
"https://uk.webuy.com/product-detail?id=5021290099081&categoryName=PLAYSTATION5-GAMES&superCatName=GAMING&title=&queryID=3817C6B149C649B7B6A879041AE78D53&position=217","https://uk.static.webuy.com/resize_images/Gaming/Playstation5%20Software/5021290099081_l.jpg","","Life Is Strange: Double Exposure","£25.00","https://uk.webuy.com/sell/product-detail?id=5021290099081&categoryName=PLAYSTATION5-GAMES&superCatName=GAMING&title=&queryID=3817C6B149C649B7B6A879041AE78D53&position=217","£16.00","Trade in for Voucher","£11.00","Trade in for Cash"
"https://uk.webuy.com/product-detail?id=5030948125003&categoryName=PLAYSTATION5-GAMES&superCatName=GAMING&title=&queryID=3817C6B149C649B7B6A879041AE78D53&position=218","https://uk.static.webuy.com/resize_images/Gaming/Playstation5%20Software/5030948125003_l.jpg","4.8","Wild Hearts","£5.00","https://uk.webuy.com/sell/product-detail?id=5030948125003&categoryName=PLAYSTATION5-GAMES&superCatName=GAMING&title=&queryID=3817C6B149C649B7B6A879041AE78D53&position=218","£3.00","Trade in for Voucher","£2.00","Trade in for Cash"
"https://uk.webuy.com/product-detail?id=3391892023596&categoryName=PLAYSTATION5-GAMES&superCatName=GAMING&title=&queryID=3817C6B149C649B7B6A879041AE78D53&position=219","https://uk.static.webuy.com/resize_images/Gaming/Playstation5%20Software/3391892023596_l.jpg","4.4","No Man's Sky","£30.00","https://uk.webuy.com/sell/product-detail?id=3391892023596&categoryName=PLAYSTATION5-GAMES&superCatName=GAMING&title=&queryID=3817C6B149C649B7B6A879041AE78D53&position=219","£19.00","Trade in for Voucher","£13.00","Trade in for Cash"
"https://uk.webuy.com/product-detail?id=3307216216629&categoryName=PLAYSTATION5-GAMES&superCatName=GAMING&title=&queryID=3817C6B149C649B7B6A879041AE78D53&position=220","https://uk.static.webuy.com/resize_images/Gaming/Playstation5%20Software/3307216216629_l.jpg","4.1","Rainbow Six: Extraction","£5.00","https://uk.webuy.com/sell/product-detail?id=3307216216629&categoryName=PLAYSTATION5-GAMES&superCatName=GAMING&title=&queryID=3817C6B149C649B7B6A879041AE78D53&position=220","£1.90","Trade in for Voucher","£1.20","Trade in for Cash"
"https://uk.webuy.com/product-detail?id=5060327538179&categoryName=PLAYSTATION5-GAMES&superCatName=GAMING&title=&queryID=3817C6B149C649B7B6A879041AE78D53&position=221","https://uk.static.webuy.com/resize_images/Gaming/Playstation5%20Software/5060327538179_l.jpg","4","Fatal Frame II: Crimson Butterfly Remake (No DLC)","£45.00","https://uk.webuy.com/sell/product-detail?id=5060327538179&categoryName=PLAYSTATION5-GAMES&superCatName=GAMING&title=&queryID=3817C6B149C649B7B6A879041AE78D53&position=221","£31.00","Trade in for Voucher","£25.00","Trade in for Cash"
"https://uk.webuy.com/product-detail?id=3512899124226&categoryName=PLAYSTATION5-GAMES&superCatName=GAMING&title=&queryID=CD0B8318620F11841D53BCEFEEFCEBF4&position=222","https://uk.static.webuy.com/resize_images/Gaming/Playstation5%20Software/3512899124226_l.jpg","3.5","Aliens: Fireteam Elite","£15.00","https://uk.webuy.com/sell/product-detail?id=3512899124226&categoryName=PLAYSTATION5-GAMES&superCatName=GAMING&title=&queryID=CD0B8318620F11841D53BCEFEEFCEBF4&position=222","£9.00","Trade in for Voucher","£6.00","Trade in for Cash"
"https://uk.webuy.com/product-detail?id=0711719599265&categoryName=PLAYSTATION5-GAMES&superCatName=GAMING&title=&queryID=CD0B8318620F11841D53BCEFEEFCEBF4&position=223","https://uk.static.webuy.com/resize_images/Gaming/Playstation5%20Software/0711719599265_l.jpg","","Lost Soul Aside","£25.00","https://uk.webuy.com/sell/product-detail?id=0711719599265&categoryName=PLAYSTATION5-GAMES&superCatName=GAMING&title=&queryID=CD0B8318620F11841D53BCEFEEFCEBF4&position=223","£16.00","Trade in for Voucher","£11.00","Trade in for Cash"
"https://uk.webuy.com/product-detail?id=5055277057184&categoryName=PLAYSTATION5-GAMES&superCatName=GAMING&title=&queryID=CD0B8318620F11841D53BCEFEEFCEBF4&position=224","https://uk.static.webuy.com/resize_images/Gaming/Playstation5%20Software/5055277057184_l.jpg","3","Yakuza Kiwami 3 & Dark Ties","£40.00","https://uk.webuy.com/sell/product-detail?id=5055277057184&categoryName=PLAYSTATION5-GAMES&superCatName=GAMING&title=&queryID=CD0B8318620F11841D53BCEFEEFCEBF4&position=224","£27.00","Trade in for Voucher","£22.00","Trade in for Cash"
"https://uk.webuy.com/product-detail?id=5055060955420&categoryName=PLAYSTATION5-GAMES&superCatName=GAMING&title=&queryID=CD0B8318620F11841D53BCEFEEFCEBF4&position=225","https://uk.static.webuy.com/resize_images/Gaming/Playstation5%20Software/5055060955420_l.jpg","4.5","Monster Hunter Stories 3: Twisted Reflection (No DLC)","£48.00","https://uk.webuy.com/sell/product-detail?id=5055060955420&categoryName=PLAYSTATION5-GAMES&superCatName=GAMING&title=&queryID=CD0B8318620F11841D53BCEFEEFCEBF4&position=225","£33.00","Trade in for Voucher","£27.00","Trade in for Cash"
"https://uk.webuy.com/product-detail?id=3665962015829&categoryName=PLAYSTATION5-GAMES&superCatName=GAMING&title=&queryID=CD0B8318620F11841D53BCEFEEFCEBF4&position=226","https://uk.static.webuy.com/resize_images/Gaming/Playstation5%20Software/3665962015829_l.jpg","3.1","Lord of the Rings: Gollum","£8.00","https://uk.webuy.com/sell/product-detail?id=3665962015829&categoryName=PLAYSTATION5-GAMES&superCatName=GAMING&title=&queryID=CD0B8318620F11841D53BCEFEEFCEBF4&position=226","£5.00","Trade in for Voucher","£3.00","Trade in for Cash"
"https://uk.webuy.com/product-detail?id=4012927150726&categoryName=PLAYSTATION5-GAMES&superCatName=GAMING&title=&queryID=CD0B8318620F11841D53BCEFEEFCEBF4&position=227","https://uk.static.webuy.com/resize_images/Gaming/Playstation5%20Software/4012927150726_l.jpg","","Contra Operation Galuga","£55.00","https://uk.webuy.com/sell/product-detail?id=4012927150726&categoryName=PLAYSTATION5-GAMES&superCatName=GAMING&title=&queryID=CD0B8318620F11841D53BCEFEEFCEBF4&position=227","£37.00","Trade in for Voucher","£31.00","Trade in for Cash"
"https://uk.webuy.com/product-detail?id=8057168504057&categoryName=PLAYSTATION5-GAMES&superCatName=GAMING&title=&queryID=CD0B8318620F11841D53BCEFEEFCEBF4&position=228","https://uk.static.webuy.com/resize_images/Gaming/Playstation5%20Software/8057168504057_l.jpg","4.7","Hot Wheels Unleashed","£12.00","https://uk.webuy.com/sell/product-detail?id=8057168504057&categoryName=PLAYSTATION5-GAMES&superCatName=GAMING&title=&queryID=CD0B8318620F11841D53BCEFEEFCEBF4&position=228","£7.00","Trade in for Voucher","£5.00","Trade in for Cash"
"https://uk.webuy.com/product-detail?id=9120131601288&categoryName=PLAYSTATION5-GAMES&superCatName=GAMING&title=&queryID=CD0B8318620F11841D53BCEFEEFCEBF4&position=229","https://uk.static.webuy.com/product_images/Gaming/Playstation5%20Software/9120131601288_l.jpg","","Epic Mickey: Rebrushed","£15.00","https://uk.webuy.com/sell/product-detail?id=9120131601288&categoryName=PLAYSTATION5-GAMES&superCatName=GAMING&title=&queryID=CD0B8318620F11841D53BCEFEEFCEBF4&position=229","£9.00","Trade in for Voucher","£6.00","Trade in for Cash"
"https://uk.webuy.com/product-detail?id=5051892250313&categoryName=PLAYSTATION5-GAMES&superCatName=GAMING&title=&queryID=CD0B8318620F11841D53BCEFEEFCEBF4&position=230","https://uk.static.webuy.com/resize_images/Gaming/Playstation5%20Software/5051892250313_l.jpg","","LEGO Harry Potter Collection","£12.00","https://uk.webuy.com/sell/product-detail?id=5051892250313&categoryName=PLAYSTATION5-GAMES&superCatName=GAMING&title=&queryID=CD0B8318620F11841D53BCEFEEFCEBF4&position=230","£7.00","Trade in for Voucher","£5.00","Trade in for Cash"
"https://uk.webuy.com/product-detail?id=5906961190734&categoryName=PLAYSTATION5-GAMES&superCatName=GAMING&title=&queryID=CD0B8318620F11841D53BCEFEEFCEBF4&position=231","https://uk.static.webuy.com/resize_images/Gaming/Playstation5%20Software/5906961190734_l.jpg","4.7","Sniper Ghost Warrior Contracts 2 (No DLC)","£25.00","https://uk.webuy.com/sell/product-detail?id=5906961190734&categoryName=PLAYSTATION5-GAMES&superCatName=GAMING&title=&queryID=CD0B8318620F11841D53BCEFEEFCEBF4&position=231","£16.00","Trade in for Voucher","£11.00","Trade in for Cash"
"https://uk.webuy.com/product-detail?id=5055277050406&categoryName=PLAYSTATION5-GAMES&superCatName=GAMING&title=&queryID=CD0B8318620F11841D53BCEFEEFCEBF4&position=232","https://uk.static.webuy.com/resize_images/Gaming/Playstation5%20Software/5055277050406_l.jpg","4.2","Sonic Origins Plus (No DLC)","£18.00","https://uk.webuy.com/sell/product-detail?id=5055277050406&categoryName=PLAYSTATION5-GAMES&superCatName=GAMING&title=&queryID=CD0B8318620F11841D53BCEFEEFCEBF4&position=232","£11.00","Trade in for Voucher","£8.00","Trade in for Cash"
"https://uk.webuy.com/product-detail?id=4020628618476&categoryName=PLAYSTATION5-GAMES&superCatName=GAMING&title=&queryID=CD0B8318620F11841D53BCEFEEFCEBF4&position=233","https://uk.static.webuy.com/resize_images/Gaming/Playstation5%20Software/4020628618476_l.jpg","3.9","Scars Above","£8.00","https://uk.webuy.com/sell/product-detail?id=4020628618476&categoryName=PLAYSTATION5-GAMES&superCatName=GAMING&title=&queryID=CD0B8318620F11841D53BCEFEEFCEBF4&position=233","£5.00","Trade in for Voucher","£3.00","Trade in for Cash"
"https://uk.webuy.com/product-detail?id=5056208823823&categoryName=PLAYSTATION5-GAMES&superCatName=GAMING&title=&queryID=CD0B8318620F11841D53BCEFEEFCEBF4&position=234","https://uk.static.webuy.com/resize_images/Gaming/Playstation5%20Software/5056208823823_l.jpg","","Planet Zoo","£22.00","https://uk.webuy.com/sell/product-detail?id=5056208823823&categoryName=PLAYSTATION5-GAMES&superCatName=GAMING&title=&queryID=CD0B8318620F11841D53BCEFEEFCEBF4&position=234","£14.00","Trade in for Voucher","£10.00","Trade in for Cash"
"https://uk.webuy.com/product-detail?id=9120080079848&categoryName=PLAYSTATION5-GAMES&superCatName=GAMING&title=&queryID=CD0B8318620F11841D53BCEFEEFCEBF4&position=235","https://uk.static.webuy.com/resize_images/Gaming/Playstation5%20Software/9120080079848_l.jpg","4.8","Remnant II","£15.00","https://uk.webuy.com/sell/product-detail?id=9120080079848&categoryName=PLAYSTATION5-GAMES&superCatName=GAMING&title=&queryID=CD0B8318620F11841D53BCEFEEFCEBF4&position=235","£9.00","Trade in for Voucher","£6.00","Trade in for Cash"
"https://uk.webuy.com/product-detail?id=5055277044214&categoryName=PLAYSTATION5-GAMES&superCatName=GAMING&title=&queryID=CD0B8318620F11841D53BCEFEEFCEBF4&position=236","https://uk.static.webuy.com/resize_images/Gaming/Playstation5%20Software/5055277044214_l.jpg","4.8","Lost Judgment","£10.00","https://uk.webuy.com/sell/product-detail?id=5055277044214&categoryName=PLAYSTATION5-GAMES&superCatName=GAMING&title=&queryID=CD0B8318620F11841D53BCEFEEFCEBF4&position=236","£6.00","Trade in for Voucher","£4.00","Trade in for Cash"
"https://uk.webuy.com/product-detail?id=5026555435819&categoryName=PLAYSTATION5-GAMES&superCatName=GAMING&title=&queryID=CD0B8318620F11841D53BCEFEEFCEBF4&position=237","https://uk.static.webuy.com/resize_images/Gaming/Playstation5%20Software/5026555435819_l.jpg","4.6","NBA 2K24","£8.00","https://uk.webuy.com/sell/product-detail?id=5026555435819&categoryName=PLAYSTATION5-GAMES&superCatName=GAMING&title=&queryID=CD0B8318620F11841D53BCEFEEFCEBF4&position=237","£3.00","Trade in for Voucher","£2.00","Trade in for Cash"
"https://uk.webuy.com/product-detail?id=5030938124573&categoryName=PLAYSTATION5-GAMES&superCatName=GAMING&title=&queryID=CD0B8318620F11841D53BCEFEEFCEBF4&position=238","https://uk.static.webuy.com/resize_images/Gaming/Playstation5%20Software/5030938124573_l.jpg","4.5","FIFA 21","£4.00","https://uk.webuy.com/sell/product-detail?id=5030938124573&categoryName=PLAYSTATION5-GAMES&superCatName=GAMING&title=&queryID=CD0B8318620F11841D53BCEFEEFCEBF4&position=238","£1.20","Trade in for Voucher","£0.60","Trade in for Cash"
"https://uk.webuy.com/product-detail?id=5060760886110&categoryName=PLAYSTATION5-GAMES&superCatName=GAMING&title=&queryID=DAA7880CE06F8F5C3491366C8D952109&position=239","https://uk.static.webuy.com/resize_images/Gaming/Playstation5%20Software/5060760886110_l.jpg","4.1","Evil Dead: The Game","£10.00","https://uk.webuy.com/sell/product-detail?id=5060760886110&categoryName=PLAYSTATION5-GAMES&superCatName=GAMING&title=&queryID=DAA7880CE06F8F5C3491366C8D952109&position=239","£6.00","Trade in for Voucher","£4.00","Trade in for Cash"
"https://uk.webuy.com/product-detail?id=5060522097716&categoryName=PLAYSTATION5-GAMES&superCatName=GAMING&title=&queryID=DAA7880CE06F8F5C3491366C8D952109&position=240","https://uk.static.webuy.com/resize_images/Gaming/Playstation5%20Software/5060522097716_l.jpg","3.8","Chernobylite","£15.00","https://uk.webuy.com/sell/product-detail?id=5060522097716&categoryName=PLAYSTATION5-GAMES&superCatName=GAMING&title=&queryID=DAA7880CE06F8F5C3491366C8D952109&position=240","£9.00","Trade in for Voucher","£6.00","Trade in for Cash"
"https://uk.webuy.com/product-detail?id=5030946125173&categoryName=PLAYSTATION5-GAMES&superCatName=GAMING&title=&queryID=DAA7880CE06F8F5C3491366C8D952109&position=241","https://uk.static.webuy.com/resize_images/Gaming/Playstation5%20Software/5030946125173_l.jpg","2.9","Immortals Of Aveum","£5.00","https://uk.webuy.com/sell/product-detail?id=5030946125173&categoryName=PLAYSTATION5-GAMES&superCatName=GAMING&title=&queryID=DAA7880CE06F8F5C3491366C8D952109&position=241","£3.00","Trade in for Voucher","£2.00","Trade in for Cash"
"https://uk.webuy.com/product-detail?id=4064635500072&categoryName=PLAYSTATION5-GAMES&superCatName=GAMING&title=&queryID=DAA7880CE06F8F5C3491366C8D952109&position=242","https://uk.static.webuy.com/resize_images/Gaming/Playstation5%20Software/4064635500072_l.jpg","4.6","Farming Simulator 22","£18.00","https://uk.webuy.com/sell/product-detail?id=4064635500072&categoryName=PLAYSTATION5-GAMES&superCatName=GAMING&title=&queryID=DAA7880CE06F8F5C3491366C8D952109&position=242","£11.00","Trade in for Voucher","£8.00","Trade in for Cash"
"https://uk.webuy.com/product-detail?id=5055277052240&categoryName=PLAYSTATION5-GAMES&superCatName=GAMING&title=&queryID=DAA7880CE06F8F5C3491366C8D952109&position=243","https://uk.static.webuy.com/resize_images/Gaming/Playstation5%20Software/5055277052240_l.jpg","4.4","Football Manager 2024","£15.00","https://uk.webuy.com/sell/product-detail?id=5055277052240&categoryName=PLAYSTATION5-GAMES&superCatName=GAMING&title=&queryID=DAA7880CE06F8F5C3491366C8D952109&position=243","£9.00","Trade in for Voucher","£6.00","Trade in for Cash"
"https://uk.webuy.com/product-detail?id=5056635600080&categoryName=PLAYSTATION5-GAMES&superCatName=GAMING&title=&queryID=DAA7880CE06F8F5C3491366C8D952109&position=244","https://uk.static.webuy.com/resize_images/Gaming/Playstation5%20Software/5056635600080_l.jpg","4","Ghostbusters: Spirits Unleashed","£12.00","https://uk.webuy.com/sell/product-detail?id=5056635600080&categoryName=PLAYSTATION5-GAMES&superCatName=GAMING&title=&queryID=DAA7880CE06F8F5C3491366C8D952109&position=244","£7.00","Trade in for Voucher","£5.00","Trade in for Cash"
"https://uk.webuy.com/product-detail?id=5060327537349&categoryName=PLAYSTATION5-GAMES&superCatName=GAMING&title=&queryID=DAA7880CE06F8F5C3491366C8D952109&position=245","https://uk.static.webuy.com/resize_images/Gaming/Playstation5%20Software/5060327537349_l.jpg","","Dynasty Warriors: Origins","£50.00","https://uk.webuy.com/sell/product-detail?id=5060327537349&categoryName=PLAYSTATION5-GAMES&superCatName=GAMING&title=&queryID=DAA7880CE06F8F5C3491366C8D952109&position=245","£32.00","Trade in for Voucher","£23.00","Trade in for Cash"
"https://uk.webuy.com/product-detail?id=3665962026009&categoryName=PLAYSTATION5-GAMES&superCatName=GAMING&title=&queryID=DAA7880CE06F8F5C3491366C8D952109&position=246","https://uk.static.webuy.com/resize_images/Gaming/Playstation5%20Software/3665962026009_l.jpg","","Test Drive Unlimited Solar Crown","£22.00","https://uk.webuy.com/sell/product-detail?id=3665962026009&categoryName=PLAYSTATION5-GAMES&superCatName=GAMING&title=&queryID=DAA7880CE06F8F5C3491366C8D952109&position=246","£14.00","Trade in for Voucher","£10.00","Trade in for Cash"
"https://uk.webuy.com/product-detail?id=3391892030846&categoryName=PLAYSTATION5-GAMES&superCatName=GAMING&title=&queryID=DAA7880CE06F8F5C3491366C8D952109&position=247","https://uk.static.webuy.com/resize_images/Gaming/Playstation5%20Software/3391892030846_l.jpg","","Unknown 9: Awakening","£8.00","https://uk.webuy.com/sell/product-detail?id=3391892030846&categoryName=PLAYSTATION5-GAMES&superCatName=GAMING&title=&queryID=DAA7880CE06F8F5C3491366C8D952109&position=247","£3.00","Trade in for Voucher","£2.00","Trade in for Cash"
"https://uk.webuy.com/product-detail?id=5026555429221&categoryName=PLAYSTATION5-GAMES&superCatName=GAMING&title=&queryID=DAA7880CE06F8F5C3491366C8D952109&position=248","https://uk.static.webuy.com/resize_images/Gaming/Playstation5%20Software/5026555429221_l.jpg","4.8","Hades","£18.00","https://uk.webuy.com/sell/product-detail?id=5026555429221&categoryName=PLAYSTATION5-GAMES&superCatName=GAMING&title=&queryID=DAA7880CE06F8F5C3491366C8D952109&position=248","£11.00","Trade in for Voucher","£8.00","Trade in for Cash"
"https://uk.webuy.com/product-detail?id=5026555431156&categoryName=PLAYSTATION5-GAMES&superCatName=GAMING&title=&queryID=DAA7880CE06F8F5C3491366C8D952109&position=249","https://uk.static.webuy.com/resize_images/Gaming/Playstation5%20Software/5026555431156_l.jpg","4.1","Borderlands 3 (No DLC)","£12.00","https://uk.webuy.com/sell/product-detail?id=5026555431156&categoryName=PLAYSTATION5-GAMES&superCatName=GAMING&title=&queryID=DAA7880CE06F8F5C3491366C8D952109&position=249","£7.00","Trade in for Voucher","£5.00","Trade in for Cash"
"https://uk.webuy.com/product-detail?id=9120080077837&categoryName=PLAYSTATION5-GAMES&superCatName=GAMING&title=&queryID=DAA7880CE06F8F5C3491366C8D952109&position=250","https://uk.static.webuy.com/resize_images/Gaming/Playstation5%20Software/9120080077837_l.jpg","4","MX vs ATV Legends","£25.00","https://uk.webuy.com/sell/product-detail?id=9120080077837&categoryName=PLAYSTATION5-GAMES&superCatName=GAMING&title=&queryID=DAA7880CE06F8F5C3491366C8D952109&position=250","£16.00","Trade in for Voucher","£11.00","Trade in for Cash"
"https://uk.webuy.com/product-detail?id=9120080078377&categoryName=PLAYSTATION5-GAMES&superCatName=GAMING&title=&queryID=DAA7880CE06F8F5C3491366C8D952109&position=251","https://uk.static.webuy.com/resize_images/Gaming/Playstation5%20Software/9120080078377_l.jpg","3.3","AEW: Fight Forever","£8.00","https://uk.webuy.com/sell/product-detail?id=9120080078377&categoryName=PLAYSTATION5-GAMES&superCatName=GAMING&title=&queryID=DAA7880CE06F8F5C3491366C8D952109&position=251","£5.00","Trade in for Voucher","£3.00","Trade in for Cash"
"https://uk.webuy.com/product-detail?id=5061005350854&categoryName=PLAYSTATION5-GAMES&superCatName=GAMING&title=&queryID=DAA7880CE06F8F5C3491366C8D952109&position=252","https://uk.static.webuy.com/resize_images/Gaming/Playstation5%20Software/5061005350854_l.jpg","3","Grinch, The: Christmas Adventures","£10.00","https://uk.webuy.com/sell/product-detail?id=5061005350854&categoryName=PLAYSTATION5-GAMES&superCatName=GAMING&title=&queryID=DAA7880CE06F8F5C3491366C8D952109&position=252","£6.00","Trade in for Voucher","£4.00","Trade in for Cash"
"https://uk.webuy.com/product-detail?id=5055277054947&categoryName=PLAYSTATION5-GAMES&superCatName=GAMING&title=&queryID=DAA7880CE06F8F5C3491366C8D952109&position=253","https://uk.static.webuy.com/resize_images/Gaming/Playstation5%20Software/5055277054947_l.jpg","","Like a Dragon: Pirate Yakuza in Hawaii","£20.00","https://uk.webuy.com/sell/product-detail?id=5055277054947&categoryName=PLAYSTATION5-GAMES&superCatName=GAMING&title=&queryID=DAA7880CE06F8F5C3491366C8D952109&position=253","£13.00","Trade in for Voucher","£9.00","Trade in for Cash"
"https://uk.webuy.com/product-detail?id=5056635601889&categoryName=PLAYSTATION5-GAMES&superCatName=GAMING&title=&queryID=DAA7880CE06F8F5C3491366C8D952109&position=254","https://uk.static.webuy.com/resize_images/Gaming/Playstation5%20Software/5056635601889_l.jpg","5","Minecraft Legends (No DLC)","£12.00","https://uk.webuy.com/sell/product-detail?id=5056635601889&categoryName=PLAYSTATION5-GAMES&superCatName=GAMING&title=&queryID=DAA7880CE06F8F5C3491366C8D952109&position=254","£7.00","Trade in for Voucher","£5.00","Trade in for Cash"
"https://uk.webuy.com/product-detail?id=3391892035865&categoryName=PLAYSTATION5-GAMES&superCatName=GAMING&title=&queryID=DAA7880CE06F8F5C3491366C8D952109&position=255","https://uk.static.webuy.com/resize_images/Gaming/Playstation5%20Software/3391892035865_l.jpg","5","Digimon Story: Time Stranger","£45.00","https://uk.webuy.com/sell/product-detail?id=3391892035865&categoryName=PLAYSTATION5-GAMES&superCatName=GAMING&title=&queryID=DAA7880CE06F8F5C3491366C8D952109&position=255","£29.00","Trade in for Voucher","£20.00","Trade in for Cash"
"https://uk.webuy.com/product-detail?id=5026555429603&categoryName=PLAYSTATION5-GAMES&superCatName=GAMING&title=&queryID=14375B05F624C6DC8DCA9AE4005A0B21&position=256","https://uk.static.webuy.com/product_images/Gaming/Playstation5%20Software/5026555429603_l.jpg","4.4","NBA 2K22 (No DLC)","£4.00","https://uk.webuy.com/sell/product-detail?id=5026555429603&categoryName=PLAYSTATION5-GAMES&superCatName=GAMING&title=&queryID=14375B05F624C6DC8DCA9AE4005A0B21&position=256","£1.50","Trade in for Voucher","£1.00","Trade in for Cash"
"https://uk.webuy.com/product-detail?id=5060690792451&categoryName=PLAYSTATION5-GAMES&superCatName=GAMING&title=&queryID=14375B05F624C6DC8DCA9AE4005A0B21&position=257","https://uk.static.webuy.com/resize_images/Gaming/Playstation5%20Software/5060690792451_l.jpg","4","Tormented Souls","£12.00","https://uk.webuy.com/sell/product-detail?id=5060690792451&categoryName=PLAYSTATION5-GAMES&superCatName=GAMING&title=&queryID=14375B05F624C6DC8DCA9AE4005A0B21&position=257","£7.00","Trade in for Voucher","£5.00","Trade in for Cash"
"https://uk.webuy.com/product-detail?id=9120131603237&categoryName=PLAYSTATION5-GAMES&superCatName=GAMING&title=&queryID=14375B05F624C6DC8DCA9AE4005A0B21&position=258","https://uk.static.webuy.com/resize_images/Gaming/Playstation5%20Software/9120131603237_l.jpg","5","SpongeBob SquarePants: Titans of the Tide","£30.00","https://uk.webuy.com/sell/product-detail?id=9120131603237&categoryName=PLAYSTATION5-GAMES&superCatName=GAMING&title=&queryID=14375B05F624C6DC8DCA9AE4005A0B21&position=258","£19.00","Trade in for Voucher","£13.00","Trade in for Cash"
"https://uk.webuy.com/product-detail?id=5056635613233&categoryName=PLAYSTATION5-GAMES&superCatName=GAMING&title=&queryID=14375B05F624C6DC8DCA9AE4005A0B21&position=259","https://uk.static.webuy.com/resize_images/Gaming/Playstation5%20Software/5056635613233_l.jpg","5","Thing, The: Remastered","£25.00","https://uk.webuy.com/sell/product-detail?id=5056635613233&categoryName=PLAYSTATION5-GAMES&superCatName=GAMING&title=&queryID=14375B05F624C6DC8DCA9AE4005A0B21&position=259","£16.00","Trade in for Voucher","£11.00","Trade in for Cash"
"https://uk.webuy.com/product-detail?id=5016488138130&categoryName=PLAYSTATION5-GAMES&superCatName=GAMING&title=&queryID=14375B05F624C6DC8DCA9AE4005A0B21&position=260","https://uk.static.webuy.com/resize_images/Gaming/Playstation5%20Software/5016488138130_l.jpg","5","Among Us: Crewmate Edition (No DLC)","£8.00","https://uk.webuy.com/sell/product-detail?id=5016488138130&categoryName=PLAYSTATION5-GAMES&superCatName=GAMING&title=&queryID=14375B05F624C6DC8DCA9AE4005A0B21&position=260","£5.00","Trade in for Voucher","£3.00","Trade in for Cash"
"https://uk.webuy.com/product-detail?id=3512899966901&categoryName=PLAYSTATION5-GAMES&superCatName=GAMING&title=&queryID=14375B05F624C6DC8DCA9AE4005A0B21&position=261","https://uk.static.webuy.com/resize_images/Gaming/Playstation5%20Software/3512899966901_l.jpg","4.7","Banishers: Ghosts of New Eden","£20.00","https://uk.webuy.com/sell/product-detail?id=3512899966901&categoryName=PLAYSTATION5-GAMES&superCatName=GAMING&title=&queryID=14375B05F624C6DC8DCA9AE4005A0B21&position=261","£13.00","Trade in for Voucher","£9.00","Trade in for Cash"
"https://uk.webuy.com/product-detail?id=3512899958531&categoryName=PLAYSTATION5-GAMES&superCatName=GAMING&title=&queryID=14375B05F624C6DC8DCA9AE4005A0B21&position=262","https://uk.static.webuy.com/resize_images/Gaming/Playstation5%20Software/3512899958531_l.jpg","4.7","Plague Tale, A: Requiem","£20.00","https://uk.webuy.com/sell/product-detail?id=3512899958531&categoryName=PLAYSTATION5-GAMES&superCatName=GAMING&title=&queryID=14375B05F624C6DC8DCA9AE4005A0B21&position=262","£13.00","Trade in for Voucher","£9.00","Trade in for Cash"
"https://uk.webuy.com/product-detail?id=5056635610058&categoryName=PLAYSTATION5-GAMES&superCatName=GAMING&title=&queryID=14375B05F624C6DC8DCA9AE4005A0B21&position=263","https://uk.static.webuy.com/resize_images/Gaming/Playstation5%20Software/5056635610058_l.jpg","","Starship Troopers: Extermination","£15.00","https://uk.webuy.com/sell/product-detail?id=5056635610058&categoryName=PLAYSTATION5-GAMES&superCatName=GAMING&title=&queryID=14375B05F624C6DC8DCA9AE4005A0B21&position=263","£9.00","Trade in for Voucher","£6.00","Trade in for Cash"
"https://uk.webuy.com/product-detail?id=5016488141680&categoryName=PLAYSTATION5-GAMES&superCatName=GAMING&title=&queryID=14375B05F624C6DC8DCA9AE4005A0B21&position=264","https://uk.static.webuy.com/resize_images/Gaming/Playstation5%20Software/5016488141680_l.jpg","","Squirrel With A Gun","£18.00","https://uk.webuy.com/sell/product-detail?id=5016488141680&categoryName=PLAYSTATION5-GAMES&superCatName=GAMING&title=&queryID=14375B05F624C6DC8DCA9AE4005A0B21&position=264","£11.00","Trade in for Voucher","£8.00","Trade in for Cash"
"https://uk.webuy.com/product-detail?id=5055277047826&categoryName=PLAYSTATION5-GAMES&superCatName=GAMING&title=&queryID=14375B05F624C6DC8DCA9AE4005A0B21&position=265","https://uk.static.webuy.com/resize_images/Gaming/Playstation5%20Software/5055277047826_l.jpg","4.9","Persona 5 Royal","£22.00","https://uk.webuy.com/sell/product-detail?id=5055277047826&categoryName=PLAYSTATION5-GAMES&superCatName=GAMING&title=&queryID=14375B05F624C6DC8DCA9AE4005A0B21&position=265","£14.00","Trade in for Voucher","£10.00","Trade in for Cash"
"https://uk.webuy.com/product-detail?id=4020628715342&categoryName=PLAYSTATION5-GAMES&superCatName=GAMING&title=&queryID=14375B05F624C6DC8DCA9AE4005A0B21&position=266","https://uk.static.webuy.com/resize_images/Gaming/Playstation5%20Software/4020628715342_l.jpg","4.6","Dirt 5","£25.00","https://uk.webuy.com/sell/product-detail?id=4020628715342&categoryName=PLAYSTATION5-GAMES&superCatName=GAMING&title=&queryID=14375B05F624C6DC8DCA9AE4005A0B21&position=266","£16.00","Trade in for Voucher","£11.00","Trade in for Cash"
"https://uk.webuy.com/product-detail?id=5056635615497&categoryName=PLAYSTATION5-GAMES&superCatName=GAMING&title=&queryID=14375B05F624C6DC8DCA9AE4005A0B21&position=267","https://uk.static.webuy.com/resize_images/Gaming/Playstation5%20Software/5056635615497_l.jpg","4","Tomb Raider IV-VI Remastered","£25.00","https://uk.webuy.com/sell/product-detail?id=5056635615497&categoryName=PLAYSTATION5-GAMES&superCatName=GAMING&title=&queryID=14375B05F624C6DC8DCA9AE4005A0B21&position=267","£17.00","Trade in for Voucher","£14.00","Trade in for Cash"
"https://uk.webuy.com/product-detail?id=5030917299261&categoryName=PLAYSTATION5-GAMES&superCatName=GAMING&title=&queryID=14375B05F624C6DC8DCA9AE4005A0B21&position=268","https://uk.static.webuy.com/resize_images/Gaming/Playstation5%20Software/5030917299261_l.jpg","3.7","Crash Team Rumble (No DLC)","£20.00","https://uk.webuy.com/sell/product-detail?id=5030917299261&categoryName=PLAYSTATION5-GAMES&superCatName=GAMING&title=&queryID=14375B05F624C6DC8DCA9AE4005A0B21&position=268","£13.00","Trade in for Voucher","£9.00","Trade in for Cash"
"https://uk.webuy.com/product-detail?id=9120080077516&categoryName=PLAYSTATION5-GAMES&superCatName=GAMING&title=&queryID=14375B05F624C6DC8DCA9AE4005A0B21&position=269","https://uk.static.webuy.com/resize_images/Gaming/Playstation5%20Software/9120080077516_l.jpg","","Outcast - A New Beginning","£12.00","https://uk.webuy.com/sell/product-detail?id=9120080077516&categoryName=PLAYSTATION5-GAMES&superCatName=GAMING&title=&queryID=14375B05F624C6DC8DCA9AE4005A0B21&position=269","£7.00","Trade in for Voucher","£5.00","Trade in for Cash"
"https://uk.webuy.com/product-detail?id=8056216170428&categoryName=PLAYSTATION5-GAMES&superCatName=GAMING&title=&queryID=14375B05F624C6DC8DCA9AE4005A0B21&position=270","https://uk.static.webuy.com/resize_images/Gaming/Playstation5%20Software/8056216170428_l.jpg","","Screamer","£48.00","https://uk.webuy.com/sell/product-detail?id=8056216170428&categoryName=PLAYSTATION5-GAMES&superCatName=GAMING&title=&queryID=14375B05F624C6DC8DCA9AE4005A0B21&position=270","£31.00","Trade in for Voucher","£22.00","Trade in for Cash"
"https://uk.webuy.com/product-detail?id=5055277053476&categoryName=PLAYSTATION5-GAMES&superCatName=GAMING&title=&queryID=14375B05F624C6DC8DCA9AE4005A0B21&position=271","https://uk.static.webuy.com/resize_images/Gaming/Playstation5%20Software/5055277053476_l.jpg","","Shin Megami Tensei V: Vengeance","£20.00","https://uk.webuy.com/sell/product-detail?id=5055277053476&categoryName=PLAYSTATION5-GAMES&superCatName=GAMING&title=&queryID=14375B05F624C6DC8DCA9AE4005A0B21&position=271","£13.00","Trade in for Voucher","£9.00","Trade in for Cash"
"https://uk.webuy.com/product-detail?id=5030932125316&categoryName=PLAYSTATION5-GAMES&superCatName=GAMING&title=&queryID=14375B05F624C6DC8DCA9AE4005A0B21&position=272","https://uk.static.webuy.com/resize_images/Gaming/Playstation5%20Software/5030932125316_l.jpg","","Madden NFL 26","£38.00","https://uk.webuy.com/sell/product-detail?id=5030932125316&categoryName=PLAYSTATION5-GAMES&superCatName=GAMING&title=&queryID=14375B05F624C6DC8DCA9AE4005A0B21&position=272","£24.00","Trade in for Voucher","£17.00","Trade in for Cash"
"https://uk.webuy.com/product-detail?id=5055277049035&categoryName=PLAYSTATION5-GAMES&superCatName=GAMING&title=&queryID=4193959B224E7229469364837C40CF48&position=273","https://uk.static.webuy.com/resize_images/Gaming/Playstation5%20Software/5055277049035_l.jpg","4.6","Like a Dragon: Ishin!","£12.00","https://uk.webuy.com/sell/product-detail?id=5055277049035&categoryName=PLAYSTATION5-GAMES&superCatName=GAMING&title=&queryID=4193959B224E7229469364837C40CF48&position=273","£7.00","Trade in for Voucher","£5.00","Trade in for Cash"
"https://uk.webuy.com/product-detail?id=5055277042890&categoryName=PLAYSTATION5-GAMES&superCatName=GAMING&title=&queryID=4193959B224E7229469364837C40CF48&position=274","https://uk.static.webuy.com/resize_images/Gaming/Playstation5%20Software/5055277042890_l.jpg","4.5","Two Point Campus (No DLC)","£5.00","https://uk.webuy.com/sell/product-detail?id=5055277042890&categoryName=PLAYSTATION5-GAMES&superCatName=GAMING&title=&queryID=4193959B224E7229469364837C40CF48&position=274","£3.00","Trade in for Voucher","£2.00","Trade in for Cash"
"https://uk.webuy.com/product-detail?id=5021290091115&categoryName=PLAYSTATION5-GAMES&superCatName=GAMING&title=&queryID=4193959B224E7229469364837C40CF48&position=275","https://uk.static.webuy.com/product_images/Gaming/Playstation5%20Software/5021290091115_l.jpg","4.5","Life is Strange: True Colors","£10.00","https://uk.webuy.com/sell/product-detail?id=5021290091115&categoryName=PLAYSTATION5-GAMES&superCatName=GAMING&title=&queryID=4193959B224E7229469364837C40CF48&position=275","£6.00","Trade in for Voucher","£4.00","Trade in for Cash"
"https://uk.webuy.com/product-detail?id=5026555428859&categoryName=PLAYSTATION5-GAMES&superCatName=GAMING&title=&queryID=4193959B224E7229469364837C40CF48&position=276","https://uk.static.webuy.com/resize_images/Gaming/Playstation5%20Software/5026555428859_l.jpg","4.4","NBA 2K21 (No DLC)","£4.00","https://uk.webuy.com/sell/product-detail?id=5026555428859&categoryName=PLAYSTATION5-GAMES&superCatName=GAMING&title=&queryID=4193959B224E7229469364837C40CF48&position=276","£1.50","Trade in for Voucher","£1.00","Trade in for Cash"
"https://uk.webuy.com/product-detail?id=5021290087125&categoryName=PLAYSTATION5-GAMES&superCatName=GAMING&title=&queryID=4193959B224E7229469364837C40CF48&position=277","https://uk.static.webuy.com/resize_images/Gaming/Playstation5%20Software/5021290087125_l.jpg","4","Outriders","£5.00","https://uk.webuy.com/sell/product-detail?id=5021290087125&categoryName=PLAYSTATION5-GAMES&superCatName=GAMING&title=&queryID=4193959B224E7229469364837C40CF48&position=277","£3.00","Trade in for Voucher","£2.00","Trade in for Cash"
"https://uk.webuy.com/product-detail?id=4964808152759&categoryName=PLAYSTATION5-GAMES&superCatName=GAMING&title=&queryID=4193959B224E7229469364837C40CF48&position=278","https://uk.static.webuy.com/resize_images/Gaming/Playstation5%20Software/4964808152759_l.jpg","","Fatal Fury: City of the Wolves","£15.00","https://uk.webuy.com/sell/product-detail?id=4964808152759&categoryName=PLAYSTATION5-GAMES&superCatName=GAMING&title=&queryID=4193959B224E7229469364837C40CF48&position=278","£9.00","Trade in for Voucher","£6.00","Trade in for Cash"
"https://uk.webuy.com/product-detail?id=5026555067829&categoryName=PLAYSTATION5-GAMES&superCatName=GAMING&title=&queryID=4193959B224E7229469364837C40CF48&position=279","https://uk.static.webuy.com/product_images/Gaming/Playstation5%20Software/5026555067829_l.jpg","4.3","Yakuza: Like A Dragon","£10.00","https://uk.webuy.com/sell/product-detail?id=5026555067829&categoryName=PLAYSTATION5-GAMES&superCatName=GAMING&title=&queryID=4193959B224E7229469364837C40CF48&position=279","£6.00","Trade in for Voucher","£4.00","Trade in for Cash"
"https://uk.webuy.com/product-detail?id=3512899959064&categoryName=PLAYSTATION5-GAMES&superCatName=GAMING&title=&queryID=4193959B224E7229469364837C40CF48&position=280","https://uk.static.webuy.com/resize_images/Gaming/Playstation5%20Software/3512899959064_l.jpg","4.2","Atlas Fallen","£12.00","https://uk.webuy.com/sell/product-detail?id=3512899959064&categoryName=PLAYSTATION5-GAMES&superCatName=GAMING&title=&queryID=4193959B224E7229469364837C40CF48&position=280","£7.00","Trade in for Voucher","£5.00","Trade in for Cash"
"https://uk.webuy.com/product-detail?id=3701529503115&categoryName=PLAYSTATION5-GAMES&superCatName=GAMING&title=&queryID=4193959B224E7229469364837C40CF48&position=281","https://uk.static.webuy.com/resize_images/Gaming/Playstation5%20Software/3701529503115_l.jpg","1","House of the Dead Remake","£20.00","https://uk.webuy.com/sell/product-detail?id=3701529503115&categoryName=PLAYSTATION5-GAMES&superCatName=GAMING&title=&queryID=4193959B224E7229469364837C40CF48&position=281","£13.00","Trade in for Voucher","£9.00","Trade in for Cash"
"https://uk.webuy.com/product-detail?id=3665962021219&categoryName=PLAYSTATION5-GAMES&superCatName=GAMING&title=&queryID=4193959B224E7229469364837C40CF48&position=282","https://uk.static.webuy.com/resize_images/Gaming/Playstation5%20Software/3665962021219_l.jpg","4.8","Cricket 24","£15.00","https://uk.webuy.com/sell/product-detail?id=3665962021219&categoryName=PLAYSTATION5-GAMES&superCatName=GAMING&title=&queryID=4193959B224E7229469364837C40CF48&position=282","£9.00","Trade in for Voucher","£6.00","Trade in for Cash"
"https://uk.webuy.com/product-detail?id=8023171045900&categoryName=PLAYSTATION5-GAMES&superCatName=GAMING&title=&queryID=4193959B224E7229469364837C40CF48&position=283","https://uk.static.webuy.com/resize_images/Gaming/Playstation5%20Software/8023171045900_l.jpg","4.6","Assetto Corsa Competizione","£30.00","https://uk.webuy.com/sell/product-detail?id=8023171045900&categoryName=PLAYSTATION5-GAMES&superCatName=GAMING&title=&queryID=4193959B224E7229469364837C40CF48&position=283","£19.00","Trade in for Voucher","£13.00","Trade in for Cash"
"https://uk.webuy.com/product-detail?id=5060968301446&categoryName=PLAYSTATION5-GAMES&superCatName=GAMING&title=&queryID=4193959B224E7229469364837C40CF48&position=284","https://uk.static.webuy.com/resize_images/Gaming/Playstation5%20Software/5060968301446_l.jpg","4","Dreamworks All-Star Kart Racing","£18.00","https://uk.webuy.com/sell/product-detail?id=5060968301446&categoryName=PLAYSTATION5-GAMES&superCatName=GAMING&title=&queryID=4193959B224E7229469364837C40CF48&position=284","£11.00","Trade in for Voucher","£8.00","Trade in for Cash"
"https://uk.webuy.com/product-detail?id=5056635603913&categoryName=PLAYSTATION5-GAMES&superCatName=GAMING&title=&queryID=4193959B224E7229469364837C40CF48&position=285","https://uk.static.webuy.com/resize_images/Gaming/Playstation5%20Software/5056635603913_l.jpg","3.2","Texas Chainsaw Massacre, The","£15.00","https://uk.webuy.com/sell/product-detail?id=5056635603913&categoryName=PLAYSTATION5-GAMES&superCatName=GAMING&title=&queryID=4193959B224E7229469364837C40CF48&position=285","£9.00","Trade in for Voucher","£6.00","Trade in for Cash"
"https://uk.webuy.com/product-detail?id=5035226125331&categoryName=PLAYSTATION5-GAMES&superCatName=GAMING&title=&queryID=4193959B224E7229469364837C40CF48&position=286","https://uk.static.webuy.com/resize_images/Gaming/Playstation5%20Software/5035226125331_l.jpg","5","NHL 26","£35.00","https://uk.webuy.com/sell/product-detail?id=5035226125331&categoryName=PLAYSTATION5-GAMES&superCatName=GAMING&title=&queryID=4193959B224E7229469364837C40CF48&position=286","£22.00","Trade in for Voucher","£16.00","Trade in for Cash"
"https://uk.webuy.com/product-detail?id=5055277056064&categoryName=PLAYSTATION5-GAMES&superCatName=GAMING&title=&queryID=4193959B224E7229469364837C40CF48&position=287","https://uk.static.webuy.com/resize_images/Gaming/Playstation5%20Software/5055277056064_l.jpg","4.5","Shinobi: Art of Vengeance","£32.00","https://uk.webuy.com/sell/product-detail?id=5055277056064&categoryName=PLAYSTATION5-GAMES&superCatName=GAMING&title=&queryID=4193959B224E7229469364837C40CF48&position=287","£20.00","Trade in for Voucher","£14.00","Trade in for Cash"
"https://uk.webuy.com/product-detail?id=196388600960&categoryName=PLAYSTATION5-GAMES&superCatName=GAMING&title=&queryID=4193959B224E7229469364837C40CF48&position=288","https://uk.static.webuy.com/product_images/Gaming/Playstation5%20Software/196388600960_l.jpg","4.5","Microsoft Flight Simulator 2024","£80.00","https://uk.webuy.com/sell/product-detail?id=196388600960&categoryName=PLAYSTATION5-GAMES&superCatName=GAMING&title=&queryID=4193959B224E7229469364837C40CF48&position=288","£55.00","Trade in for Voucher","£45.00","Trade in for Cash"
"https://uk.webuy.com/product-detail?id=3307216204763&categoryName=PLAYSTATION5-GAMES&superCatName=GAMING&title=&queryID=4193959B224E7229469364837C40CF48&position=289","https://uk.static.webuy.com/product_images/Gaming/Playstation5%20Software/3307216204763_l.jpg","4.4","Rainbow Six: Siege (No DLC)","£10.00","https://uk.webuy.com/sell/product-detail?id=3307216204763&categoryName=PLAYSTATION5-GAMES&superCatName=GAMING&title=&queryID=4193959B224E7229469364837C40CF48&position=289","£6.00","Trade in for Voucher","£4.00","Trade in for Cash"
"https://uk.webuy.com/product-detail?id=5060760887032&categoryName=PLAYSTATION5-GAMES&superCatName=GAMING&title=&queryID=22F72332058AEC6E6206E807417C0760&position=290","https://uk.static.webuy.com/resize_images/Gaming/Playstation5%20Software/5060760887032_l.jpg","4","Hello Neighbor 2","£12.00","https://uk.webuy.com/sell/product-detail?id=5060760887032&categoryName=PLAYSTATION5-GAMES&superCatName=GAMING&title=&queryID=22F72332058AEC6E6206E807417C0760&position=290","£7.00","Trade in for Voucher","£5.00","Trade in for Cash"
"https://uk.webuy.com/product-detail?id=5056635605016&categoryName=PLAYSTATION5-GAMES&superCatName=GAMING&title=&queryID=22F72332058AEC6E6206E807417C0760&position=291","https://uk.static.webuy.com/resize_images/Gaming/Playstation5%20Software/5056635605016_l.jpg","4","Disney Dreamlight Valley (No DLC)","£28.00","https://uk.webuy.com/sell/product-detail?id=5056635605016&categoryName=PLAYSTATION5-GAMES&superCatName=GAMING&title=&queryID=22F72332058AEC6E6206E807417C0760&position=291","£18.00","Trade in for Voucher","£12.00","Trade in for Cash"
"https://uk.webuy.com/product-detail?id=4020628584665&categoryName=PLAYSTATION5-GAMES&superCatName=GAMING&title=&queryID=22F72332058AEC6E6206E807417C0760&position=292","https://uk.static.webuy.com/resize_images/Gaming/Playstation5%20Software/4020628584665_l.jpg","4","Expeditions: A Mudrunner Game","£15.00","https://uk.webuy.com/sell/product-detail?id=4020628584665&categoryName=PLAYSTATION5-GAMES&superCatName=GAMING&title=&queryID=22F72332058AEC6E6206E807417C0760&position=292","£9.00","Trade in for Voucher","£6.00","Trade in for Cash"
"https://uk.webuy.com/product-detail?id=3665962034479&categoryName=PLAYSTATION5-GAMES&superCatName=GAMING&title=&queryID=22F72332058AEC6E6206E807417C0760&position=293","https://uk.static.webuy.com/resize_images/Gaming/Playstation5%20Software/3665962034479_l.jpg","3.5","Greedfall 2: The Dying World","£42.00","https://uk.webuy.com/sell/product-detail?id=3665962034479&categoryName=PLAYSTATION5-GAMES&superCatName=GAMING&title=&queryID=22F72332058AEC6E6206E807417C0760&position=293","£28.00","Trade in for Voucher","£23.00","Trade in for Cash"
"https://uk.webuy.com/product-detail?id=5060968300029&categoryName=PLAYSTATION5-GAMES&superCatName=GAMING&title=&queryID=22F72332058AEC6E6206E807417C0760&position=294","https://uk.static.webuy.com/resize_images/Gaming/Playstation5%20Software/5060968300029_l.jpg","2","Cobra Kai 2: Dojos Rising","£12.00","https://uk.webuy.com/sell/product-detail?id=5060968300029&categoryName=PLAYSTATION5-GAMES&superCatName=GAMING&title=&queryID=22F72332058AEC6E6206E807417C0760&position=294","£7.00","Trade in for Voucher","£5.00","Trade in for Cash"
"https://uk.webuy.com/product-detail?id=8023171047683&categoryName=PLAYSTATION5-GAMES&superCatName=GAMING&title=&queryID=22F72332058AEC6E6206E807417C0760&position=295","https://uk.static.webuy.com/resize_images/Gaming/Playstation5%20Software/8023171047683_l.jpg","","Blades of Fire","£18.00","https://uk.webuy.com/sell/product-detail?id=8023171047683&categoryName=PLAYSTATION5-GAMES&superCatName=GAMING&title=&queryID=22F72332058AEC6E6206E807417C0760&position=295","£11.00","Trade in for Voucher","£8.00","Trade in for Cash"
"https://uk.webuy.com/product-detail?id=5056635613592&categoryName=PLAYSTATION5-GAMES&superCatName=GAMING&title=&queryID=22F72332058AEC6E6206E807417C0760&position=296","https://uk.static.webuy.com/resize_images/Gaming/Playstation5%20Software/5056635613592_l.jpg","","Legacy of Kain Soul Reaver 1-2 Remastered","£22.00","https://uk.webuy.com/sell/product-detail?id=5056635613592&categoryName=PLAYSTATION5-GAMES&superCatName=GAMING&title=&queryID=22F72332058AEC6E6206E807417C0760&position=296","£14.00","Trade in for Voucher","£10.00","Trade in for Cash"
"https://uk.webuy.com/product-detail?id=5060968302719&categoryName=PLAYSTATION5-GAMES&superCatName=GAMING&title=&queryID=22F72332058AEC6E6206E807417C0760&position=297","https://uk.static.webuy.com/resize_images/Gaming/Playstation5%20Software/5060968302719_l.jpg","5","Fast & Furious Arcade Edition","£25.00","https://uk.webuy.com/sell/product-detail?id=5060968302719&categoryName=PLAYSTATION5-GAMES&superCatName=GAMING&title=&queryID=22F72332058AEC6E6206E807417C0760&position=297","£16.00","Trade in for Voucher","£11.00","Trade in for Cash"
"https://uk.webuy.com/product-detail?id=5030939125265&categoryName=PLAYSTATION5-GAMES&superCatName=GAMING&title=&queryID=22F72332058AEC6E6206E807417C0760&position=298","https://uk.static.webuy.com/resize_images/Gaming/Playstation5%20Software/5030939125265_l.jpg","5","Madden NFL 24","£6.00","https://uk.webuy.com/sell/product-detail?id=5030939125265&categoryName=PLAYSTATION5-GAMES&superCatName=GAMING&title=&queryID=22F72332058AEC6E6206E807417C0760&position=298","£3.00","Trade in for Voucher","£2.00","Trade in for Cash"
"https://uk.webuy.com/product-detail?id=5021290100695&categoryName=PLAYSTATION5-GAMES&superCatName=GAMING&title=&queryID=22F72332058AEC6E6206E807417C0760&position=299","https://uk.static.webuy.com/product_images/Gaming/Playstation5%20Software/5021290100695_l.jpg","5","Final Fantasy Tactics: Ivalice Chronicles","£35.00","https://uk.webuy.com/sell/product-detail?id=5021290100695&categoryName=PLAYSTATION5-GAMES&superCatName=GAMING&title=&queryID=22F72332058AEC6E6206E807417C0760&position=299","£22.00","Trade in for Voucher","£16.00","Trade in for Cash"
"https://uk.webuy.com/product-detail?id=4041417870325&categoryName=PLAYSTATION5-GAMES&superCatName=GAMING&title=&queryID=22F72332058AEC6E6206E807417C0760&position=300","https://uk.static.webuy.com/resize_images/Gaming/Playstation5%20Software/4041417870325_l.jpg","4.8","Police Simulator: Patrol Officers","£30.00","https://uk.webuy.com/sell/product-detail?id=4041417870325&categoryName=PLAYSTATION5-GAMES&superCatName=GAMING&title=&queryID=22F72332058AEC6E6206E807417C0760&position=300","£19.00","Trade in for Voucher","£13.00","Trade in for Cash"
"https://uk.webuy.com/product-detail?id=4020628615390&categoryName=PLAYSTATION5-GAMES&superCatName=GAMING&title=&queryID=22F72332058AEC6E6206E807417C0760&position=301","https://uk.static.webuy.com/product_images/Gaming/Playstation5%20Software/4020628615390_l.jpg","4.7","Granblue Fantasy: Relink","£20.00","https://uk.webuy.com/sell/product-detail?id=4020628615390&categoryName=PLAYSTATION5-GAMES&superCatName=GAMING&title=&queryID=22F72332058AEC6E6206E807417C0760&position=301","£13.00","Trade in for Voucher","£9.00","Trade in for Cash"
"https://uk.webuy.com/product-detail?id=5055277045372&categoryName=PLAYSTATION5-GAMES&superCatName=GAMING&title=&queryID=22F72332058AEC6E6206E807417C0760&position=302","https://uk.static.webuy.com/resize_images/Gaming/Playstation5%20Software/5055277045372_l.jpg","4.6","Demon Slayer Kimetsu No Yaiba: The Hinokami Chronicles","£18.00","https://uk.webuy.com/sell/product-detail?id=5055277045372&categoryName=PLAYSTATION5-GAMES&superCatName=GAMING&title=&queryID=22F72332058AEC6E6206E807417C0760&position=302","£11.00","Trade in for Voucher","£8.00","Trade in for Cash"
"https://uk.webuy.com/product-detail?id=4020628706418&categoryName=PLAYSTATION5-GAMES&superCatName=GAMING&title=&queryID=22F72332058AEC6E6206E807417C0760&position=303","https://uk.static.webuy.com/resize_images/Gaming/Playstation5%20Software/4020628706418_l.jpg","4.4","Maneater","£8.00","https://uk.webuy.com/sell/product-detail?id=4020628706418&categoryName=PLAYSTATION5-GAMES&superCatName=GAMING&title=&queryID=22F72332058AEC6E6206E807417C0760&position=303","£5.00","Trade in for Voucher","£3.00","Trade in for Cash"
"https://uk.webuy.com/product-detail?id=3665962025064&categoryName=PLAYSTATION5-GAMES&superCatName=GAMING&title=&queryID=22F72332058AEC6E6206E807417C0760&position=304","https://uk.static.webuy.com/resize_images/Gaming/Playstation5%20Software/3665962025064_l.jpg","4.4","Taxi Life: A City Driving Simulator","£30.00","https://uk.webuy.com/sell/product-detail?id=3665962025064&categoryName=PLAYSTATION5-GAMES&superCatName=GAMING&title=&queryID=22F72332058AEC6E6206E807417C0760&position=304","£19.00","Trade in for Voucher","£13.00","Trade in for Cash"
"https://uk.webuy.com/product-detail?id=3391892022629&categoryName=PLAYSTATION5-GAMES&superCatName=GAMING&title=&queryID=22F72332058AEC6E6206E807417C0760&position=305","https://uk.static.webuy.com/resize_images/Gaming/Playstation5%20Software/3391892022629_l.jpg","2.3","LEGO Brawls","£8.00","https://uk.webuy.com/sell/product-detail?id=3391892022629&categoryName=PLAYSTATION5-GAMES&superCatName=GAMING&title=&queryID=22F72332058AEC6E6206E807417C0760&position=305","£5.00","Trade in for Voucher","£3.00","Trade in for Cash"
"https://uk.webuy.com/product-detail?id=811949038395&categoryName=PLAYSTATION5-GAMES&superCatName=GAMING&title=&queryID=22F72332058AEC6E6206E807417C0760&position=306","https://uk.static.webuy.com/product_images/Gaming/Playstation5%20Software/811949038395_l.jpg","","Predator: Hunting Grounds","£28.00","https://uk.webuy.com/sell/product-detail?id=811949038395&categoryName=PLAYSTATION5-GAMES&superCatName=GAMING&title=&queryID=22F72332058AEC6E6206E807417C0760&position=306","£18.00","Trade in for Voucher","£12.00","Trade in for Cash"
"https://uk.webuy.com/product-detail?id=5061005352988&categoryName=PLAYSTATION5-GAMES&superCatName=GAMING&title=&queryID=F10A8EF0516F99CFA1036FB402AFCA0D&position=307","https://uk.static.webuy.com/resize_images/Gaming/Playstation5%20Software/5061005352988_l.jpg","","Monster High: Skulltimate Secrets","£12.00","https://uk.webuy.com/sell/product-detail?id=5061005352988&categoryName=PLAYSTATION5-GAMES&superCatName=GAMING&title=&queryID=F10A8EF0516F99CFA1036FB402AFCA0D&position=307","£7.00","Trade in for Voucher","£5.00","Trade in for Cash"
"https://uk.webuy.com/product-detail?id=5055957705213&categoryName=PLAYSTATION5-GAMES&superCatName=GAMING&title=&queryID=F10A8EF0516F99CFA1036FB402AFCA0D&position=308","https://uk.static.webuy.com/resize_images/Gaming/Playstation5%20Software/5055957705213_l.jpg","","Sociable Soccer 25","£6.00","https://uk.webuy.com/sell/product-detail?id=5055957705213&categoryName=PLAYSTATION5-GAMES&superCatName=GAMING&title=&queryID=F10A8EF0516F99CFA1036FB402AFCA0D&position=308","£3.00","Trade in for Voucher","£2.00","Trade in for Cash"
"https://uk.webuy.com/product-detail?id=5026555438261&categoryName=PLAYSTATION5-GAMES&superCatName=GAMING&title=&queryID=F10A8EF0516F99CFA1036FB402AFCA0D&position=309","https://uk.static.webuy.com/resize_images/Gaming/Playstation5%20Software/5026555438261_l.jpg","","Sid Meier's Civilization VII","£28.00","https://uk.webuy.com/sell/product-detail?id=5026555438261&categoryName=PLAYSTATION5-GAMES&superCatName=GAMING&title=&queryID=F10A8EF0516F99CFA1036FB402AFCA0D&position=309","£18.00","Trade in for Voucher","£12.00","Trade in for Cash"
"https://uk.webuy.com/product-detail?id=3760156487090&categoryName=PLAYSTATION5-GAMES&superCatName=GAMING&title=&queryID=F10A8EF0516F99CFA1036FB402AFCA0D&position=310","https://uk.static.webuy.com/resize_images/Gaming/Playstation5%20Software/3760156487090_l.jpg","4.7","Oddworld: Soulstorm","£20.00","https://uk.webuy.com/sell/product-detail?id=3760156487090&categoryName=PLAYSTATION5-GAMES&superCatName=GAMING&title=&queryID=F10A8EF0516F99CFA1036FB402AFCA0D&position=310","£13.00","Trade in for Voucher","£9.00","Trade in for Cash"
"https://uk.webuy.com/product-detail?id=8023171045481&categoryName=PLAYSTATION5-GAMES&superCatName=GAMING&title=&queryID=F10A8EF0516F99CFA1036FB402AFCA0D&position=311","https://uk.static.webuy.com/resize_images/Gaming/Playstation5%20Software/8023171045481_l.jpg","4.4","Control Ultimate Edition","£22.00","https://uk.webuy.com/sell/product-detail?id=8023171045481&categoryName=PLAYSTATION5-GAMES&superCatName=GAMING&title=&queryID=F10A8EF0516F99CFA1036FB402AFCA0D&position=311","£14.00","Trade in for Voucher","£10.00","Trade in for Cash"
"https://uk.webuy.com/product-detail?id=3391892015201&categoryName=PLAYSTATION5-GAMES&superCatName=GAMING&title=&queryID=F10A8EF0516F99CFA1036FB402AFCA0D&position=312","https://uk.static.webuy.com/resize_images/Gaming/Playstation5%20Software/3391892015201_l.jpg","4.2","Subnautica: Below Zero","£18.00","https://uk.webuy.com/sell/product-detail?id=3391892015201&categoryName=PLAYSTATION5-GAMES&superCatName=GAMING&title=&queryID=F10A8EF0516F99CFA1036FB402AFCA0D&position=312","£11.00","Trade in for Voucher","£8.00","Trade in for Cash"
"https://uk.webuy.com/product-detail?id=3307216304043&categoryName=PLAYSTATION5-GAMES&superCatName=GAMING&title=&queryID=F10A8EF0516F99CFA1036FB402AFCA0D&position=313","https://uk.static.webuy.com/resize_images/Gaming/Playstation5%20Software/3307216304043_l.jpg","3","ANNO 117: Pax Romana","£40.00","https://uk.webuy.com/sell/product-detail?id=3307216304043&categoryName=PLAYSTATION5-GAMES&superCatName=GAMING&title=&queryID=F10A8EF0516F99CFA1036FB402AFCA0D&position=313","£26.00","Trade in for Voucher","£18.00","Trade in for Cash"
"https://uk.webuy.com/product-detail?id=5060690797029&categoryName=PLAYSTATION5-GAMES&superCatName=GAMING&title=&queryID=F10A8EF0516F99CFA1036FB402AFCA0D&position=314","https://uk.static.webuy.com/resize_images/Gaming/Playstation5%20Software/5060690797029_l.jpg","","Tormented Souls II","£30.00","https://uk.webuy.com/sell/product-detail?id=5060690797029&categoryName=PLAYSTATION5-GAMES&superCatName=GAMING&title=&queryID=F10A8EF0516F99CFA1036FB402AFCA0D&position=314","£19.00","Trade in for Voucher","£13.00","Trade in for Cash"
"https://uk.webuy.com/product-detail?id=5056635619570&categoryName=PLAYSTATION5-GAMES&superCatName=GAMING&title=&queryID=F10A8EF0516F99CFA1036FB402AFCA0D&position=315","https://uk.static.webuy.com/resize_images/Gaming/Playstation5%20Software/5056635619570_l.jpg","","Marvel Cosmic Invasion","£30.00","https://uk.webuy.com/sell/product-detail?id=5056635619570&categoryName=PLAYSTATION5-GAMES&superCatName=GAMING&title=&queryID=F10A8EF0516F99CFA1036FB402AFCA0D&position=315","£20.00","Trade in for Voucher","£17.00","Trade in for Cash"
"https://uk.webuy.com/product-detail?id=5030940125353&categoryName=PLAYSTATION5-GAMES&superCatName=GAMING&title=&queryID=F10A8EF0516F99CFA1036FB402AFCA0D&position=316","https://uk.static.webuy.com/resize_images/Gaming/Playstation5%20Software/5030940125353_l.jpg","","Madden NFL 25","£12.00","https://uk.webuy.com/sell/product-detail?id=5030940125353&categoryName=PLAYSTATION5-GAMES&superCatName=GAMING&title=&queryID=F10A8EF0516F99CFA1036FB402AFCA0D&position=316","£7.00","Trade in for Voucher","£5.00","Trade in for Cash"
"https://uk.webuy.com/product-detail?id=3391892033328&categoryName=PLAYSTATION5-GAMES&superCatName=GAMING&title=&queryID=F10A8EF0516F99CFA1036FB402AFCA0D&position=317","https://uk.static.webuy.com/resize_images/Gaming/Playstation5%20Software/3391892033328_l.jpg","","Little Nightmares II (2): Enhanced Edition","£18.00","https://uk.webuy.com/sell/product-detail?id=3391892033328&categoryName=PLAYSTATION5-GAMES&superCatName=GAMING&title=&queryID=F10A8EF0516F99CFA1036FB402AFCA0D&position=317","£11.00","Trade in for Voucher","£8.00","Trade in for Cash"
"https://uk.webuy.com/product-detail?id=5016488138581&categoryName=PLAYSTATION5-GAMES&superCatName=GAMING&title=&queryID=F10A8EF0516F99CFA1036FB402AFCA0D&position=318","https://uk.static.webuy.com/resize_images/Gaming/Playstation5%20Software/5016488138581_l.jpg","5","Nerf Legends","£6.00","https://uk.webuy.com/sell/product-detail?id=5016488138581&categoryName=PLAYSTATION5-GAMES&superCatName=GAMING&title=&queryID=F10A8EF0516F99CFA1036FB402AFCA0D&position=318","£3.00","Trade in for Voucher","£2.00","Trade in for Cash"
"https://uk.webuy.com/product-detail?id=8057168507348&categoryName=PLAYSTATION5-GAMES&superCatName=GAMING&title=&queryID=F10A8EF0516F99CFA1036FB402AFCA0D&position=319","https://uk.static.webuy.com/resize_images/Gaming/Playstation5%20Software/8057168507348_l.jpg","4.8","Hot Wheels Unleashed 2 - Turbocharged","£12.00","https://uk.webuy.com/sell/product-detail?id=8057168507348&categoryName=PLAYSTATION5-GAMES&superCatName=GAMING&title=&queryID=F10A8EF0516F99CFA1036FB402AFCA0D&position=319","£7.00","Trade in for Voucher","£5.00","Trade in for Cash"
"https://uk.webuy.com/product-detail?id=5060264377466&categoryName=PLAYSTATION5-GAMES&superCatName=GAMING&title=&queryID=F10A8EF0516F99CFA1036FB402AFCA0D&position=320","https://uk.static.webuy.com/resize_images/Gaming/Playstation5%20Software/5060264377466_l.jpg","4.7","Teenage Mutant Ninja Turtles: Shredders Revenge","£10.00","https://uk.webuy.com/sell/product-detail?id=5060264377466&categoryName=PLAYSTATION5-GAMES&superCatName=GAMING&title=&queryID=F10A8EF0516F99CFA1036FB402AFCA0D&position=320","£6.00","Trade in for Voucher","£4.00","Trade in for Cash"
"https://uk.webuy.com/product-detail?id=4020628668518&categoryName=PLAYSTATION5-GAMES&superCatName=GAMING&title=&queryID=F10A8EF0516F99CFA1036FB402AFCA0D&position=321","https://uk.static.webuy.com/resize_images/Gaming/Playstation5%20Software/4020628668518_l.jpg","4.4","Mount & Blade II: Bannerlord","£25.00","https://uk.webuy.com/sell/product-detail?id=4020628668518&categoryName=PLAYSTATION5-GAMES&superCatName=GAMING&title=&queryID=F10A8EF0516F99CFA1036FB402AFCA0D&position=321","£16.00","Trade in for Voucher","£11.00","Trade in for Cash"
"https://uk.webuy.com/product-detail?id=5055277042425&categoryName=PLAYSTATION5-GAMES&superCatName=GAMING&title=&queryID=F10A8EF0516F99CFA1036FB402AFCA0D&position=322","https://uk.static.webuy.com/resize_images/Gaming/Playstation5%20Software/5055277042425_l.jpg","4.3","Judgment","£15.00","https://uk.webuy.com/sell/product-detail?id=5055277042425&categoryName=PLAYSTATION5-GAMES&superCatName=GAMING&title=&queryID=F10A8EF0516F99CFA1036FB402AFCA0D&position=322","£9.00","Trade in for Voucher","£6.00","Trade in for Cash"
"https://uk.webuy.com/product-detail?id=5061005353411&categoryName=PLAYSTATION5-GAMES&superCatName=GAMING&title=&queryID=F10A8EF0516F99CFA1036FB402AFCA0D&position=323","https://uk.static.webuy.com/resize_images/Gaming/Playstation5%20Software/5061005353411_l.jpg","","Teenage Mutant Ninja Turtles: Mutants Unleashed","£15.00","https://uk.webuy.com/sell/product-detail?id=5061005353411&categoryName=PLAYSTATION5-GAMES&superCatName=GAMING&title=&queryID=F10A8EF0516F99CFA1036FB402AFCA0D&position=323","£9.00","Trade in for Voucher","£6.00","Trade in for Cash"
"https://uk.webuy.com/product-detail?id=5060968302054&categoryName=PLAYSTATION5-GAMES&superCatName=GAMING&title=&queryID=4CC37E53C64AB66A474ED0F3244278FD&position=324","https://uk.static.webuy.com/resize_images/Gaming/Playstation5%20Software/5060968302054_l.jpg","","Hot Wheels Monster Trucks: Stunt Mayhem","£18.00","https://uk.webuy.com/sell/product-detail?id=5060968302054&categoryName=PLAYSTATION5-GAMES&superCatName=GAMING&title=&queryID=4CC37E53C64AB66A474ED0F3244278FD&position=324","£11.00","Trade in for Voucher","£8.00","Trade in for Cash"
"https://uk.webuy.com/product-detail?id=5060540773005&categoryName=PLAYSTATION5-GAMES&superCatName=GAMING&title=&queryID=4CC37E53C64AB66A474ED0F3244278FD&position=325","https://uk.static.webuy.com/resize_images/Gaming/Playstation5%20Software/5060540773005_l.jpg","","Daemon x Machina: Titanic Scion","£25.00","https://uk.webuy.com/sell/product-detail?id=5060540773005&categoryName=PLAYSTATION5-GAMES&superCatName=GAMING&title=&queryID=4CC37E53C64AB66A474ED0F3244278FD&position=325","£16.00","Trade in for Voucher","£11.00","Trade in for Cash"
"https://uk.webuy.com/product-detail?id=5055277054879&categoryName=PLAYSTATION5-GAMES&superCatName=GAMING&title=&queryID=4CC37E53C64AB66A474ED0F3244278FD&position=326","https://uk.static.webuy.com/resize_images/Gaming/Playstation5%20Software/5055277054879_l.jpg","","Two Point Museum (No DLC)","£20.00","https://uk.webuy.com/sell/product-detail?id=5055277054879&categoryName=PLAYSTATION5-GAMES&superCatName=GAMING&title=&queryID=4CC37E53C64AB66A474ED0F3244278FD&position=326","£13.00","Trade in for Voucher","£9.00","Trade in for Cash"
"https://uk.webuy.com/product-detail?id=4020628559373&categoryName=PLAYSTATION5-GAMES&superCatName=GAMING&title=&queryID=4CC37E53C64AB66A474ED0F3244278FD&position=327","https://uk.static.webuy.com/resize_images/Gaming/Playstation5%20Software/4020628559373_l.jpg","","Killing Floor 3 (No DLC)","£12.00","https://uk.webuy.com/sell/product-detail?id=4020628559373&categoryName=PLAYSTATION5-GAMES&superCatName=GAMING&title=&queryID=4CC37E53C64AB66A474ED0F3244278FD&position=327","£7.00","Trade in for Voucher","£5.00","Trade in for Cash"
"https://uk.webuy.com/product-detail?id=5021290100503&categoryName=PLAYSTATION5-GAMES&superCatName=GAMING&title=&queryID=4CC37E53C64AB66A474ED0F3244278FD&position=328","https://uk.static.webuy.com/resize_images/Gaming/Playstation5%20Software/5021290100503_l.jpg","5","Dragon Quest I&II HD-2D Remake","£42.00","https://uk.webuy.com/sell/product-detail?id=5021290100503&categoryName=PLAYSTATION5-GAMES&superCatName=GAMING&title=&queryID=4CC37E53C64AB66A474ED0F3244278FD&position=328","£27.00","Trade in for Voucher","£19.00","Trade in for Cash"
"https://uk.webuy.com/product-detail?id=3391892024616&categoryName=PLAYSTATION5-GAMES&superCatName=GAMING&title=&queryID=4CC37E53C64AB66A474ED0F3244278FD&position=329","https://uk.static.webuy.com/resize_images/Gaming/Playstation5%20Software/3391892024616_l.jpg","5","Dragon Ball Z Kakarot","£18.00","https://uk.webuy.com/sell/product-detail?id=3391892024616&categoryName=PLAYSTATION5-GAMES&superCatName=GAMING&title=&queryID=4CC37E53C64AB66A474ED0F3244278FD&position=329","£11.00","Trade in for Voucher","£8.00","Trade in for Cash"
"https://uk.webuy.com/product-detail?id=5030917294488&categoryName=PLAYSTATION5-GAMES&superCatName=GAMING&title=&queryID=4CC37E53C64AB66A474ED0F3244278FD&position=330","https://uk.static.webuy.com/resize_images/Gaming/Playstation5%20Software/5030917294488_l.jpg","4.9","Tony Hawk's Pro Skater 1+2","£25.00","https://uk.webuy.com/sell/product-detail?id=5030917294488&categoryName=PLAYSTATION5-GAMES&superCatName=GAMING&title=&queryID=4CC37E53C64AB66A474ED0F3244278FD&position=330","£16.00","Trade in for Voucher","£11.00","Trade in for Cash"
"https://uk.webuy.com/product-detail?id=3391892012064&categoryName=PLAYSTATION5-GAMES&superCatName=GAMING&title=&queryID=4CC37E53C64AB66A474ED0F3244278FD&position=331","https://uk.static.webuy.com/resize_images/Gaming/Playstation5%20Software/3391892012064_l.jpg","4.9","Scarlet Nexus","£8.00","https://uk.webuy.com/sell/product-detail?id=3391892012064&categoryName=PLAYSTATION5-GAMES&superCatName=GAMING&title=&queryID=4CC37E53C64AB66A474ED0F3244278FD&position=331","£5.00","Trade in for Voucher","£3.00","Trade in for Cash"
"https://uk.webuy.com/product-detail?id=8057168506945&categoryName=PLAYSTATION5-GAMES&superCatName=GAMING&title=&queryID=4CC37E53C64AB66A474ED0F3244278FD&position=332","https://uk.static.webuy.com/resize_images/Gaming/Playstation5%20Software/8057168506945_l.jpg","4.4","Ride 5","£18.00","https://uk.webuy.com/sell/product-detail?id=8057168506945&categoryName=PLAYSTATION5-GAMES&superCatName=GAMING&title=&queryID=4CC37E53C64AB66A474ED0F3244278FD&position=332","£11.00","Trade in for Voucher","£8.00","Trade in for Cash"
"https://uk.webuy.com/product-detail?id=5060522099499&categoryName=PLAYSTATION5-GAMES&superCatName=GAMING&title=&queryID=4CC37E53C64AB66A474ED0F3244278FD&position=333","https://uk.static.webuy.com/resize_images/Gaming/Playstation5%20Software/5060522099499_l.jpg","3","Greyhill Incident","£18.00","https://uk.webuy.com/sell/product-detail?id=5060522099499&categoryName=PLAYSTATION5-GAMES&superCatName=GAMING&title=&queryID=4CC37E53C64AB66A474ED0F3244278FD&position=333","£11.00","Trade in for Voucher","£8.00","Trade in for Cash"
"https://uk.webuy.com/product-detail?id=8023171046556&categoryName=PLAYSTATION5-GAMES&superCatName=GAMING&title=&queryID=4CC37E53C64AB66A474ED0F3244278FD&position=334","https://uk.static.webuy.com/resize_images/Gaming/Playstation5%20Software/8023171046556_l.jpg","2.8","Crime Boss: Rockay City","£20.00","https://uk.webuy.com/sell/product-detail?id=8023171046556&categoryName=PLAYSTATION5-GAMES&superCatName=GAMING&title=&queryID=4CC37E53C64AB66A474ED0F3244278FD&position=334","£13.00","Trade in for Voucher","£9.00","Trade in for Cash"
"https://uk.webuy.com/product-detail?id=4020628621179&categoryName=PLAYSTATION5-GAMES&superCatName=GAMING&title=&queryID=4CC37E53C64AB66A474ED0F3244278FD&position=335","https://uk.static.webuy.com/resize_images/Gaming/Playstation5%20Software/4020628621179_l.jpg","2","Chant, The (No DLC)","£18.00","https://uk.webuy.com/sell/product-detail?id=4020628621179&categoryName=PLAYSTATION5-GAMES&superCatName=GAMING&title=&queryID=4CC37E53C64AB66A474ED0F3244278FD&position=335","£11.00","Trade in for Voucher","£8.00","Trade in for Cash"
"https://uk.webuy.com/product-detail?id=9120131602711&categoryName=PLAYSTATION5-GAMES&superCatName=GAMING&title=&queryID=4CC37E53C64AB66A474ED0F3244278FD&position=336","https://uk.static.webuy.com/resize_images/Gaming/Playstation5%20Software/9120131602711_l.jpg","","Darksiders II: Deathinitive Edition","£12.00","https://uk.webuy.com/sell/product-detail?id=9120131602711&categoryName=PLAYSTATION5-GAMES&superCatName=GAMING&title=&queryID=4CC37E53C64AB66A474ED0F3244278FD&position=336","£7.00","Trade in for Voucher","£5.00","Trade in for Cash"
"https://uk.webuy.com/product-detail?id=9120080078735&categoryName=PLAYSTATION5-GAMES&superCatName=GAMING&title=&queryID=4CC37E53C64AB66A474ED0F3244278FD&position=337","https://uk.static.webuy.com/resize_images/Gaming/Playstation5%20Software/9120080078735_l.jpg","","Wreckreation","£12.00","https://uk.webuy.com/sell/product-detail?id=9120080078735&categoryName=PLAYSTATION5-GAMES&superCatName=GAMING&title=&queryID=4CC37E53C64AB66A474ED0F3244278FD&position=337","£7.00","Trade in for Voucher","£5.00","Trade in for Cash"
"https://uk.webuy.com/product-detail?id=8056216170008&categoryName=PLAYSTATION5-GAMES&superCatName=GAMING&title=&queryID=4CC37E53C64AB66A474ED0F3244278FD&position=338","https://uk.static.webuy.com/resize_images/Gaming/Playstation5%20Software/8056216170008_l.jpg","","MotoGP 25","£18.00","https://uk.webuy.com/sell/product-detail?id=8056216170008&categoryName=PLAYSTATION5-GAMES&superCatName=GAMING&title=&queryID=4CC37E53C64AB66A474ED0F3244278FD&position=338","£11.00","Trade in for Voucher","£8.00","Trade in for Cash"
"https://uk.webuy.com/product-detail?id=5056635612571&categoryName=PLAYSTATION5-GAMES&superCatName=GAMING&title=&queryID=4CC37E53C64AB66A474ED0F3244278FD&position=339","https://uk.static.webuy.com/resize_images/Gaming/Playstation5%20Software/5056635612571_l.jpg","","Five Nights at Freddy's - Into the Pit","£25.00","https://uk.webuy.com/sell/product-detail?id=5056635612571&categoryName=PLAYSTATION5-GAMES&superCatName=GAMING&title=&queryID=4CC37E53C64AB66A474ED0F3244278FD&position=339","£16.00","Trade in for Voucher","£11.00","Trade in for Cash"
"https://uk.webuy.com/product-detail?id=3391892038200&categoryName=PLAYSTATION5-GAMES&superCatName=GAMING&title=&queryID=4CC37E53C64AB66A474ED0F3244278FD&position=340","https://uk.static.webuy.com/resize_images/Gaming/Playstation5%20Software/3391892038200_l.jpg","","Code Vein II (2)","£45.00","https://uk.webuy.com/sell/product-detail?id=3391892038200&categoryName=PLAYSTATION5-GAMES&superCatName=GAMING&title=&queryID=4CC37E53C64AB66A474ED0F3244278FD&position=340","£29.00","Trade in for Voucher","£20.00","Trade in for Cash"
"https://uk.webuy.com/product-detail?id=5055277049639&categoryName=PLAYSTATION5-GAMES&superCatName=GAMING&title=&queryID=8D9ADAB9FF2B2CE2005384EEA53E7301&position=341","https://uk.static.webuy.com/resize_images/Gaming/Playstation5%20Software/5055277049639_l.jpg","5","Company of Heroes 3 (No DLC)","£18.00","https://uk.webuy.com/sell/product-detail?id=5055277049639&categoryName=PLAYSTATION5-GAMES&superCatName=GAMING&title=&queryID=8D9ADAB9FF2B2CE2005384EEA53E7301&position=341","£11.00","Trade in for Voucher","£8.00","Trade in for Cash"
"https://uk.webuy.com/product-detail?id=5021290096424&categoryName=PLAYSTATION5-GAMES&superCatName=GAMING&title=&queryID=8D9ADAB9FF2B2CE2005384EEA53E7301&position=342","https://uk.static.webuy.com/resize_images/Gaming/Playstation5%20Software/5021290096424_l.jpg","5","PowerWash Simulator","£15.00","https://uk.webuy.com/sell/product-detail?id=5021290096424&categoryName=PLAYSTATION5-GAMES&superCatName=GAMING&title=&queryID=8D9ADAB9FF2B2CE2005384EEA53E7301&position=342","£9.00","Trade in for Voucher","£6.00","Trade in for Cash"
"https://uk.webuy.com/product-detail?id=5060528036610&categoryName=PLAYSTATION5-GAMES&superCatName=GAMING&title=&queryID=8D9ADAB9FF2B2CE2005384EEA53E7301&position=343","https://uk.static.webuy.com/resize_images/Gaming/Playstation5%20Software/5060528036610_l.jpg","4.8","Jumanji: The Video Game","£12.00","https://uk.webuy.com/sell/product-detail?id=5060528036610&categoryName=PLAYSTATION5-GAMES&superCatName=GAMING&title=&queryID=8D9ADAB9FF2B2CE2005384EEA53E7301&position=343","£7.00","Trade in for Voucher","£5.00","Trade in for Cash"
"https://uk.webuy.com/product-detail?id=5030943124919&categoryName=PLAYSTATION5-GAMES&superCatName=GAMING&title=&queryID=8D9ADAB9FF2B2CE2005384EEA53E7301&position=344","https://uk.static.webuy.com/resize_images/Gaming/Playstation5%20Software/5030943124919_l.jpg","4.8","Grid Legends","£18.00","https://uk.webuy.com/sell/product-detail?id=5030943124919&categoryName=PLAYSTATION5-GAMES&superCatName=GAMING&title=&queryID=8D9ADAB9FF2B2CE2005384EEA53E7301&position=344","£11.00","Trade in for Voucher","£8.00","Trade in for Cash"
"https://uk.webuy.com/product-detail?id=5056208816726&categoryName=PLAYSTATION5-GAMES&superCatName=GAMING&title=&queryID=8D9ADAB9FF2B2CE2005384EEA53E7301&position=345","https://uk.static.webuy.com/resize_images/Gaming/Playstation5%20Software/5056208816726_l.jpg","4.6","F1 Manager 2022","£6.00","https://uk.webuy.com/sell/product-detail?id=5056208816726&categoryName=PLAYSTATION5-GAMES&superCatName=GAMING&title=&queryID=8D9ADAB9FF2B2CE2005384EEA53E7301&position=345","£3.00","Trade in for Voucher","£2.00","Trade in for Cash"
"https://uk.webuy.com/product-detail?id=5060327536656&categoryName=PLAYSTATION5-GAMES&superCatName=GAMING&title=&queryID=8D9ADAB9FF2B2CE2005384EEA53E7301&position=346","https://uk.static.webuy.com/resize_images/Gaming/Playstation5%20Software/5060327536656_l.jpg","4.2","Wo Long: Fallen Dynasty","£18.00","https://uk.webuy.com/sell/product-detail?id=5060327536656&categoryName=PLAYSTATION5-GAMES&superCatName=GAMING&title=&queryID=8D9ADAB9FF2B2CE2005384EEA53E7301&position=346","£11.00","Trade in for Voucher","£8.00","Trade in for Cash"
"https://uk.webuy.com/product-detail?id=3391892036312&categoryName=PLAYSTATION5-GAMES&superCatName=GAMING&title=&queryID=8D9ADAB9FF2B2CE2005384EEA53E7301&position=347","https://uk.static.webuy.com/resize_images/Gaming/Playstation5%20Software/3391892036312_l.jpg","4","Everybody's Golf Hotshots","£22.00","https://uk.webuy.com/sell/product-detail?id=3391892036312&categoryName=PLAYSTATION5-GAMES&superCatName=GAMING&title=&queryID=8D9ADAB9FF2B2CE2005384EEA53E7301&position=347","£14.00","Trade in for Voucher","£10.00","Trade in for Cash"
"https://uk.webuy.com/product-detail?id=4020628631345&categoryName=PLAYSTATION5-GAMES&superCatName=GAMING&title=&queryID=8D9ADAB9FF2B2CE2005384EEA53E7301&position=348","https://uk.static.webuy.com/resize_images/Gaming/Playstation5%20Software/4020628631345_l.jpg","3","Gungrave G.O.R.E","£8.00","https://uk.webuy.com/sell/product-detail?id=4020628631345&categoryName=PLAYSTATION5-GAMES&superCatName=GAMING&title=&queryID=8D9ADAB9FF2B2CE2005384EEA53E7301&position=348","£5.00","Trade in for Voucher","£3.00","Trade in for Cash"
"https://uk.webuy.com/product-detail?id=7350002934401&categoryName=PLAYSTATION5-GAMES&superCatName=GAMING&title=&queryID=8D9ADAB9FF2B2CE2005384EEA53E7301&position=349","https://uk.static.webuy.com/resize_images/Gaming/Playstation5%20Software/7350002934401_l.jpg","","High On Life","£42.00","https://uk.webuy.com/sell/product-detail?id=7350002934401&categoryName=PLAYSTATION5-GAMES&superCatName=GAMING&title=&queryID=8D9ADAB9FF2B2CE2005384EEA53E7301&position=349","£27.00","Trade in for Voucher","£19.00","Trade in for Cash"
"https://uk.webuy.com/product-detail?id=5055277055555&categoryName=PLAYSTATION5-GAMES&superCatName=GAMING&title=&queryID=8D9ADAB9FF2B2CE2005384EEA53E7301&position=350","https://uk.static.webuy.com/resize_images/Gaming/Playstation5%20Software/5055277055555_l.jpg","","Raidou Remastered: The Mystery of the Soulless Army","£25.00","https://uk.webuy.com/sell/product-detail?id=5055277055555&categoryName=PLAYSTATION5-GAMES&superCatName=GAMING&title=&queryID=8D9ADAB9FF2B2CE2005384EEA53E7301&position=350","£16.00","Trade in for Voucher","£11.00","Trade in for Cash"
"https://uk.webuy.com/product-detail?id=3512899968851&categoryName=PLAYSTATION5-GAMES&superCatName=GAMING&title=&queryID=8D9ADAB9FF2B2CE2005384EEA53E7301&position=351","https://uk.static.webuy.com/resize_images/Gaming/Playstation5%20Software/3512899968851_l.jpg","","RoadCraft","£25.00","https://uk.webuy.com/sell/product-detail?id=3512899968851&categoryName=PLAYSTATION5-GAMES&superCatName=GAMING&title=&queryID=8D9ADAB9FF2B2CE2005384EEA53E7301&position=351","£16.00","Trade in for Voucher","£11.00","Trade in for Cash"
"https://uk.webuy.com/product-detail?id=3391892035223&categoryName=PLAYSTATION5-GAMES&superCatName=GAMING&title=&queryID=8D9ADAB9FF2B2CE2005384EEA53E7301&position=352","https://uk.static.webuy.com/resize_images/Gaming/Playstation5%20Software/3391892035223_l.jpg","","Shadow Labyrinth","£10.00","https://uk.webuy.com/sell/product-detail?id=3391892035223&categoryName=PLAYSTATION5-GAMES&superCatName=GAMING&title=&queryID=8D9ADAB9FF2B2CE2005384EEA53E7301&position=352","£6.00","Trade in for Voucher","£4.00","Trade in for Cash"
"https://uk.webuy.com/product-detail?id=5055277051311&categoryName=PLAYSTATION5-GAMES&superCatName=GAMING&title=&queryID=8D9ADAB9FF2B2CE2005384EEA53E7301&position=353","https://uk.static.webuy.com/resize_images/Gaming/Playstation5%20Software/5055277051311_l.jpg","5","Persona 5 Tactica","£8.00","https://uk.webuy.com/sell/product-detail?id=5055277051311&categoryName=PLAYSTATION5-GAMES&superCatName=GAMING&title=&queryID=8D9ADAB9FF2B2CE2005384EEA53E7301&position=353","£5.00","Trade in for Voucher","£3.00","Trade in for Cash"
"https://uk.webuy.com/product-detail?id=5061005780002&categoryName=PLAYSTATION5-GAMES&superCatName=GAMING&title=&queryID=8D9ADAB9FF2B2CE2005384EEA53E7301&position=354","https://uk.static.webuy.com/resize_images/Gaming/Playstation5%20Software/5061005780002_l.jpg","4.6","Star Wars: Tales from the Galaxy's Edge - Enhanced Edition (PSVR2)","£30.00","https://uk.webuy.com/sell/product-detail?id=5061005780002&categoryName=PLAYSTATION5-GAMES&superCatName=GAMING&title=&queryID=8D9ADAB9FF2B2CE2005384EEA53E7301&position=354","£19.00","Trade in for Voucher","£13.00","Trade in for Cash"
"https://uk.webuy.com/product-detail?id=3391892020175&categoryName=PLAYSTATION5-GAMES&superCatName=GAMING&title=&queryID=8D9ADAB9FF2B2CE2005384EEA53E7301&position=355","https://uk.static.webuy.com/resize_images/Gaming/Playstation5%20Software/3391892020175_l.jpg","4.6","Dark Pictures Anthology, The: The Devil In Me","£18.00","https://uk.webuy.com/sell/product-detail?id=3391892020175&categoryName=PLAYSTATION5-GAMES&superCatName=GAMING&title=&queryID=8D9ADAB9FF2B2CE2005384EEA53E7301&position=355","£11.00","Trade in for Voucher","£8.00","Trade in for Cash"
"https://uk.webuy.com/product-detail?id=811949033017&categoryName=PLAYSTATION5-GAMES&superCatName=GAMING&title=&queryID=8D9ADAB9FF2B2CE2005384EEA53E7301&position=356","https://uk.static.webuy.com/resize_images/Gaming/Playstation5%20Software/811949033017_l.jpg","4.5","Pathless, The","£10.00","https://uk.webuy.com/sell/product-detail?id=811949033017&categoryName=PLAYSTATION5-GAMES&superCatName=GAMING&title=&queryID=8D9ADAB9FF2B2CE2005384EEA53E7301&position=356","£6.00","Trade in for Voucher","£4.00","Trade in for Cash"
"https://uk.webuy.com/product-detail?id=7350002938621&categoryName=PLAYSTATION5-GAMES&superCatName=GAMING&title=&queryID=8D9ADAB9FF2B2CE2005384EEA53E7301&position=357","https://uk.static.webuy.com/resize_images/Gaming/Playstation5%20Software/7350002938621_l.jpg","4","Trails In The Sky - 1st Chapter","£55.00","https://uk.webuy.com/sell/product-detail?id=7350002938621&categoryName=PLAYSTATION5-GAMES&superCatName=GAMING&title=&queryID=8D9ADAB9FF2B2CE2005384EEA53E7301&position=357","£35.00","Trade in for Voucher","£25.00","Trade in for Cash"
"https://uk.webuy.com/product-detail?id=3665962009613&categoryName=PLAYSTATION5-GAMES&superCatName=GAMING&title=&queryID=6357578DB759BDE863AE904FA8AAD9AE&position=358","https://uk.static.webuy.com/product_images/Gaming/Playstation5%20Software/3665962009613_l.jpg","4","WRC 10","£12.00","https://uk.webuy.com/sell/product-detail?id=3665962009613&categoryName=PLAYSTATION5-GAMES&superCatName=GAMING&title=&queryID=6357578DB759BDE863AE904FA8AAD9AE&position=358","£7.00","Trade in for Voucher","£5.00","Trade in for Cash"
"https://uk.webuy.com/product-detail?id=5060968301941&categoryName=PLAYSTATION5-GAMES&superCatName=GAMING&title=&queryID=6357578DB759BDE863AE904FA8AAD9AE&position=359","https://uk.static.webuy.com/resize_images/Gaming/Playstation5%20Software/5060968301941_l.jpg","","Looney Tunes: Wacky World of Sports","£8.00","https://uk.webuy.com/sell/product-detail?id=5060968301941&categoryName=PLAYSTATION5-GAMES&superCatName=GAMING&title=&queryID=6357578DB759BDE863AE904FA8AAD9AE&position=359","£5.00","Trade in for Voucher","£3.00","Trade in for Cash"
"https://uk.webuy.com/product-detail?id=5060968301804&categoryName=PLAYSTATION5-GAMES&superCatName=GAMING&title=&queryID=6357578DB759BDE863AE904FA8AAD9AE&position=360","https://uk.static.webuy.com/resize_images/Gaming/Playstation5%20Software/5060968301804_l.jpg","","TMNT Arcade: Wrath of the Mutants","£10.00","https://uk.webuy.com/sell/product-detail?id=5060968301804&categoryName=PLAYSTATION5-GAMES&superCatName=GAMING&title=&queryID=6357578DB759BDE863AE904FA8AAD9AE&position=360","£6.00","Trade in for Voucher","£4.00","Trade in for Cash"
"https://uk.webuy.com/product-detail?id=5056635603456&categoryName=PLAYSTATION5-GAMES&superCatName=GAMING&title=&queryID=6357578DB759BDE863AE904FA8AAD9AE&position=361","https://uk.static.webuy.com/resize_images/Gaming/Playstation5%20Software/5056635603456_l.jpg","","Human: Fall Flat - Dream Edition","£10.00","https://uk.webuy.com/sell/product-detail?id=5056635603456&categoryName=PLAYSTATION5-GAMES&superCatName=GAMING&title=&queryID=6357578DB759BDE863AE904FA8AAD9AE&position=361","£6.00","Trade in for Voucher","£4.00","Trade in for Cash"
"https://uk.webuy.com/product-detail?id=5016488142083&categoryName=PLAYSTATION5-GAMES&superCatName=GAMING&title=&queryID=6357578DB759BDE863AE904FA8AAD9AE&position=362","https://uk.static.webuy.com/resize_images/Gaming/Playstation5%20Software/5016488142083_l.jpg","","Lost Records: Bloom & Rage","£25.00","https://uk.webuy.com/sell/product-detail?id=5016488142083&categoryName=PLAYSTATION5-GAMES&superCatName=GAMING&title=&queryID=6357578DB759BDE863AE904FA8AAD9AE&position=362","£16.00","Trade in for Voucher","£11.00","Trade in for Cash"
"https://uk.webuy.com/product-detail?id=4064635550626&categoryName=PLAYSTATION5-GAMES&superCatName=GAMING&title=&queryID=6357578DB759BDE863AE904FA8AAD9AE&position=363","https://uk.static.webuy.com/product_images/Gaming/Playstation5%20Software/4064635550626_l.jpg","","Project Motor Racing","£38.00","https://uk.webuy.com/sell/product-detail?id=4064635550626&categoryName=PLAYSTATION5-GAMES&superCatName=GAMING&title=&queryID=6357578DB759BDE863AE904FA8AAD9AE&position=363","£24.00","Trade in for Voucher","£17.00","Trade in for Cash"
"https://uk.webuy.com/product-detail?id=3701529519376&categoryName=PLAYSTATION5-GAMES&superCatName=GAMING&title=&queryID=6357578DB759BDE863AE904FA8AAD9AE&position=364","https://uk.static.webuy.com/resize_images/Gaming/Playstation5%20Software/3701529519376_l.jpg","","Naheulbeuk's Dungeon Master","£10.00","https://uk.webuy.com/sell/product-detail?id=3701529519376&categoryName=PLAYSTATION5-GAMES&superCatName=GAMING&title=&queryID=6357578DB759BDE863AE904FA8AAD9AE&position=364","£6.00","Trade in for Voucher","£4.00","Trade in for Cash"
"https://uk.webuy.com/product-detail?id=3391892030693&categoryName=PLAYSTATION5-GAMES&superCatName=GAMING&title=&queryID=6357578DB759BDE863AE904FA8AAD9AE&position=365","https://uk.static.webuy.com/resize_images/Gaming/Playstation5%20Software/3391892030693_l.jpg","","Sand Land (No DLC)","£12.00","https://uk.webuy.com/sell/product-detail?id=3391892030693&categoryName=PLAYSTATION5-GAMES&superCatName=GAMING&title=&queryID=6357578DB759BDE863AE904FA8AAD9AE&position=365","£7.00","Trade in for Voucher","£5.00","Trade in for Cash"
"https://uk.webuy.com/product-detail?id=5060968301224&categoryName=PLAYSTATION5-GAMES&superCatName=GAMING&title=&queryID=6357578DB759BDE863AE904FA8AAD9AE&position=366","https://uk.static.webuy.com/resize_images/Gaming/Playstation5%20Software/5060968301224_l.jpg","5","Trolls: Remix Rescue","£8.00","https://uk.webuy.com/sell/product-detail?id=5060968301224&categoryName=PLAYSTATION5-GAMES&superCatName=GAMING&title=&queryID=6357578DB759BDE863AE904FA8AAD9AE&position=366","£5.00","Trade in for Voucher","£3.00","Trade in for Cash"
"https://uk.webuy.com/product-detail?id=4012927120019&categoryName=PLAYSTATION5-GAMES&superCatName=GAMING&title=&queryID=6357578DB759BDE863AE904FA8AAD9AE&position=367","https://uk.static.webuy.com/resize_images/Gaming/Playstation5%20Software/4012927120019_l.jpg","5","Teenage Mutant Ninja Turtles: The Cowabunga Collection","£18.00","https://uk.webuy.com/sell/product-detail?id=4012927120019&categoryName=PLAYSTATION5-GAMES&superCatName=GAMING&title=&queryID=6357578DB759BDE863AE904FA8AAD9AE&position=367","£11.00","Trade in for Voucher","£8.00","Trade in for Cash"
"https://uk.webuy.com/product-detail?id=5060522099093&categoryName=PLAYSTATION5-GAMES&superCatName=GAMING&title=&queryID=6357578DB759BDE863AE904FA8AAD9AE&position=368","https://uk.static.webuy.com/resize_images/Gaming/Playstation5%20Software/5060522099093_l.jpg","4.8","MADiSON (No DLC)","£18.00","https://uk.webuy.com/sell/product-detail?id=5060522099093&categoryName=PLAYSTATION5-GAMES&superCatName=GAMING&title=&queryID=6357578DB759BDE863AE904FA8AAD9AE&position=368","£11.00","Trade in for Voucher","£8.00","Trade in for Cash"
"https://uk.webuy.com/product-detail?id=3512899965775&categoryName=PLAYSTATION5-GAMES&superCatName=GAMING&title=&queryID=6357578DB759BDE863AE904FA8AAD9AE&position=369","https://uk.static.webuy.com/resize_images/Gaming/Playstation5%20Software/3512899965775_l.jpg","4.8","Aliens: Dark Descent","£15.00","https://uk.webuy.com/sell/product-detail?id=3512899965775&categoryName=PLAYSTATION5-GAMES&superCatName=GAMING&title=&queryID=6357578DB759BDE863AE904FA8AAD9AE&position=369","£9.00","Trade in for Voucher","£6.00","Trade in for Cash"
"https://uk.webuy.com/product-detail?id=5056208808851&categoryName=PLAYSTATION5-GAMES&superCatName=GAMING&title=&queryID=6357578DB759BDE863AE904FA8AAD9AE&position=370","https://uk.static.webuy.com/resize_images/Gaming/Playstation5%20Software/5056208808851_l.jpg","4.6","Overcooked! All You Can Eat","£18.00","https://uk.webuy.com/sell/product-detail?id=5056208808851&categoryName=PLAYSTATION5-GAMES&superCatName=GAMING&title=&queryID=6357578DB759BDE863AE904FA8AAD9AE&position=370","£11.00","Trade in for Voucher","£8.00","Trade in for Cash"
"https://uk.webuy.com/product-detail?id=5055377605964&categoryName=PLAYSTATION5-GAMES&superCatName=GAMING&title=&queryID=6357578DB759BDE863AE904FA8AAD9AE&position=371","https://uk.static.webuy.com/resize_images/Gaming/Playstation5%20Software/5055377605964_l.jpg","4","Daymare: 1994 Sandcastle","£12.00","https://uk.webuy.com/sell/product-detail?id=5055377605964&categoryName=PLAYSTATION5-GAMES&superCatName=GAMING&title=&queryID=6357578DB759BDE863AE904FA8AAD9AE&position=371","£7.00","Trade in for Voucher","£5.00","Trade in for Cash"
"https://uk.webuy.com/product-detail?id=5056635619136&categoryName=PLAYSTATION5-GAMES&superCatName=GAMING&title=&queryID=6357578DB759BDE863AE904FA8AAD9AE&position=372","https://uk.static.webuy.com/resize_images/Gaming/Playstation5%20Software/5056635619136_l.jpg","","Five Nights At Freddy's: Secret of the Mimic","£40.00","https://uk.webuy.com/sell/product-detail?id=5056635619136&categoryName=PLAYSTATION5-GAMES&superCatName=GAMING&title=&queryID=6357578DB759BDE863AE904FA8AAD9AE&position=372","£26.00","Trade in for Voucher","£18.00","Trade in for Cash"
"https://uk.webuy.com/product-detail?id=5055277056965&categoryName=PLAYSTATION5-GAMES&superCatName=GAMING&title=&queryID=6357578DB759BDE863AE904FA8AAD9AE&position=373","https://uk.static.webuy.com/resize_images/Gaming/Playstation5%20Software/5055277056965_l.jpg","","Yakuza 0 Director's Cut","£32.00","https://uk.webuy.com/sell/product-detail?id=5055277056965&categoryName=PLAYSTATION5-GAMES&superCatName=GAMING&title=&queryID=6357578DB759BDE863AE904FA8AAD9AE&position=373","£22.00","Trade in for Voucher","£18.00","Trade in for Cash"
"https://uk.webuy.com/product-detail?id=3701529506369&categoryName=PLAYSTATION5-GAMES&superCatName=GAMING&title=&queryID=6357578DB759BDE863AE904FA8AAD9AE&position=374","https://uk.static.webuy.com/resize_images/Gaming/Playstation5%20Software/3701529506369_l.jpg","","Empire of the Ants (No DLC)","£28.00","https://uk.webuy.com/sell/product-detail?id=3701529506369&categoryName=PLAYSTATION5-GAMES&superCatName=GAMING&title=&queryID=6357578DB759BDE863AE904FA8AAD9AE&position=374","£18.00","Trade in for Voucher","£12.00","Trade in for Cash"
"https://uk.webuy.com/product-detail?id=3665962030594&categoryName=PLAYSTATION5-GAMES&superCatName=GAMING&title=&queryID=0C127737B190CE0370CA8CE39FE10BF9&position=375","https://uk.static.webuy.com/resize_images/Gaming/Playstation5%20Software/3665962030594_l.jpg","","Styx: Blades of Greed","£35.00","https://uk.webuy.com/sell/product-detail?id=3665962030594&categoryName=PLAYSTATION5-GAMES&superCatName=GAMING&title=&queryID=0C127737B190CE0370CA8CE39FE10BF9&position=375","£22.00","Trade in for Voucher","£16.00","Trade in for Cash"
"https://uk.webuy.com/product-detail?id=366596202217&categoryName=PLAYSTATION5-GAMES&superCatName=GAMING&title=&queryID=0C127737B190CE0370CA8CE39FE10BF9&position=376","https://uk.static.webuy.com/product_images/Gaming/Playstation5%20Software/366596202217_l.jpg","","Rugby 25","£25.00","https://uk.webuy.com/sell/product-detail?id=366596202217&categoryName=PLAYSTATION5-GAMES&superCatName=GAMING&title=&queryID=0C127737B190CE0370CA8CE39FE10BF9&position=376","£16.00","Trade in for Voucher","£11.00","Trade in for Cash"
"https://uk.webuy.com/product-detail?id=3391892033649&categoryName=PLAYSTATION5-GAMES&superCatName=GAMING&title=&queryID=0C127737B190CE0370CA8CE39FE10BF9&position=377","https://uk.static.webuy.com/resize_images/Gaming/Playstation5%20Software/3391892033649_l.jpg","","Tales of Graces F Remastered","£18.00","https://uk.webuy.com/sell/product-detail?id=3391892033649&categoryName=PLAYSTATION5-GAMES&superCatName=GAMING&title=&queryID=0C127737B190CE0370CA8CE39FE10BF9&position=377","£11.00","Trade in for Voucher","£8.00","Trade in for Cash"
"https://uk.webuy.com/product-detail?id=3665962025323&categoryName=PLAYSTATION5-GAMES&superCatName=GAMING&title=&queryID=0C127737B190CE0370CA8CE39FE10BF9&position=378","https://uk.static.webuy.com/resize_images/Gaming/Playstation5%20Software/3665962025323_l.jpg","5","Welcome to Paradize","£18.00","https://uk.webuy.com/sell/product-detail?id=3665962025323&categoryName=PLAYSTATION5-GAMES&superCatName=GAMING&title=&queryID=0C127737B190CE0370CA8CE39FE10BF9&position=378","£11.00","Trade in for Voucher","£8.00","Trade in for Cash"
"https://uk.webuy.com/product-detail?id=3391892025712&categoryName=PLAYSTATION5-GAMES&superCatName=GAMING&title=&queryID=0C127737B190CE0370CA8CE39FE10BF9&position=379","https://uk.static.webuy.com/resize_images/Gaming/Playstation5%20Software/3391892025712_l.jpg","5","Jujutsu Kaisen: Cursed Clash","£30.00","https://uk.webuy.com/sell/product-detail?id=3391892025712&categoryName=PLAYSTATION5-GAMES&superCatName=GAMING&title=&queryID=0C127737B190CE0370CA8CE39FE10BF9&position=379","£19.00","Trade in for Voucher","£13.00","Trade in for Cash"
"https://uk.webuy.com/product-detail?id=3391892020915&categoryName=PLAYSTATION5-GAMES&superCatName=GAMING&title=&queryID=0C127737B190CE0370CA8CE39FE10BF9&position=380","https://uk.static.webuy.com/resize_images/Gaming/Playstation5%20Software/3391892020915_l.jpg","4.8","One Piece: Odyssey","£22.00","https://uk.webuy.com/sell/product-detail?id=3391892020915&categoryName=PLAYSTATION5-GAMES&superCatName=GAMING&title=&queryID=0C127737B190CE0370CA8CE39FE10BF9&position=380","£14.00","Trade in for Voucher","£10.00","Trade in for Cash"
"https://uk.webuy.com/product-detail?id=5056635605153&categoryName=PLAYSTATION5-GAMES&superCatName=GAMING&title=&queryID=0C127737B190CE0370CA8CE39FE10BF9&position=381","https://uk.static.webuy.com/resize_images/Gaming/Playstation5%20Software/5056635605153_l.jpg","4.7","Star Trek: Resurgence","£30.00","https://uk.webuy.com/sell/product-detail?id=5056635605153&categoryName=PLAYSTATION5-GAMES&superCatName=GAMING&title=&queryID=0C127737B190CE0370CA8CE39FE10BF9&position=381","£19.00","Trade in for Voucher","£13.00","Trade in for Cash"
"https://uk.webuy.com/product-detail?id=5055277052912&categoryName=PLAYSTATION5-GAMES&superCatName=GAMING&title=&queryID=0C127737B190CE0370CA8CE39FE10BF9&position=382","https://uk.static.webuy.com/resize_images/Gaming/Playstation5%20Software/5055277052912_l.jpg","4.6","Unicorn Overlord","£12.00","https://uk.webuy.com/sell/product-detail?id=5055277052912&categoryName=PLAYSTATION5-GAMES&superCatName=GAMING&title=&queryID=0C127737B190CE0370CA8CE39FE10BF9&position=382","£7.00","Trade in for Voucher","£5.00","Trade in for Cash"
"https://uk.webuy.com/product-detail?id=4015918155281&categoryName=PLAYSTATION5-GAMES&superCatName=GAMING&title=&queryID=0C127737B190CE0370CA8CE39FE10BF9&position=383","https://uk.static.webuy.com/resize_images/Gaming/Playstation5%20Software/4015918155281_l.jpg","4.6","On The Road - Truck Simulator","£22.00","https://uk.webuy.com/sell/product-detail?id=4015918155281&categoryName=PLAYSTATION5-GAMES&superCatName=GAMING&title=&queryID=0C127737B190CE0370CA8CE39FE10BF9&position=383","£14.00","Trade in for Voucher","£10.00","Trade in for Cash"
"https://uk.webuy.com/product-detail?id=5061005351981&categoryName=PLAYSTATION5-GAMES&superCatName=GAMING&title=&queryID=0C127737B190CE0370CA8CE39FE10BF9&position=384","https://uk.static.webuy.com/resize_images/Gaming/Playstation5%20Software/5061005351981_l.jpg","4.5","Bluey: The Video Game","£15.00","https://uk.webuy.com/sell/product-detail?id=5061005351981&categoryName=PLAYSTATION5-GAMES&superCatName=GAMING&title=&queryID=0C127737B190CE0370CA8CE39FE10BF9&position=384","£9.00","Trade in for Voucher","£6.00","Trade in for Cash"
"https://uk.webuy.com/product-detail?id=5021290096127&categoryName=PLAYSTATION5-GAMES&superCatName=GAMING&title=&queryID=0C127737B190CE0370CA8CE39FE10BF9&position=385","https://uk.static.webuy.com/resize_images/Gaming/Playstation5%20Software/5021290096127_l.jpg","4.5","Octopath Traveler II","£18.00","https://uk.webuy.com/sell/product-detail?id=5021290096127&categoryName=PLAYSTATION5-GAMES&superCatName=GAMING&title=&queryID=0C127737B190CE0370CA8CE39FE10BF9&position=385","£11.00","Trade in for Voucher","£8.00","Trade in for Cash"
"https://uk.webuy.com/product-detail?id=5021290094338&categoryName=PLAYSTATION5-GAMES&superCatName=GAMING&title=&queryID=0C127737B190CE0370CA8CE39FE10BF9&position=386","https://uk.static.webuy.com/resize_images/Gaming/Playstation5%20Software/5021290094338_l.jpg","4.3","Star Ocean: The Divine Force (No DLC)","£12.00","https://uk.webuy.com/sell/product-detail?id=5021290094338&categoryName=PLAYSTATION5-GAMES&superCatName=GAMING&title=&queryID=0C127737B190CE0370CA8CE39FE10BF9&position=386","£7.00","Trade in for Voucher","£5.00","Trade in for Cash"
"https://uk.webuy.com/product-detail?id=5021290094925&categoryName=PLAYSTATION5-GAMES&superCatName=GAMING&title=&queryID=0C127737B190CE0370CA8CE39FE10BF9&position=387","https://uk.static.webuy.com/resize_images/Gaming/Playstation5%20Software/5021290094925_l.jpg","4.2","Valkyrie Elysium","£10.00","https://uk.webuy.com/sell/product-detail?id=5021290094925&categoryName=PLAYSTATION5-GAMES&superCatName=GAMING&title=&queryID=0C127737B190CE0370CA8CE39FE10BF9&position=387","£6.00","Trade in for Voucher","£4.00","Trade in for Cash"
"https://uk.webuy.com/product-detail?id=3512899124080&categoryName=PLAYSTATION5-GAMES&superCatName=GAMING&title=&queryID=0C127737B190CE0370CA8CE39FE10BF9&position=388","https://uk.static.webuy.com/resize_images/Gaming/Playstation5%20Software/3512899124080_l.jpg","3.7","Necromunda: Hired Gun","£20.00","https://uk.webuy.com/sell/product-detail?id=3512899124080&categoryName=PLAYSTATION5-GAMES&superCatName=GAMING&title=&queryID=0C127737B190CE0370CA8CE39FE10BF9&position=388","£13.00","Trade in for Voucher","£9.00","Trade in for Cash"
"https://uk.webuy.com/product-detail?id=9120080078261&categoryName=PLAYSTATION5-GAMES&superCatName=GAMING&title=&queryID=0C127737B190CE0370CA8CE39FE10BF9&position=389","https://uk.static.webuy.com/resize_images/Gaming/Playstation5%20Software/9120080078261_l.jpg","2.7","Biomutant","£12.00","https://uk.webuy.com/sell/product-detail?id=9120080078261&categoryName=PLAYSTATION5-GAMES&superCatName=GAMING&title=&queryID=0C127737B190CE0370CA8CE39FE10BF9&position=389","£7.00","Trade in for Voucher","£5.00","Trade in for Cash"
"https://uk.webuy.com/product-detail?id=884095214623&categoryName=PLAYSTATION5-GAMES&superCatName=GAMING&title=&queryID=0C127737B190CE0370CA8CE39FE10BF9&position=390","https://uk.static.webuy.com/resize_images/Gaming/Playstation5%20Software/884095214623_l.jpg","","ARK: Survival Ascended","£32.00","https://uk.webuy.com/sell/product-detail?id=884095214623&categoryName=PLAYSTATION5-GAMES&superCatName=GAMING&title=&queryID=0C127737B190CE0370CA8CE39FE10BF9&position=390","£20.00","Trade in for Voucher","£14.00","Trade in for Cash"
"https://uk.webuy.com/product-detail?id=8057168508420&categoryName=PLAYSTATION5-GAMES&superCatName=GAMING&title=&queryID=0C127737B190CE0370CA8CE39FE10BF9&position=391","https://uk.static.webuy.com/resize_images/Gaming/Playstation5%20Software/8057168508420_l.jpg","","MotoGP 24","£12.00","https://uk.webuy.com/sell/product-detail?id=8057168508420&categoryName=PLAYSTATION5-GAMES&superCatName=GAMING&title=&queryID=0C127737B190CE0370CA8CE39FE10BF9&position=391","£7.00","Trade in for Voucher","£5.00","Trade in for Cash"
"https://uk.webuy.com/product-detail?id=8057168504989&categoryName=PLAYSTATION5-GAMES&superCatName=GAMING&title=&queryID=F739693D742A63915244A71FD0B57174&position=392","https://uk.static.webuy.com/resize_images/Gaming/Playstation5%20Software/8057168504989_l.jpg","","MotoGP 22","£15.00","https://uk.webuy.com/sell/product-detail?id=8057168504989&categoryName=PLAYSTATION5-GAMES&superCatName=GAMING&title=&queryID=F739693D742A63915244A71FD0B57174&position=392","£9.00","Trade in for Voucher","£6.00","Trade in for Cash"
"https://uk.webuy.com/product-detail?id=5061005781351&categoryName=PLAYSTATION5-GAMES&superCatName=GAMING&title=&queryID=F739693D742A63915244A71FD0B57174&position=393","https://uk.static.webuy.com/resize_images/Gaming/Playstation5%20Software/5061005781351_l.jpg","","Jack Holmes: Master of Puppets","£8.00","https://uk.webuy.com/sell/product-detail?id=5061005781351&categoryName=PLAYSTATION5-GAMES&superCatName=GAMING&title=&queryID=F739693D742A63915244A71FD0B57174&position=393","£5.00","Trade in for Voucher","£3.00","Trade in for Cash"
"https://uk.webuy.com/product-detail?id=5060968301330&categoryName=PLAYSTATION5-GAMES&superCatName=GAMING&title=&queryID=F739693D742A63915244A71FD0B57174&position=394","https://uk.static.webuy.com/resize_images/Gaming/Playstation5%20Software/5060968301330_l.jpg","","Nickelodeon All-Star Brawl 2","£8.00","https://uk.webuy.com/sell/product-detail?id=5060968301330&categoryName=PLAYSTATION5-GAMES&superCatName=GAMING&title=&queryID=F739693D742A63915244A71FD0B57174&position=394","£5.00","Trade in for Voucher","£3.00","Trade in for Cash"
"https://uk.webuy.com/product-detail?id=3665962031843&categoryName=PLAYSTATION5-GAMES&superCatName=GAMING&title=&queryID=F739693D742A63915244A71FD0B57174&position=395","https://uk.static.webuy.com/resize_images/Gaming/Playstation5%20Software/3665962031843_l.jpg","","Cricket 26: The Official Game of the Ashes","£40.00","https://uk.webuy.com/sell/product-detail?id=3665962031843&categoryName=PLAYSTATION5-GAMES&superCatName=GAMING&title=&queryID=F739693D742A63915244A71FD0B57174&position=395","£26.00","Trade in for Voucher","£18.00","Trade in for Cash"
"https://uk.webuy.com/product-detail?id=3391892035551&categoryName=PLAYSTATION5-GAMES&superCatName=GAMING&title=&queryID=F739693D742A63915244A71FD0B57174&position=396","https://uk.static.webuy.com/resize_images/Gaming/Playstation5%20Software/3391892035551_l.jpg","","Tales of Berseria Remastered","£22.00","https://uk.webuy.com/sell/product-detail?id=3391892035551&categoryName=PLAYSTATION5-GAMES&superCatName=GAMING&title=&queryID=F739693D742A63915244A71FD0B57174&position=396","£15.00","Trade in for Voucher","£12.00","Trade in for Cash"
"https://uk.webuy.com/product-detail?id=3391892032970&categoryName=PLAYSTATION5-GAMES&superCatName=GAMING&title=&queryID=F739693D742A63915244A71FD0B57174&position=397","https://uk.static.webuy.com/resize_images/Gaming/Playstation5%20Software/3391892032970_l.jpg","","Bleach: Rebirth of Souls (No DLC)","£35.00","https://uk.webuy.com/sell/product-detail?id=3391892032970&categoryName=PLAYSTATION5-GAMES&superCatName=GAMING&title=&queryID=F739693D742A63915244A71FD0B57174&position=397","£22.00","Trade in for Voucher","£16.00","Trade in for Cash"
"https://uk.webuy.com/product-detail?id=5060968300234&categoryName=PLAYSTATION5-GAMES&superCatName=GAMING&title=&queryID=F739693D742A63915244A71FD0B57174&position=398","https://uk.static.webuy.com/resize_images/Gaming/Playstation5%20Software/5060968300234_l.jpg","5","Miraculous: Rise of the Sphinx","£8.00","https://uk.webuy.com/sell/product-detail?id=5060968300234&categoryName=PLAYSTATION5-GAMES&superCatName=GAMING&title=&queryID=F739693D742A63915244A71FD0B57174&position=398","£5.00","Trade in for Voucher","£3.00","Trade in for Cash"
"https://uk.webuy.com/product-detail?id=5060528039031&categoryName=PLAYSTATION5-GAMES&superCatName=GAMING&title=&queryID=F739693D742A63915244A71FD0B57174&position=399","https://uk.static.webuy.com/resize_images/Gaming/Playstation5%20Software/5060528039031_l.jpg","5","Bratz: Flaunt Your Fashion","£8.00","https://uk.webuy.com/sell/product-detail?id=5060528039031&categoryName=PLAYSTATION5-GAMES&superCatName=GAMING&title=&queryID=F739693D742A63915244A71FD0B57174&position=399","£5.00","Trade in for Voucher","£3.00","Trade in for Cash"
"https://uk.webuy.com/product-detail?id=5060264375431&categoryName=PLAYSTATION5-GAMES&superCatName=GAMING&title=&queryID=F739693D742A63915244A71FD0B57174&position=400","https://uk.static.webuy.com/resize_images/Gaming/Playstation5%20Software/5060264375431_l.jpg","5","Alex Kidd In Miracle World DX","£12.00","https://uk.webuy.com/sell/product-detail?id=5060264375431&categoryName=PLAYSTATION5-GAMES&superCatName=GAMING&title=&queryID=F739693D742A63915244A71FD0B57174&position=400","£7.00","Trade in for Voucher","£5.00","Trade in for Cash"
"https://uk.webuy.com/product-detail?id=5021290101319&categoryName=PLAYSTATION5-GAMES&superCatName=GAMING&title=&queryID=F739693D742A63915244A71FD0B57174&position=401","https://uk.static.webuy.com/resize_images/Gaming/Playstation5%20Software/5021290101319_l.jpg","5","Octopath Traveller 0","£35.00","https://uk.webuy.com/sell/product-detail?id=5021290101319&categoryName=PLAYSTATION5-GAMES&superCatName=GAMING&title=&queryID=F739693D742A63915244A71FD0B57174&position=401","£22.00","Trade in for Voucher","£16.00","Trade in for Cash"
"https://uk.webuy.com/product-detail?id=4015918159234&categoryName=PLAYSTATION5-GAMES&superCatName=GAMING&title=&queryID=F739693D742A63915244A71FD0B57174&position=402","https://uk.static.webuy.com/resize_images/Gaming/Playstation5%20Software/4015918159234_l.jpg","5","Truck & Logistics Simulator","£22.00","https://uk.webuy.com/sell/product-detail?id=4015918159234&categoryName=PLAYSTATION5-GAMES&superCatName=GAMING&title=&queryID=F739693D742A63915244A71FD0B57174&position=402","£14.00","Trade in for Voucher","£10.00","Trade in for Cash"
"https://uk.webuy.com/product-detail?id=3665962018288&categoryName=PLAYSTATION5-GAMES&superCatName=GAMING&title=&queryID=F739693D742A63915244A71FD0B57174&position=403","https://uk.static.webuy.com/resize_images/Gaming/Playstation5%20Software/3665962018288_l.jpg","5","WRC Generations","£15.00","https://uk.webuy.com/sell/product-detail?id=3665962018288&categoryName=PLAYSTATION5-GAMES&superCatName=GAMING&title=&queryID=F739693D742A63915244A71FD0B57174&position=403","£9.00","Trade in for Voucher","£6.00","Trade in for Cash"
"https://uk.webuy.com/product-detail?id=3391892013368&categoryName=PLAYSTATION5-GAMES&superCatName=GAMING&title=&queryID=F739693D742A63915244A71FD0B57174&position=404","https://uk.static.webuy.com/resize_images/Gaming/Playstation5%20Software/3391892013368_l.jpg","4.7","Guilty Gear Strive","£28.00","https://uk.webuy.com/sell/product-detail?id=3391892013368&categoryName=PLAYSTATION5-GAMES&superCatName=GAMING&title=&queryID=F739693D742A63915244A71FD0B57174&position=404","£18.00","Trade in for Voucher","£12.00","Trade in for Cash"
"https://uk.webuy.com/product-detail?id=5056208822666&categoryName=PLAYSTATION5-GAMES&superCatName=GAMING&title=&queryID=F739693D742A63915244A71FD0B57174&position=405","https://uk.static.webuy.com/resize_images/Gaming/Playstation5%20Software/5056208822666_l.jpg","4.5","Trepang2","£20.00","https://uk.webuy.com/sell/product-detail?id=5056208822666&categoryName=PLAYSTATION5-GAMES&superCatName=GAMING&title=&queryID=F739693D742A63915244A71FD0B57174&position=405","£13.00","Trade in for Voucher","£9.00","Trade in for Cash"
"https://uk.webuy.com/product-detail?id=5055277046744&categoryName=PLAYSTATION5-GAMES&superCatName=GAMING&title=&queryID=F739693D742A63915244A71FD0B57174&position=406","https://uk.static.webuy.com/resize_images/Gaming/Playstation5%20Software/5055277046744_l.jpg","3.8","Soul Hackers 2","£10.00","https://uk.webuy.com/sell/product-detail?id=5055277046744&categoryName=PLAYSTATION5-GAMES&superCatName=GAMING&title=&queryID=F739693D742A63915244A71FD0B57174&position=406","£6.00","Trade in for Voucher","£4.00","Trade in for Cash"
"https://uk.webuy.com/product-detail?id=9120131602919&categoryName=PLAYSTATION5-GAMES&superCatName=GAMING&title=&queryID=F739693D742A63915244A71FD0B57174&position=407","https://uk.static.webuy.com/resize_images/Gaming/Playstation5%20Software/9120131602919_l.jpg","","Goat Simulator: Remastered","£10.00","https://uk.webuy.com/sell/product-detail?id=9120131602919&categoryName=PLAYSTATION5-GAMES&superCatName=GAMING&title=&queryID=F739693D742A63915244A71FD0B57174&position=407","£6.00","Trade in for Voucher","£4.00","Trade in for Cash"
"https://uk.webuy.com/product-detail?id=5061005780903&categoryName=PLAYSTATION5-GAMES&superCatName=GAMING&title=&queryID=F739693D742A63915244A71FD0B57174&position=408","https://uk.static.webuy.com/resize_images/Gaming/Playstation5%20Software/5061005780903_l.jpg","","Pneumata","£15.00","https://uk.webuy.com/sell/product-detail?id=5061005780903&categoryName=PLAYSTATION5-GAMES&superCatName=GAMING&title=&queryID=F739693D742A63915244A71FD0B57174&position=408","£9.00","Trade in for Voucher","£6.00","Trade in for Cash"
"https://uk.webuy.com/product-detail?id=5060264379293&categoryName=PLAYSTATION5-GAMES&superCatName=GAMING&title=&queryID=1DA0CAA60F29945A2B828A0241D3EA20&position=409","https://uk.static.webuy.com/resize_images/Gaming/Playstation5%20Software/5060264379293_l.jpg","","House Flipper 2","£38.00","https://uk.webuy.com/sell/product-detail?id=5060264379293&categoryName=PLAYSTATION5-GAMES&superCatName=GAMING&title=&queryID=1DA0CAA60F29945A2B828A0241D3EA20&position=409","£24.00","Trade in for Voucher","£17.00","Trade in for Cash"
"https://uk.webuy.com/product-detail?id=5021290098756&categoryName=PLAYSTATION5-GAMES&superCatName=GAMING&title=&queryID=1DA0CAA60F29945A2B828A0241D3EA20&position=410","https://uk.static.webuy.com/resize_images/Gaming/Playstation5%20Software/5021290098756_l.jpg","","Visions of Mana","£20.00","https://uk.webuy.com/sell/product-detail?id=5021290098756&categoryName=PLAYSTATION5-GAMES&superCatName=GAMING&title=&queryID=1DA0CAA60F29945A2B828A0241D3EA20&position=410","£13.00","Trade in for Voucher","£9.00","Trade in for Cash"
"https://uk.webuy.com/product-detail?id=4020628551049&categoryName=PLAYSTATION5-GAMES&superCatName=GAMING&title=&queryID=1DA0CAA60F29945A2B828A0241D3EA20&position=411","https://uk.static.webuy.com/product_images/Gaming/Playstation5%20Software/4020628551049_l.jpg","","Crimson Desert Deluxe Edition w/Steelbook,Brooch,Letter,Cards,Map(No DLC)","£72.00","https://uk.webuy.com/sell/product-detail?id=4020628551049&categoryName=PLAYSTATION5-GAMES&superCatName=GAMING&title=&queryID=1DA0CAA60F29945A2B828A0241D3EA20&position=411","£53.00","Trade in for Voucher","£46.00","Trade in for Cash"
"https://uk.webuy.com/product-detail?id=3665962031584&categoryName=PLAYSTATION5-GAMES&superCatName=GAMING&title=&queryID=1DA0CAA60F29945A2B828A0241D3EA20&position=412","https://uk.static.webuy.com/resize_images/Gaming/Playstation5%20Software/3665962031584_m.jpg","","RoboCop: Rogue City Collection (Rogue City/Unfinished Business)","£35.00","https://uk.webuy.com/sell/product-detail?id=3665962031584&categoryName=PLAYSTATION5-GAMES&superCatName=GAMING&title=&queryID=1DA0CAA60F29945A2B828A0241D3EA20&position=412","£22.00","Trade in for Voucher","£16.00","Trade in for Cash"
"https://uk.webuy.com/product-detail?id=5056208818508&categoryName=PLAYSTATION5-GAMES&superCatName=GAMING&title=&queryID=1DA0CAA60F29945A2B828A0241D3EA20&position=413","https://uk.static.webuy.com/resize_images/Gaming/Playstation5%20Software/5056208818508_l.jpg","5","Dredge (No DLC)","£12.00","https://uk.webuy.com/sell/product-detail?id=5056208818508&categoryName=PLAYSTATION5-GAMES&superCatName=GAMING&title=&queryID=1DA0CAA60F29945A2B828A0241D3EA20&position=413","£7.00","Trade in for Voucher","£5.00","Trade in for Cash"
"https://uk.webuy.com/product-detail?id=4015918159128&categoryName=PLAYSTATION5-GAMES&superCatName=GAMING&title=&queryID=1DA0CAA60F29945A2B828A0241D3EA20&position=414","https://uk.static.webuy.com/resize_images/Gaming/Playstation5%20Software/4015918159128_l.jpg","5","Fernbus Coach Simulator","£38.00","https://uk.webuy.com/sell/product-detail?id=4015918159128&categoryName=PLAYSTATION5-GAMES&superCatName=GAMING&title=&queryID=1DA0CAA60F29945A2B828A0241D3EA20&position=414","£24.00","Trade in for Voucher","£17.00","Trade in for Cash"
"https://uk.webuy.com/product-detail?id=3391892021417&categoryName=PLAYSTATION5-GAMES&superCatName=GAMING&title=&queryID=1DA0CAA60F29945A2B828A0241D3EA20&position=415","https://uk.static.webuy.com/resize_images/Gaming/Playstation5%20Software/3391892021417_l.jpg","5","Klonoa Phantasy Reverie Series","£12.00","https://uk.webuy.com/sell/product-detail?id=3391892021417&categoryName=PLAYSTATION5-GAMES&superCatName=GAMING&title=&queryID=1DA0CAA60F29945A2B828A0241D3EA20&position=415","£7.00","Trade in for Voucher","£5.00","Trade in for Cash"
"https://uk.webuy.com/product-detail?id=4020628675578&categoryName=PLAYSTATION5-GAMES&superCatName=GAMING&title=&queryID=1DA0CAA60F29945A2B828A0241D3EA20&position=416","https://uk.static.webuy.com/resize_images/Gaming/Playstation5%20Software/4020628675578_l.jpg","4.8","King of Fighters XV (No DLC)","£10.00","https://uk.webuy.com/sell/product-detail?id=4020628675578&categoryName=PLAYSTATION5-GAMES&superCatName=GAMING&title=&queryID=1DA0CAA60F29945A2B828A0241D3EA20&position=416","£6.00","Trade in for Voucher","£4.00","Trade in for Cash"
"https://uk.webuy.com/product-detail?id=3512899123885&categoryName=PLAYSTATION5-GAMES&superCatName=GAMING&title=&queryID=1DA0CAA60F29945A2B828A0241D3EA20&position=417","https://uk.static.webuy.com/resize_images/Gaming/Playstation5%20Software/3512899123885_l.jpg","4.8","Greedfall: Gold Edition (No DLC)","£20.00","https://uk.webuy.com/sell/product-detail?id=3512899123885&categoryName=PLAYSTATION5-GAMES&superCatName=GAMING&title=&queryID=1DA0CAA60F29945A2B828A0241D3EA20&position=417","£13.00","Trade in for Voucher","£9.00","Trade in for Cash"
"https://uk.webuy.com/product-detail?id=5061005781009&categoryName=PLAYSTATION5-GAMES&superCatName=GAMING&title=&queryID=1DA0CAA60F29945A2B828A0241D3EA20&position=418","https://uk.static.webuy.com/resize_images/Gaming/Playstation5%20Software/5061005781009_l.jpg","4.7","Crossfire: Sierra Squad (PSVR2)","£18.00","https://uk.webuy.com/sell/product-detail?id=5061005781009&categoryName=PLAYSTATION5-GAMES&superCatName=GAMING&title=&queryID=1DA0CAA60F29945A2B828A0241D3EA20&position=418","£11.00","Trade in for Voucher","£8.00","Trade in for Cash"
"https://uk.webuy.com/product-detail?id=5016488140706&categoryName=PLAYSTATION5-GAMES&superCatName=GAMING&title=&queryID=1DA0CAA60F29945A2B828A0241D3EA20&position=419","https://uk.static.webuy.com/resize_images/Gaming/Playstation5%20Software/5016488140706_l.jpg","4.7","Tchia: Oleti Edition","£10.00","https://uk.webuy.com/sell/product-detail?id=5016488140706&categoryName=PLAYSTATION5-GAMES&superCatName=GAMING&title=&queryID=1DA0CAA60F29945A2B828A0241D3EA20&position=419","£6.00","Trade in for Voucher","£4.00","Trade in for Cash"
"https://uk.webuy.com/product-detail?id=5016488139144&categoryName=PLAYSTATION5-GAMES&superCatName=GAMING&title=&queryID=1DA0CAA60F29945A2B828A0241D3EA20&position=420","https://uk.static.webuy.com/resize_images/Gaming/Playstation5%20Software/5016488139144_l.jpg","4.7","WWI Isonzo: Italian Front","£12.00","https://uk.webuy.com/sell/product-detail?id=5016488139144&categoryName=PLAYSTATION5-GAMES&superCatName=GAMING&title=&queryID=1DA0CAA60F29945A2B828A0241D3EA20&position=420","£7.00","Trade in for Voucher","£5.00","Trade in for Cash"
"https://uk.webuy.com/product-detail?id=3512899945760&categoryName=PLAYSTATION5-GAMES&superCatName=GAMING&title=&queryID=1DA0CAA60F29945A2B828A0241D3EA20&position=421","https://uk.static.webuy.com/resize_images/Gaming/Playstation5%20Software/3512899945760_l.jpg","4.7","Plague Tale, A: Innocence","£25.00","https://uk.webuy.com/sell/product-detail?id=3512899945760&categoryName=PLAYSTATION5-GAMES&superCatName=GAMING&title=&queryID=1DA0CAA60F29945A2B828A0241D3EA20&position=421","£16.00","Trade in for Voucher","£11.00","Trade in for Cash"
"https://uk.webuy.com/product-detail?id=8057168501544&categoryName=PLAYSTATION5-GAMES&superCatName=GAMING&title=&queryID=1DA0CAA60F29945A2B828A0241D3EA20&position=422","https://uk.static.webuy.com/resize_images/Gaming/Playstation5%20Software/8057168501544_l.jpg","4.4","Ride 4","£20.00","https://uk.webuy.com/sell/product-detail?id=8057168501544&categoryName=PLAYSTATION5-GAMES&superCatName=GAMING&title=&queryID=1DA0CAA60F29945A2B828A0241D3EA20&position=422","£13.00","Trade in for Voucher","£9.00","Trade in for Cash"
"https://uk.webuy.com/product-detail?id=3665962012521&categoryName=PLAYSTATION5-GAMES&superCatName=GAMING&title=&queryID=1DA0CAA60F29945A2B828A0241D3EA20&position=423","https://uk.static.webuy.com/resize_images/Gaming/Playstation5%20Software/3665962012521_l.jpg","4.4","Cricket 22","£10.00","https://uk.webuy.com/sell/product-detail?id=3665962012521&categoryName=PLAYSTATION5-GAMES&superCatName=GAMING&title=&queryID=1DA0CAA60F29945A2B828A0241D3EA20&position=423","£6.00","Trade in for Voucher","£4.00","Trade in for Cash"
"https://uk.webuy.com/product-detail?id=4020628587086&categoryName=PLAYSTATION5-GAMES&superCatName=GAMING&title=&queryID=1DA0CAA60F29945A2B828A0241D3EA20&position=424","https://uk.static.webuy.com/resize_images/Gaming/Playstation5%20Software/4020628587086_l.jpg","4.3","Teardown (No DLC)","£30.00","https://uk.webuy.com/sell/product-detail?id=4020628587086&categoryName=PLAYSTATION5-GAMES&superCatName=GAMING&title=&queryID=1DA0CAA60F29945A2B828A0241D3EA20&position=424","£19.00","Trade in for Voucher","£13.00","Trade in for Cash"
"https://uk.webuy.com/product-detail?id=3391892022308&categoryName=PLAYSTATION5-GAMES&superCatName=GAMING&title=&queryID=1DA0CAA60F29945A2B828A0241D3EA20&position=425","https://uk.static.webuy.com/resize_images/Gaming/Playstation5%20Software/3391892022308_l.jpg","3.9","Pac-Man World: Re-PAC","£20.00","https://uk.webuy.com/sell/product-detail?id=3391892022308&categoryName=PLAYSTATION5-GAMES&superCatName=GAMING&title=&queryID=1DA0CAA60F29945A2B828A0241D3EA20&position=425","£13.00","Trade in for Voucher","£9.00","Trade in for Cash"
"https://uk.webuy.com/product-detail?id=3665962011999&categoryName=PLAYSTATION5-GAMES&superCatName=GAMING&title=&queryID=91B84317CEF0364E7CE095523C35B33A&position=426","https://uk.static.webuy.com/resize_images/Gaming/Playstation5%20Software/3665962011999_l.jpg","3.5","Vampire - The Masquerade: Swansong","£10.00","https://uk.webuy.com/sell/product-detail?id=3665962011999&categoryName=PLAYSTATION5-GAMES&superCatName=GAMING&title=&queryID=91B84317CEF0364E7CE095523C35B33A&position=426","£6.00","Trade in for Voucher","£4.00","Trade in for Cash"
"https://uk.webuy.com/product-detail?id=5016488140867&categoryName=PLAYSTATION5-GAMES&superCatName=GAMING&title=&queryID=91B84317CEF0364E7CE095523C35B33A&position=427","https://uk.static.webuy.com/resize_images/Gaming/Playstation5%20Software/5016488140867_l.jpg","3","Scorn (No DLC)","£45.00","https://uk.webuy.com/sell/product-detail?id=5016488140867&categoryName=PLAYSTATION5-GAMES&superCatName=GAMING&title=&queryID=91B84317CEF0364E7CE095523C35B33A&position=427","£29.00","Trade in for Voucher","£20.00","Trade in for Cash"
"https://uk.webuy.com/product-detail?id=5016488138543&categoryName=PLAYSTATION5-GAMES&superCatName=GAMING&title=&queryID=91B84317CEF0364E7CE095523C35B33A&position=428","https://uk.static.webuy.com/product_images/Gaming/Playstation5%20Software/5016488138543_l.jpg","2.5","Nickelodeon All-Star Brawl","£12.00","https://uk.webuy.com/sell/product-detail?id=5016488138543&categoryName=PLAYSTATION5-GAMES&superCatName=GAMING&title=&queryID=91B84317CEF0364E7CE095523C35B33A&position=428","£7.00","Trade in for Voucher","£5.00","Trade in for Cash"
"https://uk.webuy.com/product-detail?id=3665962021851&categoryName=PLAYSTATION5-GAMES&superCatName=GAMING&title=&queryID=91B84317CEF0364E7CE095523C35B33A&position=429","https://uk.static.webuy.com/resize_images/Gaming/Playstation5%20Software/3665962021851_l.jpg","2.5","Gangs of Sherwood","£8.00","https://uk.webuy.com/sell/product-detail?id=3665962021851&categoryName=PLAYSTATION5-GAMES&superCatName=GAMING&title=&queryID=91B84317CEF0364E7CE095523C35B33A&position=429","£5.00","Trade in for Voucher","£3.00","Trade in for Cash"
"https://uk.webuy.com/product-detail?id=8057168509168&categoryName=PLAYSTATION5-GAMES&superCatName=GAMING&title=&queryID=91B84317CEF0364E7CE095523C35B33A&position=430","https://uk.static.webuy.com/resize_images/Gaming/Playstation5%20Software/8057168509168_l.jpg","","Monster Jam Showdown","£15.00","https://uk.webuy.com/sell/product-detail?id=8057168509168&categoryName=PLAYSTATION5-GAMES&superCatName=GAMING&title=&queryID=91B84317CEF0364E7CE095523C35B33A&position=430","£9.00","Trade in for Voucher","£6.00","Trade in for Cash"
"https://uk.webuy.com/product-detail?id=7350002938935&categoryName=PLAYSTATION5-GAMES&superCatName=GAMING&title=&queryID=91B84317CEF0364E7CE095523C35B33A&position=431","https://uk.static.webuy.com/resize_images/Gaming/Playstation5%20Software/7350002938935_l.jpg","","Lollipop Chainsaw rePOP","£45.00","https://uk.webuy.com/sell/product-detail?id=7350002938935&categoryName=PLAYSTATION5-GAMES&superCatName=GAMING&title=&queryID=91B84317CEF0364E7CE095523C35B33A&position=431","£31.00","Trade in for Voucher","£25.00","Trade in for Cash"
"https://uk.webuy.com/product-detail?id=5061005355286&categoryName=PLAYSTATION5-GAMES&superCatName=GAMING&title=&queryID=91B84317CEF0364E7CE095523C35B33A&position=432","https://uk.static.webuy.com/resize_images/Gaming/Playstation5%20Software/5061005355286_l.jpg","","Transformers: Galactic Trials","£12.00","https://uk.webuy.com/sell/product-detail?id=5061005355286&categoryName=PLAYSTATION5-GAMES&superCatName=GAMING&title=&queryID=91B84317CEF0364E7CE095523C35B33A&position=432","£7.00","Trade in for Voucher","£5.00","Trade in for Cash"
"https://uk.webuy.com/product-detail?id=5061005354067&categoryName=PLAYSTATION5-GAMES&superCatName=GAMING&title=&queryID=91B84317CEF0364E7CE095523C35B33A&position=433","https://uk.static.webuy.com/resize_images/Gaming/Playstation5%20Software/5061005354067_l.jpg","","SpongeBob SquarePants: The Patrick Star Game","£18.00","https://uk.webuy.com/sell/product-detail?id=5061005354067&categoryName=PLAYSTATION5-GAMES&superCatName=GAMING&title=&queryID=91B84317CEF0364E7CE095523C35B33A&position=433","£11.00","Trade in for Voucher","£8.00","Trade in for Cash"
"https://uk.webuy.com/product-detail?id=5056635622228&categoryName=PLAYSTATION5-GAMES&superCatName=GAMING&title=&queryID=91B84317CEF0364E7CE095523C35B33A&position=434","https://uk.static.webuy.com/resize_images/Gaming/Playstation5%20Software/5056635622228_l.jpg","","Rogue Prince of Persia, The","£25.00","https://uk.webuy.com/sell/product-detail?id=5056635622228&categoryName=PLAYSTATION5-GAMES&superCatName=GAMING&title=&queryID=91B84317CEF0364E7CE095523C35B33A&position=434","£16.00","Trade in for Voucher","£11.00","Trade in for Cash"
"https://uk.webuy.com/product-detail?id=5056635614407&categoryName=PLAYSTATION5-GAMES&superCatName=GAMING&title=&queryID=91B84317CEF0364E7CE095523C35B33A&position=435","https://uk.static.webuy.com/resize_images/Gaming/Playstation5%20Software/5056635614407_l.jpg","","7 Days to Die","£28.00","https://uk.webuy.com/sell/product-detail?id=5056635614407&categoryName=PLAYSTATION5-GAMES&superCatName=GAMING&title=&queryID=91B84317CEF0364E7CE095523C35B33A&position=435","£18.00","Trade in for Voucher","£12.00","Trade in for Cash"
"https://uk.webuy.com/product-detail?id=5056635612953&categoryName=PLAYSTATION5-GAMES&superCatName=GAMING&title=&queryID=91B84317CEF0364E7CE095523C35B33A&position=436","https://uk.static.webuy.com/resize_images/Gaming/Playstation5%20Software/5056635612953_l.jpg","","Mighty Morphin Power Rangers: Rita's Rewind","£20.00","https://uk.webuy.com/sell/product-detail?id=5056635612953&categoryName=PLAYSTATION5-GAMES&superCatName=GAMING&title=&queryID=91B84317CEF0364E7CE095523C35B33A&position=436","£13.00","Trade in for Voucher","£9.00","Trade in for Cash"
"https://uk.webuy.com/product-detail?id=5056635606020&categoryName=PLAYSTATION5-GAMES&superCatName=GAMING&title=&queryID=91B84317CEF0364E7CE095523C35B33A&position=437","https://uk.static.webuy.com/resize_images/Gaming/Playstation5%20Software/5056635606020_l.jpg","","Quantum Error","£15.00","https://uk.webuy.com/sell/product-detail?id=5056635606020&categoryName=PLAYSTATION5-GAMES&superCatName=GAMING&title=&queryID=91B84317CEF0364E7CE095523C35B33A&position=437","£9.00","Trade in for Voucher","£6.00","Trade in for Cash"
"https://uk.webuy.com/product-detail?id=3307216291916&categoryName=PLAYSTATION5-GAMES&superCatName=GAMING&title=&queryID=91B84317CEF0364E7CE095523C35B33A&position=438","https://uk.static.webuy.com/resize_images/Gaming/Playstation5%20Software/3307216291916_l.jpg","","Monopoly","£18.00","https://uk.webuy.com/sell/product-detail?id=3307216291916&categoryName=PLAYSTATION5-GAMES&superCatName=GAMING&title=&queryID=91B84317CEF0364E7CE095523C35B33A&position=438","£11.00","Trade in for Voucher","£8.00","Trade in for Cash"
"https://uk.webuy.com/product-detail?id=5060968300340&categoryName=PLAYSTATION5-GAMES&superCatName=GAMING&title=&queryID=91B84317CEF0364E7CE095523C35B33A&position=439","https://uk.static.webuy.com/resize_images/Gaming/Playstation5%20Software/5060968300340_l.jpg","5","Avatar The Last Airbender: Quest for Balance","£12.00","https://uk.webuy.com/sell/product-detail?id=5060968300340&categoryName=PLAYSTATION5-GAMES&superCatName=GAMING&title=&queryID=91B84317CEF0364E7CE095523C35B33A&position=439","£7.00","Trade in for Voucher","£5.00","Trade in for Cash"
"https://uk.webuy.com/product-detail?id=5060264378074&categoryName=PLAYSTATION5-GAMES&superCatName=GAMING&title=&queryID=91B84317CEF0364E7CE095523C35B33A&position=440","https://uk.static.webuy.com/resize_images/Gaming/Playstation5%20Software/5060264378074_l.jpg","5","Medieval Dynasty","£20.00","https://uk.webuy.com/sell/product-detail?id=5060264378074&categoryName=PLAYSTATION5-GAMES&superCatName=GAMING&title=&queryID=91B84317CEF0364E7CE095523C35B33A&position=440","£13.00","Trade in for Voucher","£9.00","Trade in for Cash"
"https://uk.webuy.com/product-detail?id=5030949125217&categoryName=PLAYSTATION5-GAMES&superCatName=GAMING&title=&queryID=91B84317CEF0364E7CE095523C35B33A&position=441","https://uk.static.webuy.com/resize_images/Gaming/Playstation5%20Software/5030949125217_l.jpg","5","NHL 24","£12.00","https://uk.webuy.com/sell/product-detail?id=5030949125217&categoryName=PLAYSTATION5-GAMES&superCatName=GAMING&title=&queryID=91B84317CEF0364E7CE095523C35B33A&position=441","£7.00","Trade in for Voucher","£5.00","Trade in for Cash"
"https://uk.webuy.com/product-detail?id=3760156488615&categoryName=PLAYSTATION5-GAMES&superCatName=GAMING&title=&queryID=91B84317CEF0364E7CE095523C35B33A&position=442","https://uk.static.webuy.com/resize_images/Gaming/Playstation5%20Software/3760156488615_l.jpg","5","Beyond a Steel Sky","£12.00","https://uk.webuy.com/sell/product-detail?id=3760156488615&categoryName=PLAYSTATION5-GAMES&superCatName=GAMING&title=&queryID=91B84317CEF0364E7CE095523C35B33A&position=442","£7.00","Trade in for Voucher","£5.00","Trade in for Cash"
"https://uk.webuy.com/product-detail?id=3391892031621&categoryName=PLAYSTATION5-GAMES&superCatName=GAMING&title=&queryID=14AFE7B6274F261A8F3A47D9B861CA15&position=443","https://uk.static.webuy.com/resize_images/Gaming/Playstation5%20Software/3391892031621_l.jpg","5","Tales of Xillia Remastered","£38.00","https://uk.webuy.com/sell/product-detail?id=3391892031621&categoryName=PLAYSTATION5-GAMES&superCatName=GAMING&title=&queryID=14AFE7B6274F261A8F3A47D9B861CA15&position=443","£24.00","Trade in for Voucher","£17.00","Trade in for Cash"
"https://uk.webuy.com/product-detail?id=711719816591&categoryName=PLAYSTATION5-GAMES&superCatName=GAMING&title=&queryID=14AFE7B6274F261A8F3A47D9B861CA15&position=444","https://uk.static.webuy.com/product_images/Gaming/Playstation5%20Software/711719816591_l.jpg","4.8","Nioh Collection (2 Disc)","£40.00","https://uk.webuy.com/sell/product-detail?id=711719816591&categoryName=PLAYSTATION5-GAMES&superCatName=GAMING&title=&queryID=14AFE7B6274F261A8F3A47D9B861CA15&position=444","£26.00","Trade in for Voucher","£18.00","Trade in for Cash"
"https://uk.webuy.com/product-detail?id=4020628676636&categoryName=PLAYSTATION5-GAMES&superCatName=GAMING&title=&queryID=14AFE7B6274F261A8F3A47D9B861CA15&position=445","https://uk.static.webuy.com/resize_images/Gaming/Playstation5%20Software/4020628676636_l.jpg","4.7","Crusader Kings III","£28.00","https://uk.webuy.com/sell/product-detail?id=4020628676636&categoryName=PLAYSTATION5-GAMES&superCatName=GAMING&title=&queryID=14AFE7B6274F261A8F3A47D9B861CA15&position=445","£18.00","Trade in for Voucher","£12.00","Trade in for Cash"
"https://uk.webuy.com/product-detail?id=3391892026443&categoryName=PLAYSTATION5-GAMES&superCatName=GAMING&title=&queryID=14AFE7B6274F261A8F3A47D9B861CA15&position=446","https://uk.static.webuy.com/resize_images/Gaming/Playstation5%20Software/3391892026443_l.jpg","4.7","Naruto X Boruto Ultimate Ninja Storm Connections","£20.00","https://uk.webuy.com/sell/product-detail?id=3391892026443&categoryName=PLAYSTATION5-GAMES&superCatName=GAMING&title=&queryID=14AFE7B6274F261A8F3A47D9B861CA15&position=446","£13.00","Trade in for Voucher","£9.00","Trade in for Cash"
"https://uk.webuy.com/product-detail?id=5061077020402&categoryName=PLAYSTATION5-GAMES&superCatName=GAMING&title=&queryID=14AFE7B6274F261A8F3A47D9B861CA15&position=447","https://uk.static.webuy.com/product_images/Gaming/Playstation5%20Software/5061077020402_l.jpg","4.5","Terminator 2D: NO FATE Day One Ed. w/ Cloth Poster, Token & Manual Book","£42.00","https://uk.webuy.com/sell/product-detail?id=5061077020402&categoryName=PLAYSTATION5-GAMES&superCatName=GAMING&title=&queryID=14AFE7B6274F261A8F3A47D9B861CA15&position=447","£27.00","Trade in for Voucher","£19.00","Trade in for Cash"
"https://uk.webuy.com/product-detail?id=5056208822260&categoryName=PLAYSTATION5-GAMES&superCatName=GAMING&title=&queryID=14AFE7B6274F261A8F3A47D9B861CA15&position=448","https://uk.static.webuy.com/resize_images/Gaming/Playstation5%20Software/5056208822260_l.jpg","4.3","F1 Manager 2023","£10.00","https://uk.webuy.com/sell/product-detail?id=5056208822260&categoryName=PLAYSTATION5-GAMES&superCatName=GAMING&title=&queryID=14AFE7B6274F261A8F3A47D9B861CA15&position=448","£6.00","Trade in for Voucher","£4.00","Trade in for Cash"
"https://uk.webuy.com/product-detail?id=3665962020205&categoryName=PLAYSTATION5-GAMES&superCatName=GAMING&title=&queryID=14AFE7B6274F261A8F3A47D9B861CA15&position=449","https://uk.static.webuy.com/resize_images/Gaming/Playstation5%20Software/3665962020205_l.jpg","4.3","TT Isle Of Man: Ride On The Edge 3","£18.00","https://uk.webuy.com/sell/product-detail?id=3665962020205&categoryName=PLAYSTATION5-GAMES&superCatName=GAMING&title=&queryID=14AFE7B6274F261A8F3A47D9B861CA15&position=449","£11.00","Trade in for Voucher","£8.00","Trade in for Cash"
"https://uk.webuy.com/product-detail?id=5060968303136&categoryName=PLAYSTATION5-GAMES&superCatName=GAMING&title=&queryID=14AFE7B6274F261A8F3A47D9B861CA15&position=450","https://uk.static.webuy.com/resize_images/Gaming/Playstation5%20Software/5060968303136_l.jpg","4","Hot Wheels Let's Race: Ultimate Speed","£18.00","https://uk.webuy.com/sell/product-detail?id=5060968303136&categoryName=PLAYSTATION5-GAMES&superCatName=GAMING&title=&queryID=14AFE7B6274F261A8F3A47D9B861CA15&position=450","£11.00","Trade in for Voucher","£8.00","Trade in for Cash"
"https://uk.webuy.com/product-detail?id=5060760886684&categoryName=PLAYSTATION5-GAMES&superCatName=GAMING&title=&queryID=14AFE7B6274F261A8F3A47D9B861CA15&position=451","https://uk.static.webuy.com/resize_images/Gaming/Playstation5%20Software/5060760886684_l.jpg","4","Ascent, The","£10.00","https://uk.webuy.com/sell/product-detail?id=5060760886684&categoryName=PLAYSTATION5-GAMES&superCatName=GAMING&title=&queryID=14AFE7B6274F261A8F3A47D9B861CA15&position=451","£6.00","Trade in for Voucher","£4.00","Trade in for Cash"
"https://uk.webuy.com/product-detail?id=5021290097940&categoryName=PLAYSTATION5-GAMES&superCatName=GAMING&title=&queryID=14AFE7B6274F261A8F3A47D9B861CA15&position=452","https://uk.static.webuy.com/resize_images/Gaming/Playstation5%20Software/5021290097940_l.jpg","4","Star Ocean: The Second Story R","£18.00","https://uk.webuy.com/sell/product-detail?id=5021290097940&categoryName=PLAYSTATION5-GAMES&superCatName=GAMING&title=&queryID=14AFE7B6274F261A8F3A47D9B861CA15&position=452","£11.00","Trade in for Voucher","£8.00","Trade in for Cash"
"https://uk.webuy.com/product-detail?id=5055957703011&categoryName=PLAYSTATION5-GAMES&superCatName=GAMING&title=&queryID=14AFE7B6274F261A8F3A47D9B861CA15&position=453","https://uk.static.webuy.com/resize_images/Gaming/Playstation5%20Software/5055957703011_l.jpg","3.7","Mortal Shell: Enhanced Edition","£15.00","https://uk.webuy.com/sell/product-detail?id=5055957703011&categoryName=PLAYSTATION5-GAMES&superCatName=GAMING&title=&queryID=14AFE7B6274F261A8F3A47D9B861CA15&position=453","£9.00","Trade in for Voucher","£6.00","Trade in for Cash"
"https://uk.webuy.com/product-detail?id=4020628701192&categoryName=PLAYSTATION5-GAMES&superCatName=GAMING&title=&queryID=14AFE7B6274F261A8F3A47D9B861CA15&position=454","https://uk.static.webuy.com/resize_images/Gaming/Playstation5%20Software/4020628701192_l.jpg","3.3","Dungeons & Dragons: Dark Alliance","£8.00","https://uk.webuy.com/sell/product-detail?id=4020628701192&categoryName=PLAYSTATION5-GAMES&superCatName=GAMING&title=&queryID=14AFE7B6274F261A8F3A47D9B861CA15&position=454","£5.00","Trade in for Voucher","£3.00","Trade in for Cash"
"https://uk.webuy.com/product-detail?id=5056208813367&categoryName=PLAYSTATION5-GAMES&superCatName=GAMING&title=&queryID=14AFE7B6274F261A8F3A47D9B861CA15&position=455","https://uk.static.webuy.com/resize_images/Gaming/Playstation5%20Software/5056208813367_l.jpg","3","MechWarrior 5: Mercenaries","£10.00","https://uk.webuy.com/sell/product-detail?id=5056208813367&categoryName=PLAYSTATION5-GAMES&superCatName=GAMING&title=&queryID=14AFE7B6274F261A8F3A47D9B861CA15&position=455","£6.00","Trade in for Voucher","£4.00","Trade in for Cash"
"https://uk.webuy.com/product-detail?id=5021290089242&categoryName=PLAYSTATION5-GAMES&superCatName=GAMING&title=&queryID=14AFE7B6274F261A8F3A47D9B861CA15&position=456","https://uk.static.webuy.com/resize_images/Gaming/Playstation5%20Software/5021290089242_l.jpg","3","Balan Wonderworld","£6.00","https://uk.webuy.com/sell/product-detail?id=5021290089242&categoryName=PLAYSTATION5-GAMES&superCatName=GAMING&title=&queryID=14AFE7B6274F261A8F3A47D9B861CA15&position=456","£2.00","Trade in for Voucher","£1.50","Trade in for Cash"
"https://uk.webuy.com/product-detail?id=9120131600427&categoryName=PLAYSTATION5-GAMES&superCatName=GAMING&title=&queryID=14AFE7B6274F261A8F3A47D9B861CA15&position=457","https://uk.static.webuy.com/resize_images/Gaming/Playstation5%20Software/9120131600427_l.jpg","","Spongebob Squarepants: The Cosmic Shake","£25.00","https://uk.webuy.com/sell/product-detail?id=9120131600427&categoryName=PLAYSTATION5-GAMES&superCatName=GAMING&title=&queryID=14AFE7B6274F261A8F3A47D9B861CA15&position=457","£16.00","Trade in for Voucher","£11.00","Trade in for Cash"
"https://uk.webuy.com/product-detail?id=8721161648086&categoryName=PLAYSTATION5-GAMES&superCatName=GAMING&title=&queryID=14AFE7B6274F261A8F3A47D9B861CA15&position=458","https://uk.static.webuy.com/resize_images/Gaming/Playstation5%20Software/8721161648086_l.jpg","","Dog Man: Mission Impawsible","£20.00","https://uk.webuy.com/sell/product-detail?id=8721161648086&categoryName=PLAYSTATION5-GAMES&superCatName=GAMING&title=&queryID=14AFE7B6274F261A8F3A47D9B861CA15&position=458","£13.00","Trade in for Voucher","£9.00","Trade in for Cash"
"https://uk.webuy.com/product-detail?id=8436622260256&categoryName=PLAYSTATION5-GAMES&superCatName=GAMING&title=&queryID=14AFE7B6274F261A8F3A47D9B861CA15&position=459","https://uk.static.webuy.com/product_images/Gaming/Playstation5%20Software/8436622260256_l.jpg","","Karma: The Dark World","£28.00","https://uk.webuy.com/sell/product-detail?id=8436622260256&categoryName=PLAYSTATION5-GAMES&superCatName=GAMING&title=&queryID=14AFE7B6274F261A8F3A47D9B861CA15&position=459","£18.00","Trade in for Voucher","£12.00","Trade in for Cash"
"https://uk.webuy.com/product-detail?id=8436016712798&categoryName=PLAYSTATION5-GAMES&superCatName=GAMING&title=&queryID=16BD2BAE8E956E0A9D93581010F40D57&position=460","https://uk.static.webuy.com/resize_images/Gaming/Playstation5%20Software/8436016712798_l.jpg","","Amber Alert","£48.00","https://uk.webuy.com/sell/product-detail?id=8436016712798&categoryName=PLAYSTATION5-GAMES&superCatName=GAMING&title=&queryID=16BD2BAE8E956E0A9D93581010F40D57&position=460","£31.00","Trade in for Voucher","£22.00","Trade in for Cash"
"https://uk.webuy.com/product-detail?id=5061078710609&categoryName=PLAYSTATION5-GAMES&superCatName=GAMING&title=&queryID=16BD2BAE8E956E0A9D93581010F40D57&position=461","https://uk.static.webuy.com/resize_images/Gaming/Playstation5%20Software/5061078710609_l.jpg","","Bendy & The Ink Machine","£18.00","https://uk.webuy.com/sell/product-detail?id=5061078710609&categoryName=PLAYSTATION5-GAMES&superCatName=GAMING&title=&queryID=16BD2BAE8E956E0A9D93581010F40D57&position=461","£11.00","Trade in for Voucher","£8.00","Trade in for Cash"
"https://uk.webuy.com/product-detail?id=5061005351165&categoryName=PLAYSTATION5-GAMES&superCatName=GAMING&title=&queryID=16BD2BAE8E956E0A9D93581010F40D57&position=462","https://uk.static.webuy.com/resize_images/Gaming/Playstation5%20Software/5061005351165_l.jpg","","Jumanji: Wild Adventures","£12.00","https://uk.webuy.com/sell/product-detail?id=5061005351165&categoryName=PLAYSTATION5-GAMES&superCatName=GAMING&title=&queryID=16BD2BAE8E956E0A9D93581010F40D57&position=462","£7.00","Trade in for Voucher","£5.00","Trade in for Cash"
"https://uk.webuy.com/product-detail?id=5060760884413&categoryName=PLAYSTATION5-GAMES&superCatName=GAMING&title=&queryID=16BD2BAE8E956E0A9D93581010F40D57&position=463","https://uk.static.webuy.com/resize_images/Gaming/Playstation5%20Software/5060760884413_l.jpg","","Human: Fall Flat - Anniversary Edition","£12.00","https://uk.webuy.com/sell/product-detail?id=5060760884413&categoryName=PLAYSTATION5-GAMES&superCatName=GAMING&title=&queryID=16BD2BAE8E956E0A9D93581010F40D57&position=463","£7.00","Trade in for Voucher","£5.00","Trade in for Cash"
"https://uk.webuy.com/product-detail?id=5060327537516&categoryName=PLAYSTATION5-GAMES&superCatName=GAMING&title=&queryID=16BD2BAE8E956E0A9D93581010F40D57&position=464","https://uk.static.webuy.com/resize_images/Gaming/Playstation5%20Software/5060327537516_l.jpg","","Fairy Tail 2","£30.00","https://uk.webuy.com/sell/product-detail?id=5060327537516&categoryName=PLAYSTATION5-GAMES&superCatName=GAMING&title=&queryID=16BD2BAE8E956E0A9D93581010F40D57&position=464","£19.00","Trade in for Voucher","£13.00","Trade in for Cash"
"https://uk.webuy.com/product-detail?id=5060264379798&categoryName=PLAYSTATION5-GAMES&superCatName=GAMING&title=&queryID=16BD2BAE8E956E0A9D93581010F40D57&position=465","https://uk.static.webuy.com/resize_images/Gaming/Playstation5%20Software/5060264379798_l.jpg","","Thaumaturge, The","£18.00","https://uk.webuy.com/sell/product-detail?id=5060264379798&categoryName=PLAYSTATION5-GAMES&superCatName=GAMING&title=&queryID=16BD2BAE8E956E0A9D93581010F40D57&position=465","£11.00","Trade in for Voucher","£8.00","Trade in for Cash"
"https://uk.webuy.com/product-detail?id=5060264379781&categoryName=PLAYSTATION5-GAMES&superCatName=GAMING&title=&queryID=16BD2BAE8E956E0A9D93581010F40D57&position=466","https://uk.static.webuy.com/resize_images/Gaming/Playstation5%20Software/5060264379781_l.jpg","","Indika","£18.00","https://uk.webuy.com/sell/product-detail?id=5060264379781&categoryName=PLAYSTATION5-GAMES&superCatName=GAMING&title=&queryID=16BD2BAE8E956E0A9D93581010F40D57&position=466","£11.00","Trade in for Voucher","£8.00","Trade in for Cash"
"https://uk.webuy.com/product-detail?id=5056635620736&categoryName=PLAYSTATION5-GAMES&superCatName=GAMING&title=&queryID=16BD2BAE8E956E0A9D93581010F40D57&position=467","https://uk.static.webuy.com/resize_images/Gaming/Playstation5%20Software/5056635620736_l.jpg","","Star Wars Dark Forces (Remasterd)","£32.00","https://uk.webuy.com/sell/product-detail?id=5056635620736&categoryName=PLAYSTATION5-GAMES&superCatName=GAMING&title=&queryID=16BD2BAE8E956E0A9D93581010F40D57&position=467","£20.00","Trade in for Voucher","£14.00","Trade in for Cash"
"https://uk.webuy.com/product-detail?id=5055377606688&categoryName=PLAYSTATION5-GAMES&superCatName=GAMING&title=&queryID=16BD2BAE8E956E0A9D93581010F40D57&position=468","https://uk.static.webuy.com/resize_images/Gaming/Playstation5%20Software/5055377606688_l.jpg","","United Assault: Normandy '44","£28.00","https://uk.webuy.com/sell/product-detail?id=5055377606688&categoryName=PLAYSTATION5-GAMES&superCatName=GAMING&title=&queryID=16BD2BAE8E956E0A9D93581010F40D57&position=468","£18.00","Trade in for Voucher","£12.00","Trade in for Cash"
"https://uk.webuy.com/product-detail?id=5016488141642&categoryName=PLAYSTATION5-GAMES&superCatName=GAMING&title=&queryID=16BD2BAE8E956E0A9D93581010F40D57&position=469","https://uk.static.webuy.com/resize_images/Gaming/Playstation5%20Software/5016488141642_l.jpg","","34 Sports Games - World Edition","£18.00","https://uk.webuy.com/sell/product-detail?id=5016488141642&categoryName=PLAYSTATION5-GAMES&superCatName=GAMING&title=&queryID=16BD2BAE8E956E0A9D93581010F40D57&position=469","£11.00","Trade in for Voucher","£8.00","Trade in for Cash"
"https://uk.webuy.com/product-detail?id=5016488141338&categoryName=PLAYSTATION5-GAMES&superCatName=GAMING&title=&queryID=16BD2BAE8E956E0A9D93581010F40D57&position=470","https://uk.static.webuy.com/resize_images/Gaming/Playstation5%20Software/5016488141338_l.jpg","","Five Nights At Freddy's: Help Wanted 2","£20.00","https://uk.webuy.com/sell/product-detail?id=5016488141338&categoryName=PLAYSTATION5-GAMES&superCatName=GAMING&title=&queryID=16BD2BAE8E956E0A9D93581010F40D57&position=470","£13.00","Trade in for Voucher","£9.00","Trade in for Cash"
"https://uk.webuy.com/product-detail?id=5016488141130&categoryName=PLAYSTATION5-GAMES&superCatName=GAMING&title=&queryID=16BD2BAE8E956E0A9D93581010F40D57&position=471","https://uk.static.webuy.com/resize_images/Gaming/Playstation5%20Software/5016488141130_l.jpg","","Pacific Drive","£30.00","https://uk.webuy.com/sell/product-detail?id=5016488141130&categoryName=PLAYSTATION5-GAMES&superCatName=GAMING&title=&queryID=16BD2BAE8E956E0A9D93581010F40D57&position=471","£19.00","Trade in for Voucher","£13.00","Trade in for Cash"
"https://uk.webuy.com/product-detail?id=4260650747441&categoryName=PLAYSTATION5-GAMES&superCatName=GAMING&title=&queryID=16BD2BAE8E956E0A9D93581010F40D57&position=472","https://uk.static.webuy.com/resize_images/Gaming/Playstation5%20Software/4260650747441_l.jpg","","Air Twister","£15.00","https://uk.webuy.com/sell/product-detail?id=4260650747441&categoryName=PLAYSTATION5-GAMES&superCatName=GAMING&title=&queryID=16BD2BAE8E956E0A9D93581010F40D57&position=472","£9.00","Trade in for Voucher","£6.00","Trade in for Cash"
"https://uk.webuy.com/product-detail?id=4020628540197&categoryName=PLAYSTATION5-GAMES&superCatName=GAMING&title=&queryID=16BD2BAE8E956E0A9D93581010F40D57&position=473","https://uk.static.webuy.com/resize_images/Gaming/Playstation5%20Software/4020628540197_l.jpg","","MotoGP 26","£55.00","https://uk.webuy.com/sell/product-detail?id=4020628540197&categoryName=PLAYSTATION5-GAMES&superCatName=GAMING&title=&queryID=16BD2BAE8E956E0A9D93581010F40D57&position=473","£35.00","Trade in for Voucher","£25.00","Trade in for Cash"
"https://uk.webuy.com/product-detail?id=3307216262039&categoryName=PLAYSTATION5-GAMES&superCatName=GAMING&title=&queryID=16BD2BAE8E956E0A9D93581010F40D57&position=474","https://uk.static.webuy.com/resize_images/Gaming/Playstation5%20Software/3307216262039_l.jpg","","Anno 1800","£15.00","https://uk.webuy.com/sell/product-detail?id=3307216262039&categoryName=PLAYSTATION5-GAMES&superCatName=GAMING&title=&queryID=16BD2BAE8E956E0A9D93581010F40D57&position=474","£9.00","Trade in for Voucher","£6.00","Trade in for Cash"
"https://uk.webuy.com/product-detail?id=811949036698&categoryName=PLAYSTATION5-GAMES&superCatName=GAMING&title=&queryID=16BD2BAE8E956E0A9D93581010F40D57&position=475","https://uk.static.webuy.com/product_images/Gaming/Playstation5%20Software/811949036698_l.jpg","5","Bomb Rush Cyberfunk","£15.00","https://uk.webuy.com/sell/product-detail?id=811949036698&categoryName=PLAYSTATION5-GAMES&superCatName=GAMING&title=&queryID=16BD2BAE8E956E0A9D93581010F40D57&position=475","£9.00","Trade in for Voucher","£6.00","Trade in for Cash"
"https://uk.webuy.com/product-detail?id=5060528037730&categoryName=PLAYSTATION5-GAMES&superCatName=GAMING&title=&queryID=16BD2BAE8E956E0A9D93581010F40D57&position=476","https://uk.static.webuy.com/resize_images/Gaming/Playstation5%20Software/5060528037730_l.jpg","5","Dragons: Legends of The Nine Realms","£10.00","https://uk.webuy.com/sell/product-detail?id=5060528037730&categoryName=PLAYSTATION5-GAMES&superCatName=GAMING&title=&queryID=16BD2BAE8E956E0A9D93581010F40D57&position=476","£6.00","Trade in for Voucher","£4.00","Trade in for Cash"
"https://uk.webuy.com/product-detail?id=5060264378944&categoryName=PLAYSTATION5-GAMES&superCatName=GAMING&title=&queryID=639634AEE4761AFF0636BB0D187739AA&position=477","https://uk.static.webuy.com/resize_images/Gaming/Playstation5%20Software/5060264378944_l.jpg","5","Invincible, The","£12.00","https://uk.webuy.com/sell/product-detail?id=5060264378944&categoryName=PLAYSTATION5-GAMES&superCatName=GAMING&title=&queryID=639634AEE4761AFF0636BB0D187739AA&position=477","£7.00","Trade in for Voucher","£5.00","Trade in for Cash"
"https://uk.webuy.com/product-detail?id=5021290101050&categoryName=PLAYSTATION5-GAMES&superCatName=GAMING&title=&queryID=639634AEE4761AFF0636BB0D187739AA&position=478","https://uk.static.webuy.com/resize_images/Gaming/Playstation5%20Software/5021290101050_l.jpg","5","Life is Strange: True Colors / Life is Strange: Double Exposure (No DLC)","£55.00","https://uk.webuy.com/sell/product-detail?id=5021290101050&categoryName=PLAYSTATION5-GAMES&superCatName=GAMING&title=&queryID=639634AEE4761AFF0636BB0D187739AA&position=478","£35.00","Trade in for Voucher","£25.00","Trade in for Cash"
"https://uk.webuy.com/product-detail?id=3701529501180&categoryName=PLAYSTATION5-GAMES&superCatName=GAMING&title=&queryID=639634AEE4761AFF0636BB0D187739AA&position=479","https://uk.static.webuy.com/product_images/Gaming/Playstation5%20Software/3701529501180_l.jpg","5","Syberia: The World Before","£15.00","https://uk.webuy.com/sell/product-detail?id=3701529501180&categoryName=PLAYSTATION5-GAMES&superCatName=GAMING&title=&queryID=639634AEE4761AFF0636BB0D187739AA&position=479","£9.00","Trade in for Voucher","£6.00","Trade in for Cash"
"https://uk.webuy.com/product-detail?id=3391892019100&categoryName=PLAYSTATION5-GAMES&superCatName=GAMING&title=&queryID=639634AEE4761AFF0636BB0D187739AA&position=480","https://uk.static.webuy.com/resize_images/Gaming/Playstation5%20Software/3391892019100_l.jpg","5","Park Beyond","£6.00","https://uk.webuy.com/sell/product-detail?id=3391892019100&categoryName=PLAYSTATION5-GAMES&superCatName=GAMING&title=&queryID=639634AEE4761AFF0636BB0D187739AA&position=480","£3.00","Trade in for Voucher","£2.00","Trade in for Cash"
"https://uk.webuy.com/product-detail?id=5016488140348&categoryName=PLAYSTATION5-GAMES&superCatName=GAMING&title=&queryID=639634AEE4761AFF0636BB0D187739AA&position=481","https://uk.static.webuy.com/resize_images/Gaming/Playstation5%20Software/5016488140348_l.jpg","4.8","Everspace 2","£28.00","https://uk.webuy.com/sell/product-detail?id=5016488140348&categoryName=PLAYSTATION5-GAMES&superCatName=GAMING&title=&queryID=639634AEE4761AFF0636BB0D187739AA&position=481","£18.00","Trade in for Voucher","£12.00","Trade in for Cash"
"https://uk.webuy.com/product-detail?id=4020628694241&categoryName=PLAYSTATION5-GAMES&superCatName=GAMING&title=&queryID=639634AEE4761AFF0636BB0D187739AA&position=482","https://uk.static.webuy.com/resize_images/Gaming/Playstation5%20Software/4020628694241_l.jpg","4.7","Chivalry 2","£12.00","https://uk.webuy.com/sell/product-detail?id=4020628694241&categoryName=PLAYSTATION5-GAMES&superCatName=GAMING&title=&queryID=639634AEE4761AFF0636BB0D187739AA&position=482","£7.00","Trade in for Voucher","£5.00","Trade in for Cash"
"https://uk.webuy.com/product-detail?id=5056635600899&categoryName=PLAYSTATION5-GAMES&superCatName=GAMING&title=&queryID=639634AEE4761AFF0636BB0D187739AA&position=483","https://uk.static.webuy.com/resize_images/Gaming/Playstation5%20Software/5056635600899_l.jpg","4.5","Wanted: Dead","£12.00","https://uk.webuy.com/sell/product-detail?id=5056635600899&categoryName=PLAYSTATION5-GAMES&superCatName=GAMING&title=&queryID=639634AEE4761AFF0636BB0D187739AA&position=483","£7.00","Trade in for Voucher","£5.00","Trade in for Cash"
"https://uk.webuy.com/product-detail?id=3307216176053&categoryName=PLAYSTATION5-GAMES&superCatName=GAMING&title=&queryID=639634AEE4761AFF0636BB0D187739AA&position=484","https://uk.static.webuy.com/resize_images/Gaming/Playstation5%20Software/3307216176053_l.jpg","4.4","Just Dance 2021","£5.00","https://uk.webuy.com/sell/product-detail?id=3307216176053&categoryName=PLAYSTATION5-GAMES&superCatName=GAMING&title=&queryID=639634AEE4761AFF0636BB0D187739AA&position=484","£3.00","Trade in for Voucher","£2.00","Trade in for Cash"
"https://uk.webuy.com/product-detail?id=5060264378135&categoryName=PLAYSTATION5-GAMES&superCatName=GAMING&title=&queryID=639634AEE4761AFF0636BB0D187739AA&position=485","https://uk.static.webuy.com/resize_images/Gaming/Playstation5%20Software/5060264378135_l.jpg","4.3","Dead Cells: Return to Castlevania Edition","£18.00","https://uk.webuy.com/sell/product-detail?id=5060264378135&categoryName=PLAYSTATION5-GAMES&superCatName=GAMING&title=&queryID=639634AEE4761AFF0636BB0D187739AA&position=485","£11.00","Trade in for Voucher","£8.00","Trade in for Cash"
"https://uk.webuy.com/product-detail?id=5060264377015&categoryName=PLAYSTATION5-GAMES&superCatName=GAMING&title=&queryID=639634AEE4761AFF0636BB0D187739AA&position=486","https://uk.static.webuy.com/resize_images/Gaming/Playstation5%20Software/5060264377015_l.jpg","4.3","Road 96","£20.00","https://uk.webuy.com/sell/product-detail?id=5060264377015&categoryName=PLAYSTATION5-GAMES&superCatName=GAMING&title=&queryID=639634AEE4761AFF0636BB0D187739AA&position=486","£13.00","Trade in for Voucher","£9.00","Trade in for Cash"
"https://uk.webuy.com/product-detail?id=3701529503528&categoryName=PLAYSTATION5-GAMES&superCatName=GAMING&title=&queryID=639634AEE4761AFF0636BB0D187739AA&position=487","https://uk.static.webuy.com/resize_images/Gaming/Playstation5%20Software/3701529503528_l.jpg","4","Tintin Reporter: Cigars of the Pharaoh","£25.00","https://uk.webuy.com/sell/product-detail?id=3701529503528&categoryName=PLAYSTATION5-GAMES&superCatName=GAMING&title=&queryID=639634AEE4761AFF0636BB0D187739AA&position=487","£16.00","Trade in for Voucher","£11.00","Trade in for Cash"
"https://uk.webuy.com/product-detail?id=3665962015164&categoryName=PLAYSTATION5-GAMES&superCatName=GAMING&title=&queryID=639634AEE4761AFF0636BB0D187739AA&position=488","https://uk.static.webuy.com/resize_images/Gaming/Playstation5%20Software/3665962015164_l.jpg","4","Steelrising","£8.00","https://uk.webuy.com/sell/product-detail?id=3665962015164&categoryName=PLAYSTATION5-GAMES&superCatName=GAMING&title=&queryID=639634AEE4761AFF0636BB0D187739AA&position=488","£5.00","Trade in for Voucher","£3.00","Trade in for Cash"
"https://uk.webuy.com/product-detail?id=3307216211099&categoryName=PLAYSTATION5-GAMES&superCatName=GAMING&title=&queryID=639634AEE4761AFF0636BB0D187739AA&position=489","https://uk.static.webuy.com/product_images/Gaming/Playstation5%20Software/3307216211099_l.jpg","3.9","Just Dance 2022","£8.00","https://uk.webuy.com/sell/product-detail?id=3307216211099&categoryName=PLAYSTATION5-GAMES&superCatName=GAMING&title=&queryID=639634AEE4761AFF0636BB0D187739AA&position=489","£5.00","Trade in for Voucher","£3.00","Trade in for Cash"
"https://uk.webuy.com/product-detail?id=3665962012910&categoryName=PLAYSTATION5-GAMES&superCatName=GAMING&title=&queryID=639634AEE4761AFF0636BB0D187739AA&position=490","https://uk.static.webuy.com/resize_images/Gaming/Playstation5%20Software/3665962012910_l.jpg","3.7","Rugby 22","£10.00","https://uk.webuy.com/sell/product-detail?id=3665962012910&categoryName=PLAYSTATION5-GAMES&superCatName=GAMING&title=&queryID=639634AEE4761AFF0636BB0D187739AA&position=490","£6.00","Trade in for Voucher","£4.00","Trade in for Cash"
"https://uk.webuy.com/product-detail?id=3665962004106&categoryName=PLAYSTATION5-GAMES&superCatName=GAMING&title=&queryID=639634AEE4761AFF0636BB0D187739AA&position=491","https://uk.static.webuy.com/product_images/Gaming/Playstation5%20Software/3665962004106_l.jpg","3.6","Werewolf: The Apocalypse - Earthblood","£8.00","https://uk.webuy.com/sell/product-detail?id=3665962004106&categoryName=PLAYSTATION5-GAMES&superCatName=GAMING&title=&queryID=639634AEE4761AFF0636BB0D187739AA&position=491","£5.00","Trade in for Voucher","£3.00","Trade in for Cash"
"https://uk.webuy.com/product-detail?id=810161630189&categoryName=PLAYSTATION5-GAMES&superCatName=GAMING&title=&queryID=639634AEE4761AFF0636BB0D187739AA&position=492","https://uk.static.webuy.com/product_images/Gaming/Playstation5%20Software/810161630189_l.jpg","","Frostpunk 2","£25.00","https://uk.webuy.com/sell/product-detail?id=810161630189&categoryName=PLAYSTATION5-GAMES&superCatName=GAMING&title=&queryID=639634AEE4761AFF0636BB0D187739AA&position=492","£16.00","Trade in for Voucher","£11.00","Trade in for Cash"
"https://uk.webuy.com/product-detail?id=810100864064&categoryName=PLAYSTATION5-GAMES&superCatName=GAMING&title=&queryID=639634AEE4761AFF0636BB0D187739AA&position=493","https://uk.static.webuy.com/product_images/Gaming/Playstation5%20Software/810100864064_l.jpg","","Ys X: Nordics","£22.00","https://uk.webuy.com/sell/product-detail?id=810100864064&categoryName=PLAYSTATION5-GAMES&superCatName=GAMING&title=&queryID=639634AEE4761AFF0636BB0D187739AA&position=493","£14.00","Trade in for Voucher","£10.00","Trade in for Cash"
"https://uk.webuy.com/product-detail?id=7350002934425&categoryName=PLAYSTATION5-GAMES&superCatName=GAMING&title=&queryID=27FB66A68C2A620A34551F907930022F&position=494","https://uk.static.webuy.com/resize_images/Gaming/Playstation5%20Software/7350002934425_l.jpg","","Layers of Fear (No DLC)","£25.00","https://uk.webuy.com/sell/product-detail?id=7350002934425&categoryName=PLAYSTATION5-GAMES&superCatName=GAMING&title=&queryID=27FB66A68C2A620A34551F907930022F&position=494","£16.00","Trade in for Voucher","£11.00","Trade in for Cash"
"https://uk.webuy.com/product-detail?id=5061078710678&categoryName=PLAYSTATION5-GAMES&superCatName=GAMING&title=&queryID=27FB66A68C2A620A34551F907930022F&position=495","https://uk.static.webuy.com/resize_images/Gaming/Playstation5%20Software/5061078710678_l.jpg","","Absolum (No DLC)","£30.00","https://uk.webuy.com/sell/product-detail?id=5061078710678&categoryName=PLAYSTATION5-GAMES&superCatName=GAMING&title=&queryID=27FB66A68C2A620A34551F907930022F&position=495","£19.00","Trade in for Voucher","£13.00","Trade in for Cash"
"https://uk.webuy.com/product-detail?id=5061005780804&categoryName=PLAYSTATION5-GAMES&superCatName=GAMING&title=&queryID=27FB66A68C2A620A34551F907930022F&position=496","https://uk.static.webuy.com/resize_images/Gaming/Playstation5%20Software/5061005780804_l.jpg","","MADiSON VR (PSVR2)","£18.00","https://uk.webuy.com/sell/product-detail?id=5061005780804&categoryName=PLAYSTATION5-GAMES&superCatName=GAMING&title=&queryID=27FB66A68C2A620A34551F907930022F&position=496","£11.00","Trade in for Voucher","£8.00","Trade in for Cash"
"https://uk.webuy.com/product-detail?id=5060188672999&categoryName=PLAYSTATION5-GAMES&superCatName=GAMING&title=&queryID=27FB66A68C2A620A34551F907930022F&position=497","https://uk.static.webuy.com/resize_images/Gaming/Playstation5%20Software/5060188672999_l.jpg","","Arcade Paradise","£12.00","https://uk.webuy.com/sell/product-detail?id=5060188672999&categoryName=PLAYSTATION5-GAMES&superCatName=GAMING&title=&queryID=27FB66A68C2A620A34551F907930022F&position=497","£7.00","Trade in for Voucher","£5.00","Trade in for Cash"
"https://uk.webuy.com/product-detail?id=5056722400043&categoryName=PLAYSTATION5-GAMES&superCatName=GAMING&title=&queryID=27FB66A68C2A620A34551F907930022F&position=498","https://uk.static.webuy.com/resize_images/Gaming/Playstation5%20Software/5056722400043_l.jpg","","Choo-Choo Charles","£28.00","https://uk.webuy.com/sell/product-detail?id=5056722400043&categoryName=PLAYSTATION5-GAMES&superCatName=GAMING&title=&queryID=27FB66A68C2A620A34551F907930022F&position=498","£18.00","Trade in for Voucher","£12.00","Trade in for Cash"
"https://uk.webuy.com/product-detail?id=5056635610553&categoryName=PLAYSTATION5-GAMES&superCatName=GAMING&title=&queryID=27FB66A68C2A620A34551F907930022F&position=499","https://uk.static.webuy.com/resize_images/Gaming/Playstation5%20Software/5056635610553_l.jpg","","Retro Realms: Halloween & Ash vs Evil Dead","£25.00","https://uk.webuy.com/sell/product-detail?id=5056635610553&categoryName=PLAYSTATION5-GAMES&superCatName=GAMING&title=&queryID=27FB66A68C2A620A34551F907930022F&position=499","£16.00","Trade in for Voucher","£11.00","Trade in for Cash"
"https://uk.webuy.com/product-detail?id=5056635608147&categoryName=PLAYSTATION5-GAMES&superCatName=GAMING&title=&queryID=27FB66A68C2A620A34551F907930022F&position=500","https://uk.static.webuy.com/resize_images/Gaming/Playstation5%20Software/5056635608147_l.jpg","","Rugrats Adventures in Gameland","£20.00","https://uk.webuy.com/sell/product-detail?id=5056635608147&categoryName=PLAYSTATION5-GAMES&superCatName=GAMING&title=&queryID=27FB66A68C2A620A34551F907930022F&position=500","£13.00","Trade in for Voucher","£9.00","Trade in for Cash"
"https://uk.webuy.com/product-detail?id=5030943125275&categoryName=PLAYSTATION5-GAMES&superCatName=GAMING&title=&queryID=27FB66A68C2A620A34551F907930022F&position=501","https://uk.static.webuy.com/resize_images/Gaming/Playstation5%20Software/5030943125275_l.jpg","","NHL 25","£20.00","https://uk.webuy.com/sell/product-detail?id=5030943125275&categoryName=PLAYSTATION5-GAMES&superCatName=GAMING&title=&queryID=27FB66A68C2A620A34551F907930022F&position=501","£13.00","Trade in for Voucher","£9.00","Trade in for Cash"
"https://uk.webuy.com/product-detail?id=4964808152957&categoryName=PLAYSTATION5-GAMES&superCatName=GAMING&title=&queryID=27FB66A68C2A620A34551F907930022F&position=502","https://uk.static.webuy.com/resize_images/Gaming/Playstation5%20Software/4964808152957_l.jpg","","Fatal Fury: City of the Wolves Deluxe Ed. w/Artbook,2xOST&Steelbook(NoDLC)","£25.00","https://uk.webuy.com/sell/product-detail?id=4964808152957&categoryName=PLAYSTATION5-GAMES&superCatName=GAMING&title=&queryID=27FB66A68C2A620A34551F907930022F&position=502","£16.00","Trade in for Voucher","£11.00","Trade in for Cash"
"https://uk.webuy.com/product-detail?id=4260458363522&categoryName=PLAYSTATION5-GAMES&superCatName=GAMING&title=&queryID=27FB66A68C2A620A34551F907930022F&position=503","https://uk.static.webuy.com/resize_images/Gaming/Playstation5%20Software/4260458363522_l.jpg","","Dungeons 4","£12.00","https://uk.webuy.com/sell/product-detail?id=4260458363522&categoryName=PLAYSTATION5-GAMES&superCatName=GAMING&title=&queryID=27FB66A68C2A620A34551F907930022F&position=503","£7.00","Trade in for Voucher","£5.00","Trade in for Cash"
"https://uk.webuy.com/product-detail?id=4012927151280&categoryName=PLAYSTATION5-GAMES&superCatName=GAMING&title=&queryID=27FB66A68C2A620A34551F907930022F&position=504","https://uk.static.webuy.com/resize_images/Gaming/Playstation5%20Software/4012927151280_l.jpg","","Deliver At All Costs","£18.00","https://uk.webuy.com/sell/product-detail?id=4012927151280&categoryName=PLAYSTATION5-GAMES&superCatName=GAMING&title=&queryID=27FB66A68C2A620A34551F907930022F&position=504","£11.00","Trade in for Voucher","£8.00","Trade in for Cash"
"https://uk.webuy.com/product-detail?id=3701529518706&categoryName=PLAYSTATION5-GAMES&superCatName=GAMING&title=&queryID=27FB66A68C2A620A34551F907930022F&position=505","https://uk.static.webuy.com/resize_images/Gaming/Playstation5%20Software/3701529518706_l.jpg","","Double Dragon Revive","£35.00","https://uk.webuy.com/sell/product-detail?id=3701529518706&categoryName=PLAYSTATION5-GAMES&superCatName=GAMING&title=&queryID=27FB66A68C2A620A34551F907930022F&position=505","£22.00","Trade in for Voucher","£16.00","Trade in for Cash"
"https://uk.webuy.com/product-detail?id=3701529503771&categoryName=PLAYSTATION5-GAMES&superCatName=GAMING&title=&queryID=27FB66A68C2A620A34551F907930022F&position=506","https://uk.static.webuy.com/product_images/Gaming/Playstation5%20Software/3701529503771_l.jpg","","Marsupilami: Hoobadventure","£22.00","https://uk.webuy.com/sell/product-detail?id=3701529503771&categoryName=PLAYSTATION5-GAMES&superCatName=GAMING&title=&queryID=27FB66A68C2A620A34551F907930022F&position=506","£14.00","Trade in for Voucher","£10.00","Trade in for Cash"
"https://uk.webuy.com/product-detail?id=3665962025491&categoryName=PLAYSTATION5-GAMES&superCatName=GAMING&title=&queryID=27FB66A68C2A620A34551F907930022F&position=507","https://uk.static.webuy.com/resize_images/Gaming/Playstation5%20Software/3665962025491_l.jpg","","Ambulance Life: A Paramedic Simulator","£20.00","https://uk.webuy.com/sell/product-detail?id=3665962025491&categoryName=PLAYSTATION5-GAMES&superCatName=GAMING&title=&queryID=27FB66A68C2A620A34551F907930022F&position=507","£13.00","Trade in for Voucher","£9.00","Trade in for Cash"
"https://uk.webuy.com/product-detail?id=3391892039580&categoryName=PLAYSTATION5-GAMES&superCatName=GAMING&title=&queryID=27FB66A68C2A620A34551F907930022F&position=508","https://uk.static.webuy.com/resize_images/Gaming/Playstation5%20Software/3391892039580_l.jpg","","My Hero Academia: All's Justice","£48.00","https://uk.webuy.com/sell/product-detail?id=3391892039580&categoryName=PLAYSTATION5-GAMES&superCatName=GAMING&title=&queryID=27FB66A68C2A620A34551F907930022F&position=508","£33.00","Trade in for Voucher","£27.00","Trade in for Cash"
"https://uk.webuy.com/product-detail?id=3391892037531&categoryName=PLAYSTATION5-GAMES&superCatName=GAMING&title=&queryID=27FB66A68C2A620A34551F907930022F&position=509","https://uk.static.webuy.com/product_images/Gaming/Playstation5%20Software/3391892037531_l.jpg","","Little Nightmares: Enhanced Edition","£25.00","https://uk.webuy.com/sell/product-detail?id=3391892037531&categoryName=PLAYSTATION5-GAMES&superCatName=GAMING&title=&queryID=27FB66A68C2A620A34551F907930022F&position=509","£16.00","Trade in for Voucher","£11.00","Trade in for Cash"
"https://uk.webuy.com/product-detail?id=3391892031119&categoryName=PLAYSTATION5-GAMES&superCatName=GAMING&title=&queryID=27FB66A68C2A620A34551F907930022F&position=510","https://uk.static.webuy.com/resize_images/Gaming/Playstation5%20Software/3391892031119_l.jpg","","Dragonball Xenoverse 2","£15.00","https://uk.webuy.com/sell/product-detail?id=3391892031119&categoryName=PLAYSTATION5-GAMES&superCatName=GAMING&title=&queryID=27FB66A68C2A620A34551F907930022F&position=510","£9.00","Trade in for Voucher","£6.00","Trade in for Cash"
"https://uk.webuy.com/product-detail?id=0884095225957&categoryName=PLAYSTATION5-GAMES&superCatName=GAMING&title=&queryID=92CF7CDECBC9814D8123DF056C26AA3C&position=511","https://uk.static.webuy.com/product_images/Gaming/Playstation5%20Software/0884095225957_l.jpg","","Painkiller","£15.00","https://uk.webuy.com/sell/product-detail?id=0884095225957&categoryName=PLAYSTATION5-GAMES&superCatName=GAMING&title=&queryID=92CF7CDECBC9814D8123DF056C26AA3C&position=511","£9.00","Trade in for Voucher","£6.00","Trade in for Cash"
"https://uk.webuy.com/product-detail?id=8057168501414&categoryName=PLAYSTATION5-GAMES&superCatName=GAMING&title=&queryID=92CF7CDECBC9814D8123DF056C26AA3C&position=512","https://uk.static.webuy.com/resize_images/Gaming/Playstation5%20Software/8057168501414_l.jpg","5","MXGP 2020","£10.00","https://uk.webuy.com/sell/product-detail?id=8057168501414&categoryName=PLAYSTATION5-GAMES&superCatName=GAMING&title=&queryID=92CF7CDECBC9814D8123DF056C26AA3C&position=512","£6.00","Trade in for Voucher","£4.00","Trade in for Cash"
"https://uk.webuy.com/product-detail?id=5060690796183&categoryName=PLAYSTATION5-GAMES&superCatName=GAMING&title=&queryID=92CF7CDECBC9814D8123DF056C26AA3C&position=513","https://uk.static.webuy.com/resize_images/Gaming/Playstation5%20Software/5060690796183_l.jpg","5","White Day: A Labyrinth Named School","£8.00","https://uk.webuy.com/sell/product-detail?id=5060690796183&categoryName=PLAYSTATION5-GAMES&superCatName=GAMING&title=&queryID=92CF7CDECBC9814D8123DF056C26AA3C&position=513","£5.00","Trade in for Voucher","£3.00","Trade in for Cash"
"https://uk.webuy.com/product-detail?id=5060528038065&categoryName=PLAYSTATION5-GAMES&superCatName=GAMING&title=&queryID=92CF7CDECBC9814D8123DF056C26AA3C&position=514","https://uk.static.webuy.com/resize_images/Gaming/Playstation5%20Software/5060528038065_l.jpg","5","Paw Patrol: Grand Prix","£18.00","https://uk.webuy.com/sell/product-detail?id=5060528038065&categoryName=PLAYSTATION5-GAMES&superCatName=GAMING&title=&queryID=92CF7CDECBC9814D8123DF056C26AA3C&position=514","£11.00","Trade in for Voucher","£8.00","Trade in for Cash"
"https://uk.webuy.com/product-detail?id=5056635615060&categoryName=PLAYSTATION5-GAMES&superCatName=GAMING&title=&queryID=92CF7CDECBC9814D8123DF056C26AA3C&position=515","https://uk.static.webuy.com/resize_images/Gaming/Playstation5%20Software/5056635615060_l.jpg","5","Turok Trilogy Bundle","£28.00","https://uk.webuy.com/sell/product-detail?id=5056635615060&categoryName=PLAYSTATION5-GAMES&superCatName=GAMING&title=&queryID=92CF7CDECBC9814D8123DF056C26AA3C&position=515","£18.00","Trade in for Voucher","£12.00","Trade in for Cash"
"https://uk.webuy.com/product-detail?id=5056635602381&categoryName=PLAYSTATION5-GAMES&superCatName=GAMING&title=&queryID=92CF7CDECBC9814D8123DF056C26AA3C&position=516","https://uk.static.webuy.com/resize_images/Gaming/Playstation5%20Software/5056635602381_l.jpg","5","Shadow Warrior 3","£15.00","https://uk.webuy.com/sell/product-detail?id=5056635602381&categoryName=PLAYSTATION5-GAMES&superCatName=GAMING&title=&queryID=92CF7CDECBC9814D8123DF056C26AA3C&position=516","£9.00","Trade in for Voucher","£6.00","Trade in for Cash"
"https://uk.webuy.com/product-detail?id=5055277055739&categoryName=PLAYSTATION5-GAMES&superCatName=GAMING&title=&queryID=92CF7CDECBC9814D8123DF056C26AA3C&position=517","https://uk.static.webuy.com/resize_images/Gaming/Playstation5%20Software/5055277055739_l.jpg","5","Demon Slayer Kimetsu no Yaiba: The Hinokami Chronicles 2","£42.00","https://uk.webuy.com/sell/product-detail?id=5055277055739&categoryName=PLAYSTATION5-GAMES&superCatName=GAMING&title=&queryID=92CF7CDECBC9814D8123DF056C26AA3C&position=517","£27.00","Trade in for Voucher","£19.00","Trade in for Cash"
"https://uk.webuy.com/product-detail?id=5055277040711&categoryName=PLAYSTATION5-GAMES&superCatName=GAMING&title=&queryID=92CF7CDECBC9814D8123DF056C26AA3C&position=518","https://uk.static.webuy.com/resize_images/Gaming/Playstation5%20Software/5055277040711_l.jpg","5","Puyo Puyo Tetris 2","£10.00","https://uk.webuy.com/sell/product-detail?id=5055277040711&categoryName=PLAYSTATION5-GAMES&superCatName=GAMING&title=&queryID=92CF7CDECBC9814D8123DF056C26AA3C&position=518","£6.00","Trade in for Voucher","£4.00","Trade in for Cash"
"https://uk.webuy.com/product-detail?id=5016488140614&categoryName=PLAYSTATION5-GAMES&superCatName=GAMING&title=&queryID=92CF7CDECBC9814D8123DF056C26AA3C&position=519","https://uk.static.webuy.com/resize_images/Gaming/Playstation5%20Software/5016488140614_l.jpg","5","Double Dragon Gaiden: Rise of the Dragons","£15.00","https://uk.webuy.com/sell/product-detail?id=5016488140614&categoryName=PLAYSTATION5-GAMES&superCatName=GAMING&title=&queryID=92CF7CDECBC9814D8123DF056C26AA3C&position=519","£9.00","Trade in for Voucher","£6.00","Trade in for Cash"
"https://uk.webuy.com/product-detail?id=5016488139274&categoryName=PLAYSTATION5-GAMES&superCatName=GAMING&title=&queryID=92CF7CDECBC9814D8123DF056C26AA3C&position=520","https://uk.static.webuy.com/resize_images/Gaming/Playstation5%20Software/5016488139274_l.jpg","5","Soulstice (No DLC)","£6.00","https://uk.webuy.com/sell/product-detail?id=5016488139274&categoryName=PLAYSTATION5-GAMES&superCatName=GAMING&title=&queryID=92CF7CDECBC9814D8123DF056C26AA3C&position=520","£3.00","Trade in for Voucher","£2.00","Trade in for Cash"
"https://uk.webuy.com/product-detail?id=5016488139052&categoryName=PLAYSTATION5-GAMES&superCatName=GAMING&title=&queryID=92CF7CDECBC9814D8123DF056C26AA3C&position=521","https://uk.static.webuy.com/resize_images/Gaming/Playstation5%20Software/5016488139052_l.jpg","5","FOBIA: St. Dinfna Hotel","£10.00","https://uk.webuy.com/sell/product-detail?id=5016488139052&categoryName=PLAYSTATION5-GAMES&superCatName=GAMING&title=&queryID=92CF7CDECBC9814D8123DF056C26AA3C&position=521","£6.00","Trade in for Voucher","£4.00","Trade in for Cash"
"https://uk.webuy.com/product-detail?id=5016488137393&categoryName=PLAYSTATION5-GAMES&superCatName=GAMING&title=&queryID=92CF7CDECBC9814D8123DF056C26AA3C&position=522","https://uk.static.webuy.com/resize_images/Gaming/Playstation5%20Software/5016488137393_l.jpg","5","Astria Ascending","£10.00","https://uk.webuy.com/sell/product-detail?id=5016488137393&categoryName=PLAYSTATION5-GAMES&superCatName=GAMING&title=&queryID=92CF7CDECBC9814D8123DF056C26AA3C&position=522","£6.00","Trade in for Voucher","£4.00","Trade in for Cash"
"https://uk.webuy.com/product-detail?id=5055277044528&categoryName=PLAYSTATION5-GAMES&superCatName=GAMING&title=&queryID=92CF7CDECBC9814D8123DF056C26AA3C&position=523","https://uk.static.webuy.com/resize_images/Gaming/Playstation5%20Software/5055277044528_l.jpg","4.9","Super Monkey Ball Banana Mania","£15.00","https://uk.webuy.com/sell/product-detail?id=5055277044528&categoryName=PLAYSTATION5-GAMES&superCatName=GAMING&title=&queryID=92CF7CDECBC9814D8123DF056C26AA3C&position=523","£9.00","Trade in for Voucher","£6.00","Trade in for Cash"
"https://uk.webuy.com/product-detail?id=5030944123867&categoryName=PLAYSTATION5-GAMES&superCatName=GAMING&title=&queryID=92CF7CDECBC9814D8123DF056C26AA3C&position=524","https://uk.static.webuy.com/resize_images/Gaming/Playstation5%20Software/5030944123867_l.jpg","4.9","NHL 22","£10.00","https://uk.webuy.com/sell/product-detail?id=5030944123867&categoryName=PLAYSTATION5-GAMES&superCatName=GAMING&title=&queryID=92CF7CDECBC9814D8123DF056C26AA3C&position=524","£6.00","Trade in for Voucher","£4.00","Trade in for Cash"
"https://uk.webuy.com/product-detail?id=745240209850&categoryName=PLAYSTATION5-GAMES&superCatName=GAMING&title=&queryID=92CF7CDECBC9814D8123DF056C26AA3C&position=525","https://uk.static.webuy.com/product_images/Gaming/Playstation5%20Software/745240209850_l.jpg","4.7","World War Z: Aftermath","£18.00","https://uk.webuy.com/sell/product-detail?id=745240209850&categoryName=PLAYSTATION5-GAMES&superCatName=GAMING&title=&queryID=92CF7CDECBC9814D8123DF056C26AA3C&position=525","£11.00","Trade in for Voucher","£8.00","Trade in for Cash"
"https://uk.webuy.com/product-detail?id=5060264378166&categoryName=PLAYSTATION5-GAMES&superCatName=GAMING&title=&queryID=92CF7CDECBC9814D8123DF056C26AA3C&position=526","https://uk.static.webuy.com/resize_images/Gaming/Playstation5%20Software/5060264378166_l.jpg","4.7","Bramble: The Mountain King","£15.00","https://uk.webuy.com/sell/product-detail?id=5060264378166&categoryName=PLAYSTATION5-GAMES&superCatName=GAMING&title=&queryID=92CF7CDECBC9814D8123DF056C26AA3C&position=526","£9.00","Trade in for Voucher","£6.00","Trade in for Cash"
"https://uk.webuy.com/product-detail?id=5060188673774&categoryName=PLAYSTATION5-GAMES&superCatName=GAMING&title=&queryID=92CF7CDECBC9814D8123DF056C26AA3C&position=527","https://uk.static.webuy.com/resize_images/Gaming/Playstation5%20Software/5060188673774_l.jpg","4.5","Martha Is Dead","£15.00","https://uk.webuy.com/sell/product-detail?id=5060188673774&categoryName=PLAYSTATION5-GAMES&superCatName=GAMING&title=&queryID=92CF7CDECBC9814D8123DF056C26AA3C&position=527","£9.00","Trade in for Voucher","£6.00","Trade in for Cash"
"https://uk.webuy.com/product-detail?id=5030936123882&categoryName=PLAYSTATION5-GAMES&superCatName=GAMING&title=&queryID=5BA1D49F0A8A4A7308FE736069523994&position=528","https://uk.static.webuy.com/resize_images/Gaming/Playstation5%20Software/5030936123882_l.jpg","4.5","Madden NFL 22","£6.00","https://uk.webuy.com/sell/product-detail?id=5030936123882&categoryName=PLAYSTATION5-GAMES&superCatName=GAMING&title=&queryID=5BA1D49F0A8A4A7308FE736069523994&position=528","£2.00","Trade in for Voucher","£1.50","Trade in for Cash"
"https://uk.webuy.com/product-detail?id=5030934124317&categoryName=PLAYSTATION5-GAMES&superCatName=GAMING&title=&queryID=5BA1D49F0A8A4A7308FE736069523994&position=529","https://uk.static.webuy.com/resize_images/Gaming/Playstation5%20Software/5030934124317_l.jpg","4.5","Madden 23","£5.00","https://uk.webuy.com/sell/product-detail?id=5030934124317&categoryName=PLAYSTATION5-GAMES&superCatName=GAMING&title=&queryID=5BA1D49F0A8A4A7308FE736069523994&position=529","£1.90","Trade in for Voucher","£1.20","Trade in for Cash"
"https://uk.webuy.com/product-detail?id=8057168502374&categoryName=PLAYSTATION5-GAMES&superCatName=GAMING&title=&queryID=5BA1D49F0A8A4A7308FE736069523994&position=530","https://uk.static.webuy.com/resize_images/Gaming/Playstation5%20Software/8057168502374_l.jpg","4.4","MotoGP 21","£12.00","https://uk.webuy.com/sell/product-detail?id=8057168502374&categoryName=PLAYSTATION5-GAMES&superCatName=GAMING&title=&queryID=5BA1D49F0A8A4A7308FE736069523994&position=530","£7.00","Trade in for Voucher","£5.00","Trade in for Cash"
"https://uk.webuy.com/product-detail?id=3665962016833&categoryName=PLAYSTATION5-GAMES&superCatName=GAMING&title=&queryID=5BA1D49F0A8A4A7308FE736069523994&position=531","https://uk.static.webuy.com/resize_images/Gaming/Playstation5%20Software/3665962016833_l.jpg","4.3","Session: Skate Sim","£8.00","https://uk.webuy.com/sell/product-detail?id=3665962016833&categoryName=PLAYSTATION5-GAMES&superCatName=GAMING&title=&queryID=5BA1D49F0A8A4A7308FE736069523994&position=531","£5.00","Trade in for Voucher","£3.00","Trade in for Cash"
"https://uk.webuy.com/product-detail?id=5060264375981&categoryName=PLAYSTATION5-GAMES&superCatName=GAMING&title=&queryID=5BA1D49F0A8A4A7308FE736069523994&position=532","https://uk.static.webuy.com/resize_images/Gaming/Playstation5%20Software/5060264375981_l.jpg","4.1","Spirit of the North","£15.00","https://uk.webuy.com/sell/product-detail?id=5060264375981&categoryName=PLAYSTATION5-GAMES&superCatName=GAMING&title=&queryID=5BA1D49F0A8A4A7308FE736069523994&position=532","£9.00","Trade in for Voucher","£6.00","Trade in for Cash"
"https://uk.webuy.com/product-detail?id=9120080077943&categoryName=PLAYSTATION5-GAMES&superCatName=GAMING&title=&queryID=5BA1D49F0A8A4A7308FE736069523994&position=533","https://uk.static.webuy.com/resize_images/Gaming/Playstation5%20Software/9120080077943_l.jpg","4","Way Of The Hunter","£10.00","https://uk.webuy.com/sell/product-detail?id=9120080077943&categoryName=PLAYSTATION5-GAMES&superCatName=GAMING&title=&queryID=5BA1D49F0A8A4A7308FE736069523994&position=533","£6.00","Trade in for Voucher","£4.00","Trade in for Cash"
"https://uk.webuy.com/product-detail?id=5056208810298&categoryName=PLAYSTATION5-GAMES&superCatName=GAMING&title=&queryID=5BA1D49F0A8A4A7308FE736069523994&position=534","https://uk.static.webuy.com/resize_images/Gaming/Playstation5%20Software/5056208810298_l.jpg","4","Evil Genius 2: World Domination","£8.00","https://uk.webuy.com/sell/product-detail?id=5056208810298&categoryName=PLAYSTATION5-GAMES&superCatName=GAMING&title=&queryID=5BA1D49F0A8A4A7308FE736069523994&position=534","£5.00","Trade in for Voucher","£3.00","Trade in for Cash"
"https://uk.webuy.com/product-detail?id=5055277047109&categoryName=PLAYSTATION5-GAMES&superCatName=GAMING&title=&queryID=5BA1D49F0A8A4A7308FE736069523994&position=535","https://uk.static.webuy.com/resize_images/Gaming/Playstation5%20Software/5055277047109_l.jpg","4","Humankind","£12.00","https://uk.webuy.com/sell/product-detail?id=5055277047109&categoryName=PLAYSTATION5-GAMES&superCatName=GAMING&title=&queryID=5BA1D49F0A8A4A7308FE736069523994&position=535","£7.00","Trade in for Voucher","£5.00","Trade in for Cash"
"https://uk.webuy.com/product-detail?id=3665962005530&categoryName=PLAYSTATION5-GAMES&superCatName=GAMING&title=&queryID=5BA1D49F0A8A4A7308FE736069523994&position=536","https://uk.static.webuy.com/resize_images/Gaming/Playstation5%20Software/3665962005530_l.jpg","3.7","Blood Bowl 3","£12.00","https://uk.webuy.com/sell/product-detail?id=3665962005530&categoryName=PLAYSTATION5-GAMES&superCatName=GAMING&title=&queryID=5BA1D49F0A8A4A7308FE736069523994&position=536","£7.00","Trade in for Voucher","£5.00","Trade in for Cash"
"https://uk.webuy.com/product-detail?id=5060760889401&categoryName=PLAYSTATION5-GAMES&superCatName=GAMING&title=&queryID=5BA1D49F0A8A4A7308FE736069523994&position=537","https://uk.static.webuy.com/resize_images/Gaming/Playstation5%20Software/5060760889401_l.jpg","3.5","Trek To Yomi","£22.00","https://uk.webuy.com/sell/product-detail?id=5060760889401&categoryName=PLAYSTATION5-GAMES&superCatName=GAMING&title=&queryID=5BA1D49F0A8A4A7308FE736069523994&position=537","£14.00","Trade in for Voucher","£10.00","Trade in for Cash"
"https://uk.webuy.com/product-detail?id=5060522096962&categoryName=PLAYSTATION5-GAMES&superCatName=GAMING&title=&queryID=5BA1D49F0A8A4A7308FE736069523994&position=538","https://uk.static.webuy.com/resize_images/Gaming/Playstation5%20Software/5060522096962_l.jpg","3","Away: The Survival Series","£12.00","https://uk.webuy.com/sell/product-detail?id=5060522096962&categoryName=PLAYSTATION5-GAMES&superCatName=GAMING&title=&queryID=5BA1D49F0A8A4A7308FE736069523994&position=538","£7.00","Trade in for Voucher","£5.00","Trade in for Cash"
"https://uk.webuy.com/product-detail?id=4260458363027&categoryName=PLAYSTATION5-GAMES&superCatName=GAMING&title=&queryID=5BA1D49F0A8A4A7308FE736069523994&position=539","https://uk.static.webuy.com/resize_images/Gaming/Playstation5%20Software/4260458363027_l.jpg","3","Matchpoint - Tennis Championships","£6.00","https://uk.webuy.com/sell/product-detail?id=4260458363027&categoryName=PLAYSTATION5-GAMES&superCatName=GAMING&title=&queryID=5BA1D49F0A8A4A7308FE736069523994&position=539","£3.00","Trade in for Voucher","£2.00","Trade in for Cash"
"https://uk.webuy.com/product-detail?id=9120131602230&categoryName=PLAYSTATION5-GAMES&superCatName=GAMING&title=&queryID=5BA1D49F0A8A4A7308FE736069523994&position=540","https://uk.static.webuy.com/resize_images/Gaming/Playstation5%20Software/9120131602230_l.jpg","","MX vs ATV Legends Season Two","£25.00","https://uk.webuy.com/sell/product-detail?id=9120131602230&categoryName=PLAYSTATION5-GAMES&superCatName=GAMING&title=&queryID=5BA1D49F0A8A4A7308FE736069523994&position=540","£16.00","Trade in for Voucher","£11.00","Trade in for Cash"
"https://uk.webuy.com/product-detail?id=8718591189289&categoryName=PLAYSTATION5-GAMES&superCatName=GAMING&title=&queryID=5BA1D49F0A8A4A7308FE736069523994&position=541","https://uk.static.webuy.com/resize_images/Gaming/Playstation5%20Software/8718591189289_l.jpg","","Truck Driver - The Dutch Connection","£40.00","https://uk.webuy.com/sell/product-detail?id=8718591189289&categoryName=PLAYSTATION5-GAMES&superCatName=GAMING&title=&queryID=5BA1D49F0A8A4A7308FE736069523994&position=541","£26.00","Trade in for Voucher","£18.00","Trade in for Cash"
"https://uk.webuy.com/product-detail?id=8718591189012&categoryName=PLAYSTATION5-GAMES&superCatName=GAMING&title=&queryID=5BA1D49F0A8A4A7308FE736069523994&position=542","https://uk.static.webuy.com/resize_images/Gaming/Playstation5%20Software/8718591189012_l.jpg","","Dollhouse: Behind The Broken Mirror","£25.00","https://uk.webuy.com/sell/product-detail?id=8718591189012&categoryName=PLAYSTATION5-GAMES&superCatName=GAMING&title=&queryID=5BA1D49F0A8A4A7308FE736069523994&position=542","£16.00","Trade in for Voucher","£11.00","Trade in for Cash"
"https://uk.webuy.com/product-detail?id=8718591188664&categoryName=PLAYSTATION5-GAMES&superCatName=GAMING&title=&queryID=5BA1D49F0A8A4A7308FE736069523994&position=543","https://uk.static.webuy.com/resize_images/Gaming/Playstation5%20Software/8718591188664_l.jpg","","Desolatium","£10.00","https://uk.webuy.com/sell/product-detail?id=8718591188664&categoryName=PLAYSTATION5-GAMES&superCatName=GAMING&title=&queryID=5BA1D49F0A8A4A7308FE736069523994&position=543","£6.00","Trade in for Voucher","£4.00","Trade in for Cash"
"https://uk.webuy.com/product-detail?id=7350002931745&categoryName=PLAYSTATION5-GAMES&superCatName=GAMING&title=&queryID=5BA1D49F0A8A4A7308FE736069523994&position=544","https://uk.static.webuy.com/resize_images/Gaming/Playstation5%20Software/7350002931745_l.jpg","","Redemption Reapers","£22.00","https://uk.webuy.com/sell/product-detail?id=7350002931745&categoryName=PLAYSTATION5-GAMES&superCatName=GAMING&title=&queryID=5BA1D49F0A8A4A7308FE736069523994&position=544","£14.00","Trade in for Voucher","£10.00","Trade in for Cash"
"https://uk.webuy.com/product-detail?id=5061005781207&categoryName=PLAYSTATION5-GAMES&superCatName=GAMING&title=&queryID=EDEA166312C1D6082275C99213464757&position=545","https://uk.static.webuy.com/resize_images/Gaming/Playstation5%20Software/5061005781207_l.jpg","","Hubris (PSVR2)","£20.00","https://uk.webuy.com/sell/product-detail?id=5061005781207&categoryName=PLAYSTATION5-GAMES&superCatName=GAMING&title=&queryID=EDEA166312C1D6082275C99213464757&position=545","£13.00","Trade in for Voucher","£9.00","Trade in for Cash"
"https://uk.webuy.com/product-detail?id=5061005356368&categoryName=PLAYSTATION5-GAMES&superCatName=GAMING&title=&queryID=EDEA166312C1D6082275C99213464757&position=546","https://uk.static.webuy.com/resize_images/Gaming/Playstation5%20Software/5061005356368_l.jpg","","Elf on the Shelf, The: Christmas Heroes","£12.00","https://uk.webuy.com/sell/product-detail?id=5061005356368&categoryName=PLAYSTATION5-GAMES&superCatName=GAMING&title=&queryID=EDEA166312C1D6082275C99213464757&position=546","£4.00","Trade in for Voucher","£3.00","Trade in for Cash"
"https://uk.webuy.com/product-detail?id=5060968302955&categoryName=PLAYSTATION5-GAMES&superCatName=GAMING&title=&queryID=EDEA166312C1D6082275C99213464757&position=547","https://uk.static.webuy.com/resize_images/Gaming/Playstation5%20Software/5060968302955_l.jpg","","Nicktoons and the Dice of Destiny","£10.00","https://uk.webuy.com/sell/product-detail?id=5060968302955&categoryName=PLAYSTATION5-GAMES&superCatName=GAMING&title=&queryID=EDEA166312C1D6082275C99213464757&position=547","£6.00","Trade in for Voucher","£4.00","Trade in for Cash"
"https://uk.webuy.com/product-detail?id=5060968302160&categoryName=PLAYSTATION5-GAMES&superCatName=GAMING&title=&queryID=EDEA166312C1D6082275C99213464757&position=548","https://uk.static.webuy.com/resize_images/Gaming/Playstation5%20Software/5060968302160_l.jpg","","Miraculous: Paris Under Siege","£12.00","https://uk.webuy.com/sell/product-detail?id=5060968302160&categoryName=PLAYSTATION5-GAMES&superCatName=GAMING&title=&queryID=EDEA166312C1D6082275C99213464757&position=548","£7.00","Trade in for Voucher","£5.00","Trade in for Cash"
"https://uk.webuy.com/product-detail?id=5060540772619&categoryName=PLAYSTATION5-GAMES&superCatName=GAMING&title=&queryID=EDEA166312C1D6082275C99213464757&position=549","https://uk.static.webuy.com/resize_images/Gaming/Playstation5%20Software/5060540772619_l.jpg","","Rune Factory: Guardians of Azuma","£45.00","https://uk.webuy.com/sell/product-detail?id=5060540772619&categoryName=PLAYSTATION5-GAMES&superCatName=GAMING&title=&queryID=EDEA166312C1D6082275C99213464757&position=549","£29.00","Trade in for Voucher","£20.00","Trade in for Cash"
"https://uk.webuy.com/product-detail?id=5056635613370&categoryName=PLAYSTATION5-GAMES&superCatName=GAMING&title=&queryID=EDEA166312C1D6082275C99213464757&position=550","https://uk.static.webuy.com/product_images/Gaming/Playstation5%20Software/5056635613370_l.jpg","","Thing, The: Remastered Deluxe Ed. w/ Steelbook, ID Card, 2x Patches","£42.00","https://uk.webuy.com/sell/product-detail?id=5056635613370&categoryName=PLAYSTATION5-GAMES&superCatName=GAMING&title=&queryID=EDEA166312C1D6082275C99213464757&position=550","£27.00","Trade in for Voucher","£19.00","Trade in for Cash"
"https://uk.webuy.com/product-detail?id=5056208819703&categoryName=PLAYSTATION5-GAMES&superCatName=GAMING&title=&queryID=EDEA166312C1D6082275C99213464757&position=551","https://uk.static.webuy.com/resize_images/Gaming/Playstation5%20Software/5056208819703_l.jpg","","Moving Out 2","£15.00","https://uk.webuy.com/sell/product-detail?id=5056208819703&categoryName=PLAYSTATION5-GAMES&superCatName=GAMING&title=&queryID=EDEA166312C1D6082275C99213464757&position=551","£9.00","Trade in for Voucher","£6.00","Trade in for Cash"
"https://uk.webuy.com/product-detail?id=5055957704469&categoryName=PLAYSTATION5-GAMES&superCatName=GAMING&title=&queryID=EDEA166312C1D6082275C99213464757&position=552","https://uk.static.webuy.com/resize_images/Gaming/Playstation5%20Software/5055957704469_l.jpg","","TrainSim World 4","£20.00","https://uk.webuy.com/sell/product-detail?id=5055957704469&categoryName=PLAYSTATION5-GAMES&superCatName=GAMING&title=&queryID=EDEA166312C1D6082275C99213464757&position=552","£13.00","Trade in for Voucher","£9.00","Trade in for Cash"
"https://uk.webuy.com/product-detail?id=5030936125442&categoryName=PLAYSTATION5-GAMES&superCatName=GAMING&title=&queryID=EDEA166312C1D6082275C99213464757&position=553","https://uk.static.webuy.com/resize_images/Gaming/Playstation5%20Software/5030936125442_l.jpg","","My Sims: Cosy Bundle","£20.00","https://uk.webuy.com/sell/product-detail?id=5030936125442&categoryName=PLAYSTATION5-GAMES&superCatName=GAMING&title=&queryID=EDEA166312C1D6082275C99213464757&position=553","£13.00","Trade in for Voucher","£9.00","Trade in for Cash"
"https://uk.webuy.com/product-detail?id=5021290102194&categoryName=PLAYSTATION5-GAMES&superCatName=GAMING&title=&queryID=EDEA166312C1D6082275C99213464757&position=554","https://uk.static.webuy.com/resize_images/Gaming/Playstation5%20Software/5021290102194_l.jpg","","Final Fantasy VII Remake Integrade & Rebirth Twin Pack Edition","£52.00","https://uk.webuy.com/sell/product-detail?id=5021290102194&categoryName=PLAYSTATION5-GAMES&superCatName=GAMING&title=&queryID=EDEA166312C1D6082275C99213464757&position=554","£33.00","Trade in for Voucher","£23.00","Trade in for Cash"
"https://uk.webuy.com/product-detail?id=5021290099920&categoryName=PLAYSTATION5-GAMES&superCatName=GAMING&title=&queryID=EDEA166312C1D6082275C99213464757&position=555","https://uk.static.webuy.com/resize_images/Gaming/Playstation5%20Software/5021290099920_l.jpg","","Romancing SaGa 2: Revenge Of The Seven","£20.00","https://uk.webuy.com/sell/product-detail?id=5021290099920&categoryName=PLAYSTATION5-GAMES&superCatName=GAMING&title=&queryID=EDEA166312C1D6082275C99213464757&position=555","£13.00","Trade in for Voucher","£9.00","Trade in for Cash"
"https://uk.webuy.com/product-detail?id=5021290099760&categoryName=PLAYSTATION5-GAMES&superCatName=GAMING&title=&queryID=EDEA166312C1D6082275C99213464757&position=556","https://uk.static.webuy.com/resize_images/Gaming/Playstation5%20Software/5021290099760_l.jpg","","Fantasian Neo Dimension","£28.00","https://uk.webuy.com/sell/product-detail?id=5021290099760&categoryName=PLAYSTATION5-GAMES&superCatName=GAMING&title=&queryID=EDEA166312C1D6082275C99213464757&position=556","£18.00","Trade in for Voucher","£12.00","Trade in for Cash"
"https://uk.webuy.com/product-detail?id=5016488142212&categoryName=PLAYSTATION5-GAMES&superCatName=GAMING&title=&queryID=EDEA166312C1D6082275C99213464757&position=557","https://uk.static.webuy.com/resize_images/Gaming/Playstation5%20Software/5016488142212_l.jpg","","Revenge of the Savage Planet (No DLC)","£18.00","https://uk.webuy.com/sell/product-detail?id=5016488142212&categoryName=PLAYSTATION5-GAMES&superCatName=GAMING&title=&queryID=EDEA166312C1D6082275C99213464757&position=557","£11.00","Trade in for Voucher","£8.00","Trade in for Cash"
"https://uk.webuy.com/product-detail?id=5016488141017&categoryName=PLAYSTATION5-GAMES&superCatName=GAMING&title=&queryID=EDEA166312C1D6082275C99213464757&position=558","https://uk.static.webuy.com/resize_images/Gaming/Playstation5%20Software/5016488141017_l.jpg","","Flintlock: The Siege of Dawn","£15.00","https://uk.webuy.com/sell/product-detail?id=5016488141017&categoryName=PLAYSTATION5-GAMES&superCatName=GAMING&title=&queryID=EDEA166312C1D6082275C99213464757&position=558","£9.00","Trade in for Voucher","£6.00","Trade in for Cash"
"https://uk.webuy.com/product-detail?id=3700664531458&categoryName=PLAYSTATION5-GAMES&superCatName=GAMING&title=&queryID=EDEA166312C1D6082275C99213464757&position=559","https://uk.static.webuy.com/resize_images/Gaming/Playstation5%20Software/3700664531458_l.jpg","","Paleo Pines: The Dino Valley","£8.00","https://uk.webuy.com/sell/product-detail?id=3700664531458&categoryName=PLAYSTATION5-GAMES&superCatName=GAMING&title=&queryID=EDEA166312C1D6082275C99213464757&position=559","£5.00","Trade in for Voucher","£3.00","Trade in for Cash"
"https://uk.webuy.com/product-detail?id=3665962031720&categoryName=PLAYSTATION5-GAMES&superCatName=GAMING&title=&queryID=EDEA166312C1D6082275C99213464757&position=560","https://uk.static.webuy.com/resize_images/Gaming/Playstation5%20Software/3665962031720_l.jpg","","Rugby League 26","£35.00","https://uk.webuy.com/sell/product-detail?id=3665962031720&categoryName=PLAYSTATION5-GAMES&superCatName=GAMING&title=&queryID=EDEA166312C1D6082275C99213464757&position=560","£22.00","Trade in for Voucher","£16.00","Trade in for Cash"
"https://uk.webuy.com/product-detail?id=3665962030778&categoryName=PLAYSTATION5-GAMES&superCatName=GAMING&title=&queryID=EDEA166312C1D6082275C99213464757&position=561","https://uk.static.webuy.com/resize_images/Gaming/Playstation5%20Software/3665962030778_l.jpg","","Rennsport","£38.00","https://uk.webuy.com/sell/product-detail?id=3665962030778&categoryName=PLAYSTATION5-GAMES&superCatName=GAMING&title=&queryID=EDEA166312C1D6082275C99213464757&position=561","£24.00","Trade in for Voucher","£17.00","Trade in for Cash"
"https://uk.webuy.com/product-detail?id=3391892040296&categoryName=PLAYSTATION5-GAMES&superCatName=GAMING&title=&queryID=2427C7EFED84356F0B4905F26B52D470&position=562","https://uk.static.webuy.com/product_images/Gaming/Playstation5%20Software/3391892040296_l.jpg","","Rematch (No DLC)","£22.00","https://uk.webuy.com/sell/product-detail?id=3391892040296&categoryName=PLAYSTATION5-GAMES&superCatName=GAMING&title=&queryID=2427C7EFED84356F0B4905F26B52D470&position=562","£14.00","Trade in for Voucher","£10.00","Trade in for Cash"
"https://uk.webuy.com/product-detail?id=8437024411550&categoryName=PLAYSTATION5-GAMES&superCatName=GAMING&title=&queryID=2427C7EFED84356F0B4905F26B52D470&position=563","https://uk.static.webuy.com/resize_images/Gaming/Playstation5%20Software/8437024411550_l.jpg","5","Spirit Of The Island","£12.00","https://uk.webuy.com/sell/product-detail?id=8437024411550&categoryName=PLAYSTATION5-GAMES&superCatName=GAMING&title=&queryID=2427C7EFED84356F0B4905F26B52D470&position=563","£7.00","Trade in for Voucher","£5.00","Trade in for Cash"
"https://uk.webuy.com/product-detail?id=8056216170817&categoryName=PLAYSTATION5-GAMES&superCatName=GAMING&title=&queryID=2427C7EFED84356F0B4905F26B52D470&position=564","https://uk.static.webuy.com/product_images/Gaming/Playstation5%20Software/8056216170817_l.jpg","5","RIDE 6","£48.00","https://uk.webuy.com/sell/product-detail?id=8056216170817&categoryName=PLAYSTATION5-GAMES&superCatName=GAMING&title=&queryID=2427C7EFED84356F0B4905F26B52D470&position=564","£31.00","Trade in for Voucher","£22.00","Trade in for Cash"
"https://uk.webuy.com/product-detail?id=5060997482031&categoryName=PLAYSTATION5-GAMES&superCatName=GAMING&title=&queryID=2427C7EFED84356F0B4905F26B52D470&position=565","https://uk.static.webuy.com/resize_images/Gaming/Playstation5%20Software/5060997482031_l.jpg","5","My Time at Sandrock","£22.00","https://uk.webuy.com/sell/product-detail?id=5060997482031&categoryName=PLAYSTATION5-GAMES&superCatName=GAMING&title=&queryID=2427C7EFED84356F0B4905F26B52D470&position=565","£14.00","Trade in for Voucher","£10.00","Trade in for Cash"
"https://uk.webuy.com/product-detail?id=5060968300890&categoryName=PLAYSTATION5-GAMES&superCatName=GAMING&title=&queryID=2427C7EFED84356F0B4905F26B52D470&position=566","https://uk.static.webuy.com/resize_images/Gaming/Playstation5%20Software/5060968300890_l.jpg","5","Skull Island Rise of Kong","£18.00","https://uk.webuy.com/sell/product-detail?id=5060968300890&categoryName=PLAYSTATION5-GAMES&superCatName=GAMING&title=&queryID=2427C7EFED84356F0B4905F26B52D470&position=566","£11.00","Trade in for Voucher","£8.00","Trade in for Cash"
"https://uk.webuy.com/product-detail?id=5060522098294&categoryName=PLAYSTATION5-GAMES&superCatName=GAMING&title=&queryID=2427C7EFED84356F0B4905F26B52D470&position=567","https://uk.static.webuy.com/resize_images/Gaming/Playstation5%20Software/5060522098294_l.jpg","5","Do Not Open","£25.00","https://uk.webuy.com/sell/product-detail?id=5060522098294&categoryName=PLAYSTATION5-GAMES&superCatName=GAMING&title=&queryID=2427C7EFED84356F0B4905F26B52D470&position=567","£16.00","Trade in for Voucher","£11.00","Trade in for Cash"
"https://uk.webuy.com/product-detail?id=5056208809377&categoryName=PLAYSTATION5-GAMES&superCatName=GAMING&title=&queryID=2427C7EFED84356F0B4905F26B52D470&position=568","https://uk.static.webuy.com/resize_images/Gaming/Playstation5%20Software/5056208809377_l.jpg","5","Worms Rumble (No DLC)","£8.00","https://uk.webuy.com/sell/product-detail?id=5056208809377&categoryName=PLAYSTATION5-GAMES&superCatName=GAMING&title=&queryID=2427C7EFED84356F0B4905F26B52D470&position=568","£5.00","Trade in for Voucher","£3.00","Trade in for Cash"
"https://uk.webuy.com/product-detail?id=5030932124586&categoryName=PLAYSTATION5-GAMES&superCatName=GAMING&title=&queryID=2427C7EFED84356F0B4905F26B52D470&position=569","https://uk.static.webuy.com/product_images/Gaming/Playstation5%20Software/5030932124586_l.jpg","5","Madden NFL 21","£6.00","https://uk.webuy.com/sell/product-detail?id=5030932124586&categoryName=PLAYSTATION5-GAMES&superCatName=GAMING&title=&queryID=2427C7EFED84356F0B4905F26B52D470&position=569","£2.00","Trade in for Voucher","£1.50","Trade in for Cash"
"https://uk.webuy.com/product-detail?id=5016488139601&categoryName=PLAYSTATION5-GAMES&superCatName=GAMING&title=&queryID=2427C7EFED84356F0B4905F26B52D470&position=570","https://uk.static.webuy.com/resize_images/Gaming/Playstation5%20Software/5016488139601_l.jpg","5","Train Sim World 3","£12.00","https://uk.webuy.com/sell/product-detail?id=5016488139601&categoryName=PLAYSTATION5-GAMES&superCatName=GAMING&title=&queryID=2427C7EFED84356F0B4905F26B52D470&position=570","£7.00","Trade in for Voucher","£5.00","Trade in for Cash"
"https://uk.webuy.com/product-detail?id=5016488138932&categoryName=PLAYSTATION5-GAMES&superCatName=GAMING&title=&queryID=2427C7EFED84356F0B4905F26B52D470&position=571","https://uk.static.webuy.com/resize_images/Gaming/Playstation5%20Software/5016488138932_l.jpg","5","In Nightmare","£6.00","https://uk.webuy.com/sell/product-detail?id=5016488138932&categoryName=PLAYSTATION5-GAMES&superCatName=GAMING&title=&queryID=2427C7EFED84356F0B4905F26B52D470&position=571","£3.00","Trade in for Voucher","£2.00","Trade in for Cash"
"https://uk.webuy.com/product-detail?id=4041417870721&categoryName=PLAYSTATION5-GAMES&superCatName=GAMING&title=&queryID=2427C7EFED84356F0B4905F26B52D470&position=572","https://uk.static.webuy.com/resize_images/Gaming/Playstation5%20Software/4041417870721_l.jpg","5","Blasphemous 2","£18.00","https://uk.webuy.com/sell/product-detail?id=4041417870721&categoryName=PLAYSTATION5-GAMES&superCatName=GAMING&title=&queryID=2427C7EFED84356F0B4905F26B52D470&position=572","£11.00","Trade in for Voucher","£8.00","Trade in for Cash"
"https://uk.webuy.com/product-detail?id=4020628642679&categoryName=PLAYSTATION5-GAMES&superCatName=GAMING&title=&queryID=2427C7EFED84356F0B4905F26B52D470&position=573","https://uk.static.webuy.com/resize_images/Gaming/Playstation5%20Software/4020628642679_l.jpg","5","Endzone - A World Apart","£15.00","https://uk.webuy.com/sell/product-detail?id=4020628642679&categoryName=PLAYSTATION5-GAMES&superCatName=GAMING&title=&queryID=2427C7EFED84356F0B4905F26B52D470&position=573","£9.00","Trade in for Voucher","£6.00","Trade in for Cash"
"https://uk.webuy.com/product-detail?id=3701403100829&categoryName=PLAYSTATION5-GAMES&superCatName=GAMING&title=&queryID=2427C7EFED84356F0B4905F26B52D470&position=574","https://uk.static.webuy.com/resize_images/Gaming/Playstation5%20Software/3701403100829_l.jpg","4.8","Under The Waves","£18.00","https://uk.webuy.com/sell/product-detail?id=3701403100829&categoryName=PLAYSTATION5-GAMES&superCatName=GAMING&title=&queryID=2427C7EFED84356F0B4905F26B52D470&position=574","£11.00","Trade in for Voucher","£8.00","Trade in for Cash"
"https://uk.webuy.com/product-detail?id=8023171045788&categoryName=PLAYSTATION5-GAMES&superCatName=GAMING&title=&queryID=2427C7EFED84356F0B4905F26B52D470&position=575","https://uk.static.webuy.com/resize_images/Gaming/Playstation5%20Software/8023171045788_l.jpg","4.7","Ghostrunner","£10.00","https://uk.webuy.com/sell/product-detail?id=8023171045788&categoryName=PLAYSTATION5-GAMES&superCatName=GAMING&title=&queryID=2427C7EFED84356F0B4905F26B52D470&position=575","£6.00","Trade in for Voucher","£4.00","Trade in for Cash"
"https://uk.webuy.com/product-detail?id=5060188673835&categoryName=PLAYSTATION5-GAMES&superCatName=GAMING&title=&queryID=2427C7EFED84356F0B4905F26B52D470&position=576","https://uk.static.webuy.com/resize_images/Gaming/Playstation5%20Software/5060188673835_l.jpg","4.5","Deliver Us The Moon","£18.00","https://uk.webuy.com/sell/product-detail?id=5060188673835&categoryName=PLAYSTATION5-GAMES&superCatName=GAMING&title=&queryID=2427C7EFED84356F0B4905F26B52D470&position=576","£11.00","Trade in for Voucher","£8.00","Trade in for Cash"
"https://uk.webuy.com/product-detail?id=3512899957824&categoryName=PLAYSTATION5-GAMES&superCatName=GAMING&title=&queryID=2427C7EFED84356F0B4905F26B52D470&position=577","https://uk.static.webuy.com/resize_images/Gaming/Playstation5%20Software/3512899957824_l.jpg","4.5","SnowRunner","£22.00","https://uk.webuy.com/sell/product-detail?id=3512899957824&categoryName=PLAYSTATION5-GAMES&superCatName=GAMING&title=&queryID=2427C7EFED84356F0B4905F26B52D470&position=577","£14.00","Trade in for Voucher","£10.00","Trade in for Cash"
"https://uk.webuy.com/product-detail?id=3665962001877&categoryName=PLAYSTATION5-GAMES&superCatName=GAMING&title=&queryID=2427C7EFED84356F0B4905F26B52D470&position=578","https://uk.static.webuy.com/resize_images/Gaming/Playstation5%20Software/3665962001877_l.jpg","4.4","WRC 9","£18.00","https://uk.webuy.com/sell/product-detail?id=3665962001877&categoryName=PLAYSTATION5-GAMES&superCatName=GAMING&title=&queryID=2427C7EFED84356F0B4905F26B52D470&position=578","£11.00","Trade in for Voucher","£8.00","Trade in for Cash"
"https://uk.webuy.com/product-detail?id=811949036520&categoryName=PLAYSTATION5-GAMES&superCatName=GAMING&title=&queryID=695096AE165CB19CBA820BB2A829BE55&position=579","https://uk.static.webuy.com/resize_images/Gaming/Playstation5%20Software/811949036520_l.jpg","4.3","Deep Rock Galactic (No DLC)","£12.00","https://uk.webuy.com/sell/product-detail?id=811949036520&categoryName=PLAYSTATION5-GAMES&superCatName=GAMING&title=&queryID=695096AE165CB19CBA820BB2A829BE55&position=579","£7.00","Trade in for Voucher","£5.00","Trade in for Cash"
"https://uk.webuy.com/product-detail?id=5060760889746&categoryName=PLAYSTATION5-GAMES&superCatName=GAMING&title=&queryID=695096AE165CB19CBA820BB2A829BE55&position=580","https://uk.static.webuy.com/resize_images/Gaming/Playstation5%20Software/5060760889746_l.jpg","4.3","Atari 50: The Anniversary Celebration","£15.00","https://uk.webuy.com/sell/product-detail?id=5060760889746&categoryName=PLAYSTATION5-GAMES&superCatName=GAMING&title=&queryID=695096AE165CB19CBA820BB2A829BE55&position=580","£9.00","Trade in for Voucher","£6.00","Trade in for Cash"
"https://uk.webuy.com/product-detail?id=8424365727921&categoryName=PLAYSTATION5-GAMES&superCatName=GAMING&title=&queryID=695096AE165CB19CBA820BB2A829BE55&position=581","https://uk.static.webuy.com/resize_images/Gaming/Playstation5%20Software/8424365727921_l.jpg","4","Terrifier The Artcade Game","£38.00","https://uk.webuy.com/sell/product-detail?id=8424365727921&categoryName=PLAYSTATION5-GAMES&superCatName=GAMING&title=&queryID=695096AE165CB19CBA820BB2A829BE55&position=581","£24.00","Trade in for Voucher","£17.00","Trade in for Cash"
"https://uk.webuy.com/product-detail?id=5060968301118&categoryName=PLAYSTATION5-GAMES&superCatName=GAMING&title=&queryID=695096AE165CB19CBA820BB2A829BE55&position=582","https://uk.static.webuy.com/resize_images/Gaming/Playstation5%20Software/5060968301118_l.jpg","4","Nascar Arcade Rush","£18.00","https://uk.webuy.com/sell/product-detail?id=5060968301118&categoryName=PLAYSTATION5-GAMES&superCatName=GAMING&title=&queryID=695096AE165CB19CBA820BB2A829BE55&position=582","£11.00","Trade in for Voucher","£8.00","Trade in for Cash"
"https://uk.webuy.com/product-detail?id=5056635618504&categoryName=PLAYSTATION5-GAMES&superCatName=GAMING&title=&queryID=695096AE165CB19CBA820BB2A829BE55&position=583","https://uk.static.webuy.com/resize_images/Gaming/Playstation5%20Software/5056635618504_l.jpg","4","LEGO Party!","£35.00","https://uk.webuy.com/sell/product-detail?id=5056635618504&categoryName=PLAYSTATION5-GAMES&superCatName=GAMING&title=&queryID=695096AE165CB19CBA820BB2A829BE55&position=583","£22.00","Trade in for Voucher","£16.00","Trade in for Cash"
"https://uk.webuy.com/product-detail?id=5056208814340&categoryName=PLAYSTATION5-GAMES&superCatName=GAMING&title=&queryID=695096AE165CB19CBA820BB2A829BE55&position=584","https://uk.static.webuy.com/resize_images/Gaming/Playstation5%20Software/5056208814340_l.jpg","4","Thymesia","£8.00","https://uk.webuy.com/sell/product-detail?id=5056208814340&categoryName=PLAYSTATION5-GAMES&superCatName=GAMING&title=&queryID=695096AE165CB19CBA820BB2A829BE55&position=584","£5.00","Trade in for Voucher","£3.00","Trade in for Cash"
"https://uk.webuy.com/product-detail?id=5055277043712&categoryName=PLAYSTATION5-GAMES&superCatName=GAMING&title=&queryID=695096AE165CB19CBA820BB2A829BE55&position=585","https://uk.static.webuy.com/resize_images/Gaming/Playstation5%20Software/5055277043712_l.jpg","4","Endless Dungeon","£5.00","https://uk.webuy.com/sell/product-detail?id=5055277043712&categoryName=PLAYSTATION5-GAMES&superCatName=GAMING&title=&queryID=695096AE165CB19CBA820BB2A829BE55&position=585","£3.00","Trade in for Voucher","£2.00","Trade in for Cash"
"https://uk.webuy.com/product-detail?id=5055060953761&categoryName=PLAYSTATION5-GAMES&superCatName=GAMING&title=&queryID=695096AE165CB19CBA820BB2A829BE55&position=586","https://uk.static.webuy.com/resize_images/Gaming/Playstation5%20Software/5055060953761_l.jpg","4","Exoprimal","£6.00","https://uk.webuy.com/sell/product-detail?id=5055060953761&categoryName=PLAYSTATION5-GAMES&superCatName=GAMING&title=&queryID=695096AE165CB19CBA820BB2A829BE55&position=586","£3.00","Trade in for Voucher","£2.00","Trade in for Cash"
"https://uk.webuy.com/product-detail?id=4020628678142&categoryName=PLAYSTATION5-GAMES&superCatName=GAMING&title=&queryID=695096AE165CB19CBA820BB2A829BE55&position=587","https://uk.static.webuy.com/resize_images/Gaming/Playstation5%20Software/4020628678142_l.jpg","4","Dolmen","£8.00","https://uk.webuy.com/sell/product-detail?id=4020628678142&categoryName=PLAYSTATION5-GAMES&superCatName=GAMING&title=&queryID=695096AE165CB19CBA820BB2A829BE55&position=587","£5.00","Trade in for Voucher","£3.00","Trade in for Cash"
"https://uk.webuy.com/product-detail?id=3760156489780&categoryName=PLAYSTATION5-GAMES&superCatName=GAMING&title=&queryID=695096AE165CB19CBA820BB2A829BE55&position=588","https://uk.static.webuy.com/resize_images/Gaming/Playstation5%20Software/3760156489780_l.jpg","4","Who Wants To Be A Millionaire","£18.00","https://uk.webuy.com/sell/product-detail?id=3760156489780&categoryName=PLAYSTATION5-GAMES&superCatName=GAMING&title=&queryID=695096AE165CB19CBA820BB2A829BE55&position=588","£11.00","Trade in for Voucher","£8.00","Trade in for Cash"
"https://uk.webuy.com/product-detail?id=0811949036216&categoryName=PLAYSTATION5-GAMES&superCatName=GAMING&title=&queryID=695096AE165CB19CBA820BB2A829BE55&position=589","https://uk.static.webuy.com/resize_images/Gaming/Playstation5%20Software/0811949036216_l.jpg","4","Neon White","£12.00","https://uk.webuy.com/sell/product-detail?id=0811949036216&categoryName=PLAYSTATION5-GAMES&superCatName=GAMING&title=&queryID=695096AE165CB19CBA820BB2A829BE55&position=589","£7.00","Trade in for Voucher","£5.00","Trade in for Cash"
"https://uk.webuy.com/product-detail?id=5060264376339&categoryName=PLAYSTATION5-GAMES&superCatName=GAMING&title=&queryID=695096AE165CB19CBA820BB2A829BE55&position=590","https://uk.static.webuy.com/resize_images/Gaming/Playstation5%20Software/5060264376339_l.jpg","3.8","Aragami 2","£12.00","https://uk.webuy.com/sell/product-detail?id=5060264376339&categoryName=PLAYSTATION5-GAMES&superCatName=GAMING&title=&queryID=695096AE165CB19CBA820BB2A829BE55&position=590","£7.00","Trade in for Voucher","£5.00","Trade in for Cash"
"https://uk.webuy.com/product-detail?id=4260458362518&categoryName=PLAYSTATION5-GAMES&superCatName=GAMING&title=&queryID=695096AE165CB19CBA820BB2A829BE55&position=591","https://uk.static.webuy.com/resize_images/Gaming/Playstation5%20Software/4260458362518_l.jpg","3","Disciples Liberation (No DLC)","£8.00","https://uk.webuy.com/sell/product-detail?id=4260458362518&categoryName=PLAYSTATION5-GAMES&superCatName=GAMING&title=&queryID=695096AE165CB19CBA820BB2A829BE55&position=591","£5.00","Trade in for Voucher","£3.00","Trade in for Cash"
"https://uk.webuy.com/product-detail?id=3701529505478&categoryName=PLAYSTATION5-GAMES&superCatName=GAMING&title=&queryID=695096AE165CB19CBA820BB2A829BE55&position=592","https://uk.static.webuy.com/resize_images/Gaming/Playstation5%20Software/3701529505478_l.jpg","3","Smurfs 2, The: The Prisoner of the Green Stone","£15.00","https://uk.webuy.com/sell/product-detail?id=3701529505478&categoryName=PLAYSTATION5-GAMES&superCatName=GAMING&title=&queryID=695096AE165CB19CBA820BB2A829BE55&position=592","£9.00","Trade in for Voucher","£6.00","Trade in for Cash"
"https://uk.webuy.com/product-detail?id=8720256139614&categoryName=PLAYSTATION5-GAMES&superCatName=GAMING&title=&queryID=695096AE165CB19CBA820BB2A829BE55&position=593","https://uk.static.webuy.com/resize_images/Gaming/Playstation5%20Software/8720256139614_l.jpg","2","3D Minigolf","£12.00","https://uk.webuy.com/sell/product-detail?id=8720256139614&categoryName=PLAYSTATION5-GAMES&superCatName=GAMING&title=&queryID=695096AE165CB19CBA820BB2A829BE55&position=593","£7.00","Trade in for Voucher","£5.00","Trade in for Cash"
"https://uk.webuy.com/product-detail?id=5061005350618&categoryName=PLAYSTATION5-GAMES&superCatName=GAMING&title=&queryID=695096AE165CB19CBA820BB2A829BE55&position=594","https://uk.static.webuy.com/resize_images/Gaming/Playstation5%20Software/5061005350618_l.jpg","1","Transformers: Earth Spark - Expedition","£10.00","https://uk.webuy.com/sell/product-detail?id=5061005350618&categoryName=PLAYSTATION5-GAMES&superCatName=GAMING&title=&queryID=695096AE165CB19CBA820BB2A829BE55&position=594","£6.00","Trade in for Voucher","£4.00","Trade in for Cash"
"https://uk.webuy.com/product-detail?id=4041417870226&categoryName=PLAYSTATION5-GAMES&superCatName=GAMING&title=&queryID=695096AE165CB19CBA820BB2A829BE55&position=595","https://uk.static.webuy.com/resize_images/Gaming/Playstation5%20Software/4041417870226_l.jpg","1","Construction Simulator","£22.00","https://uk.webuy.com/sell/product-detail?id=4041417870226&categoryName=PLAYSTATION5-GAMES&superCatName=GAMING&title=&queryID=695096AE165CB19CBA820BB2A829BE55&position=595","£14.00","Trade in for Voucher","£10.00","Trade in for Cash"
"https://uk.webuy.com/product-detail?id=8718591188978&categoryName=PLAYSTATION5-GAMES&superCatName=GAMING&title=&queryID=CFB1B9D2EA86F90E0D3BCE477F0E8C44&position=596","https://uk.static.webuy.com/resize_images/Gaming/Playstation5%20Software/8718591188978_l.jpg","","Albatroz","£25.00","https://uk.webuy.com/sell/product-detail?id=8718591188978&categoryName=PLAYSTATION5-GAMES&superCatName=GAMING&title=&queryID=CFB1B9D2EA86F90E0D3BCE477F0E8C44&position=596","£16.00","Trade in for Voucher","£11.00","Trade in for Cash"
"https://uk.webuy.com/product-detail?id=8718591187902&categoryName=PLAYSTATION5-GAMES&superCatName=GAMING&title=&queryID=CFB1B9D2EA86F90E0D3BCE477F0E8C44&position=597","https://uk.static.webuy.com/resize_images/Gaming/Playstation5%20Software/8718591187902_l.jpg","","Lemon Cake","£20.00","https://uk.webuy.com/sell/product-detail?id=8718591187902&categoryName=PLAYSTATION5-GAMES&superCatName=GAMING&title=&queryID=CFB1B9D2EA86F90E0D3BCE477F0E8C44&position=597","£13.00","Trade in for Voucher","£9.00","Trade in for Cash"
"https://uk.webuy.com/product-detail?id=811949038562&categoryName=PLAYSTATION5-GAMES&superCatName=GAMING&title=&queryID=CFB1B9D2EA86F90E0D3BCE477F0E8C44&position=598","https://uk.static.webuy.com/product_images/Gaming/Playstation5%20Software/811949038562_l.jpg","","Killer Klowns from Outer Space","£15.00","https://uk.webuy.com/sell/product-detail?id=811949038562&categoryName=PLAYSTATION5-GAMES&superCatName=GAMING&title=&queryID=CFB1B9D2EA86F90E0D3BCE477F0E8C44&position=598","£9.00","Trade in for Voucher","£6.00","Trade in for Cash"
"https://uk.webuy.com/product-detail?id=7350002938294&categoryName=PLAYSTATION5-GAMES&superCatName=GAMING&title=&queryID=CFB1B9D2EA86F90E0D3BCE477F0E8C44&position=599","https://uk.static.webuy.com/resize_images/Gaming/Playstation5%20Software/7350002938294_l.jpg","","R-Type Delta: HD Boosted","£30.00","https://uk.webuy.com/sell/product-detail?id=7350002938294&categoryName=PLAYSTATION5-GAMES&superCatName=GAMING&title=&queryID=CFB1B9D2EA86F90E0D3BCE477F0E8C44&position=599","£19.00","Trade in for Voucher","£13.00","Trade in for Cash"
"https://uk.webuy.com/product-detail?id=7350002935040&categoryName=PLAYSTATION5-GAMES&superCatName=GAMING&title=&queryID=CFB1B9D2EA86F90E0D3BCE477F0E8C44&position=600","https://uk.static.webuy.com/resize_images/Gaming/Playstation5%20Software/7350002935040_l.jpg","","Anno: Mutationem","£30.00","https://uk.webuy.com/sell/product-detail?id=7350002935040&categoryName=PLAYSTATION5-GAMES&superCatName=GAMING&title=&queryID=CFB1B9D2EA86F90E0D3BCE477F0E8C44&position=600","£19.00","Trade in for Voucher","£13.00","Trade in for Cash"
"https://uk.webuy.com/product-detail?id=5391538931092&categoryName=PLAYSTATION5-GAMES&superCatName=GAMING&title=&queryID=CFB1B9D2EA86F90E0D3BCE477F0E8C44&position=601","https://uk.static.webuy.com/product_images/Gaming/Playstation5%20Software/5391538931092_l.jpg","","Baldur's Gate 3 Deluxe Ed. w/3x CD, Poster, Map & 2x Patches (2 Disc)NoDLC","£150.00","https://uk.webuy.com/sell/product-detail?id=5391538931092&categoryName=PLAYSTATION5-GAMES&superCatName=GAMING&title=&queryID=CFB1B9D2EA86F90E0D3BCE477F0E8C44&position=601","£103.00","Trade in for Voucher","£85.00","Trade in for Cash"
"https://uk.webuy.com/product-detail?id=5061078710883&categoryName=PLAYSTATION5-GAMES&superCatName=GAMING&title=&queryID=CFB1B9D2EA86F90E0D3BCE477F0E8C44&position=602","https://uk.static.webuy.com/product_images/Gaming/Playstation5%20Software/5061078710883_l.jpg","","Bendy: Lone Wolf","£18.00","https://uk.webuy.com/sell/product-detail?id=5061078710883&categoryName=PLAYSTATION5-GAMES&superCatName=GAMING&title=&queryID=CFB1B9D2EA86F90E0D3BCE477F0E8C44&position=602","£11.00","Trade in for Voucher","£8.00","Trade in for Cash"
"https://uk.webuy.com/product-detail?id=5061005356283&categoryName=PLAYSTATION5-GAMES&superCatName=GAMING&title=&queryID=CFB1B9D2EA86F90E0D3BCE477F0E8C44&position=603","https://uk.static.webuy.com/resize_images/Gaming/Playstation5%20Software/5061005356283_l.jpg","","PAW Patrol Rescue Wheels Championship","£25.00","https://uk.webuy.com/sell/product-detail?id=5061005356283&categoryName=PLAYSTATION5-GAMES&superCatName=GAMING&title=&queryID=CFB1B9D2EA86F90E0D3BCE477F0E8C44&position=603","£16.00","Trade in for Voucher","£11.00","Trade in for Cash"
"https://uk.webuy.com/product-detail?id=5060968303235&categoryName=PLAYSTATION5-GAMES&superCatName=GAMING&title=&queryID=CFB1B9D2EA86F90E0D3BCE477F0E8C44&position=604","https://uk.static.webuy.com/resize_images/Gaming/Playstation5%20Software/5060968303235_l.jpg","","Snoopy & The Great Mystery Club","£22.00","https://uk.webuy.com/sell/product-detail?id=5060968303235&categoryName=PLAYSTATION5-GAMES&superCatName=GAMING&title=&queryID=CFB1B9D2EA86F90E0D3BCE477F0E8C44&position=604","£14.00","Trade in for Voucher","£10.00","Trade in for Cash"
"https://uk.webuy.com/product-detail?id=5060968302801&categoryName=PLAYSTATION5-GAMES&superCatName=GAMING&title=&queryID=CFB1B9D2EA86F90E0D3BCE477F0E8C44&position=605","https://uk.static.webuy.com/resize_images/Gaming/Playstation5%20Software/5060968302801_l.jpg","","Goosebumps: Terror in Little Creek","£18.00","https://uk.webuy.com/sell/product-detail?id=5060968302801&categoryName=PLAYSTATION5-GAMES&superCatName=GAMING&title=&queryID=CFB1B9D2EA86F90E0D3BCE477F0E8C44&position=605","£11.00","Trade in for Voucher","£8.00","Trade in for Cash"
"https://uk.webuy.com/product-detail?id=5060941717431&categoryName=PLAYSTATION5-GAMES&superCatName=GAMING&title=&queryID=CFB1B9D2EA86F90E0D3BCE477F0E8C44&position=606","https://uk.static.webuy.com/resize_images/Gaming/Playstation5%20Software/5060941717431_l.jpg","","Master Detective Archives: Rain Code+","£20.00","https://uk.webuy.com/sell/product-detail?id=5060941717431&categoryName=PLAYSTATION5-GAMES&superCatName=GAMING&title=&queryID=CFB1B9D2EA86F90E0D3BCE477F0E8C44&position=606","£13.00","Trade in for Voucher","£9.00","Trade in for Cash"
"https://uk.webuy.com/product-detail?id=5060528039710&categoryName=PLAYSTATION5-GAMES&superCatName=GAMING&title=&queryID=CFB1B9D2EA86F90E0D3BCE477F0E8C44&position=607","https://uk.static.webuy.com/resize_images/Gaming/Playstation5%20Software/5060528039710_l.jpg","","Rainbow High: Runway Rush","£8.00","https://uk.webuy.com/sell/product-detail?id=5060528039710&categoryName=PLAYSTATION5-GAMES&superCatName=GAMING&title=&queryID=CFB1B9D2EA86F90E0D3BCE477F0E8C44&position=607","£5.00","Trade in for Voucher","£3.00","Trade in for Cash"
"https://uk.webuy.com/product-detail?id=5060528037853&categoryName=PLAYSTATION5-GAMES&superCatName=GAMING&title=&queryID=CFB1B9D2EA86F90E0D3BCE477F0E8C44&position=608","https://uk.static.webuy.com/resize_images/Gaming/Playstation5%20Software/5060528037853_l.jpg","","L.O.L. Surprise! B.B.s Born To Travel","£8.00","https://uk.webuy.com/sell/product-detail?id=5060528037853&categoryName=PLAYSTATION5-GAMES&superCatName=GAMING&title=&queryID=CFB1B9D2EA86F90E0D3BCE477F0E8C44&position=608","£5.00","Trade in for Voucher","£3.00","Trade in for Cash"
"https://uk.webuy.com/product-detail?id=5060264378456&categoryName=PLAYSTATION5-GAMES&superCatName=GAMING&title=&queryID=CFB1B9D2EA86F90E0D3BCE477F0E8C44&position=609","https://uk.static.webuy.com/resize_images/Gaming/Playstation5%20Software/5060264378456_l.jpg","","No Place Like Home","£6.00","https://uk.webuy.com/sell/product-detail?id=5060264378456&categoryName=PLAYSTATION5-GAMES&superCatName=GAMING&title=&queryID=CFB1B9D2EA86F90E0D3BCE477F0E8C44&position=609","£3.00","Trade in for Voucher","£2.00","Trade in for Cash"
"https://uk.webuy.com/product-detail?id=5056722400050&categoryName=PLAYSTATION5-GAMES&superCatName=GAMING&title=&queryID=CFB1B9D2EA86F90E0D3BCE477F0E8C44&position=610","https://uk.static.webuy.com/resize_images/Gaming/Playstation5%20Software/5056722400050_l.jpg","","Puppet House","£18.00","https://uk.webuy.com/sell/product-detail?id=5056722400050&categoryName=PLAYSTATION5-GAMES&superCatName=GAMING&title=&queryID=CFB1B9D2EA86F90E0D3BCE477F0E8C44&position=610","£11.00","Trade in for Voucher","£8.00","Trade in for Cash"
"https://uk.webuy.com/product-detail?id=5056722400012&categoryName=PLAYSTATION5-GAMES&superCatName=GAMING&title=&queryID=CFB1B9D2EA86F90E0D3BCE477F0E8C44&position=611","https://uk.static.webuy.com/product_images/Gaming/Playstation5%20Software/5056722400012_l.jpg","","Sker Ritual","£20.00","https://uk.webuy.com/sell/product-detail?id=5056722400012&categoryName=PLAYSTATION5-GAMES&superCatName=GAMING&title=&queryID=CFB1B9D2EA86F90E0D3BCE477F0E8C44&position=611","£13.00","Trade in for Voucher","£9.00","Trade in for Cash"
"https://uk.webuy.com/product-detail?id=5056635622396&categoryName=PLAYSTATION5-GAMES&superCatName=GAMING&title=&queryID=CFB1B9D2EA86F90E0D3BCE477F0E8C44&position=612","https://uk.static.webuy.com/resize_images/Gaming/Playstation5%20Software/5056635622396_l.jpg","","Rogue Prince of Persia Immortal Ed. w/Map, 3xArt Cards, Steelbook & O-Ring","£45.00","https://uk.webuy.com/sell/product-detail?id=5056635622396&categoryName=PLAYSTATION5-GAMES&superCatName=GAMING&title=&queryID=CFB1B9D2EA86F90E0D3BCE477F0E8C44&position=612","£31.00","Trade in for Voucher","£25.00","Trade in for Cash"
"https://uk.webuy.com/product-detail?id=5056635618122&categoryName=PLAYSTATION5-GAMES&superCatName=GAMING&title=&queryID=5D9BDE541C3EE92ED4BC7A1A1EF5BA0D&position=613","https://uk.static.webuy.com/resize_images/Gaming/Playstation5%20Software/5056635618122_l.jpg","","Mortal Kombat: Legacy Kollection - Deluxe w/ Steelbook, Magnet, 16x Cards","£48.00","https://uk.webuy.com/sell/product-detail?id=5056635618122&categoryName=PLAYSTATION5-GAMES&superCatName=GAMING&title=&queryID=5D9BDE541C3EE92ED4BC7A1A1EF5BA0D&position=613","£33.00","Trade in for Voucher","£27.00","Trade in for Cash"
"https://uk.webuy.com/product-detail?id=5056635617613&categoryName=PLAYSTATION5-GAMES&superCatName=GAMING&title=&queryID=5D9BDE541C3EE92ED4BC7A1A1EF5BA0D&position=614","https://uk.static.webuy.com/resize_images/Gaming/Playstation5%20Software/5056635617613_l.jpg","","Hotel Barcelona","£15.00","https://uk.webuy.com/sell/product-detail?id=5056635617613&categoryName=PLAYSTATION5-GAMES&superCatName=GAMING&title=&queryID=5D9BDE541C3EE92ED4BC7A1A1EF5BA0D&position=614","£9.00","Trade in for Voucher","£6.00","Trade in for Cash"
"https://uk.webuy.com/product-detail?id=5056635615176&categoryName=PLAYSTATION5-GAMES&superCatName=GAMING&title=&queryID=5D9BDE541C3EE92ED4BC7A1A1EF5BA0D&position=615","https://uk.static.webuy.com/resize_images/Gaming/Playstation5%20Software/5056635615176_l.jpg","","Mandragora: Whispers of the Witch Tree","£32.00","https://uk.webuy.com/sell/product-detail?id=5056635615176&categoryName=PLAYSTATION5-GAMES&superCatName=GAMING&title=&queryID=5D9BDE541C3EE92ED4BC7A1A1EF5BA0D&position=615","£20.00","Trade in for Voucher","£14.00","Trade in for Cash"
"https://uk.webuy.com/product-detail?id=5056635613905&categoryName=PLAYSTATION5-GAMES&superCatName=GAMING&title=&queryID=5D9BDE541C3EE92ED4BC7A1A1EF5BA0D&position=616","https://uk.static.webuy.com/resize_images/Gaming/Playstation5%20Software/5056635613905_l.jpg","","Disney Illusion Island","£28.00","https://uk.webuy.com/sell/product-detail?id=5056635613905&categoryName=PLAYSTATION5-GAMES&superCatName=GAMING&title=&queryID=5D9BDE541C3EE92ED4BC7A1A1EF5BA0D&position=616","£18.00","Trade in for Voucher","£12.00","Trade in for Cash"
"https://uk.webuy.com/product-detail?id=5056635606716&categoryName=PLAYSTATION5-GAMES&superCatName=GAMING&title=&queryID=5D9BDE541C3EE92ED4BC7A1A1EF5BA0D&position=617","https://uk.static.webuy.com/resize_images/Gaming/Playstation5%20Software/5056635606716_l.jpg","","Jurassic Park Classic Games Collection","£22.00","https://uk.webuy.com/sell/product-detail?id=5056635606716&categoryName=PLAYSTATION5-GAMES&superCatName=GAMING&title=&queryID=5D9BDE541C3EE92ED4BC7A1A1EF5BA0D&position=617","£14.00","Trade in for Voucher","£10.00","Trade in for Cash"
"https://uk.webuy.com/product-detail?id=5056635604613&categoryName=PLAYSTATION5-GAMES&superCatName=GAMING&title=&queryID=5D9BDE541C3EE92ED4BC7A1A1EF5BA0D&position=618","https://uk.static.webuy.com/resize_images/Gaming/Playstation5%20Software/5056635604613_l.jpg","","Rollercoaster Tycoon Adventures Deluxe","£18.00","https://uk.webuy.com/sell/product-detail?id=5056635604613&categoryName=PLAYSTATION5-GAMES&superCatName=GAMING&title=&queryID=5D9BDE541C3EE92ED4BC7A1A1EF5BA0D&position=618","£11.00","Trade in for Voucher","£8.00","Trade in for Cash"
"https://uk.webuy.com/product-detail?id=5056208823960&categoryName=PLAYSTATION5-GAMES&superCatName=GAMING&title=&queryID=5D9BDE541C3EE92ED4BC7A1A1EF5BA0D&position=619","https://uk.static.webuy.com/resize_images/Gaming/Playstation5%20Software/5056208823960_l.jpg","","Enotria: The Last Song","£20.00","https://uk.webuy.com/sell/product-detail?id=5056208823960&categoryName=PLAYSTATION5-GAMES&superCatName=GAMING&title=&queryID=5D9BDE541C3EE92ED4BC7A1A1EF5BA0D&position=619","£13.00","Trade in for Voucher","£9.00","Trade in for Cash"
"https://uk.webuy.com/product-detail?id=5056208822949&categoryName=PLAYSTATION5-GAMES&superCatName=GAMING&title=&queryID=5D9BDE541C3EE92ED4BC7A1A1EF5BA0D&position=620","https://uk.static.webuy.com/resize_images/Gaming/Playstation5%20Software/5056208822949_l.jpg","","Classified: France '44","£10.00","https://uk.webuy.com/sell/product-detail?id=5056208822949&categoryName=PLAYSTATION5-GAMES&superCatName=GAMING&title=&queryID=5D9BDE541C3EE92ED4BC7A1A1EF5BA0D&position=620","£6.00","Trade in for Voucher","£4.00","Trade in for Cash"
"https://uk.webuy.com/product-detail?id=5055957705466&categoryName=PLAYSTATION5-GAMES&superCatName=GAMING&title=&queryID=5D9BDE541C3EE92ED4BC7A1A1EF5BA0D&position=621","https://uk.static.webuy.com/resize_images/Gaming/Playstation5%20Software/5055957705466_l.jpg","","Catan: Console Edition","£12.00","https://uk.webuy.com/sell/product-detail?id=5055957705466&categoryName=PLAYSTATION5-GAMES&superCatName=GAMING&title=&queryID=5D9BDE541C3EE92ED4BC7A1A1EF5BA0D&position=621","£7.00","Trade in for Voucher","£5.00","Trade in for Cash"
"https://uk.webuy.com/product-detail?id=5021290099517&categoryName=PLAYSTATION5-GAMES&superCatName=GAMING&title=&queryID=5D9BDE541C3EE92ED4BC7A1A1EF5BA0D&position=622","https://uk.static.webuy.com/resize_images/Gaming/Playstation5%20Software/5021290099517_l.jpg","","Dragon Quest III HD-2D Remake","£38.00","https://uk.webuy.com/sell/product-detail?id=5021290099517&categoryName=PLAYSTATION5-GAMES&superCatName=GAMING&title=&queryID=5D9BDE541C3EE92ED4BC7A1A1EF5BA0D&position=622","£24.00","Trade in for Voucher","£17.00","Trade in for Cash"
"https://uk.webuy.com/product-detail?id=5016488142304&categoryName=PLAYSTATION5-GAMES&superCatName=GAMING&title=&queryID=5D9BDE541C3EE92ED4BC7A1A1EF5BA0D&position=623","https://uk.static.webuy.com/resize_images/Gaming/Playstation5%20Software/5016488142304_l.jpg","","Train Sim World 5 (No DLC)","£30.00","https://uk.webuy.com/sell/product-detail?id=5016488142304&categoryName=PLAYSTATION5-GAMES&superCatName=GAMING&title=&queryID=5D9BDE541C3EE92ED4BC7A1A1EF5BA0D&position=623","£19.00","Trade in for Voucher","£13.00","Trade in for Cash"
"https://uk.webuy.com/product-detail?id=5016488140980&categoryName=PLAYSTATION5-GAMES&superCatName=GAMING&title=&queryID=5D9BDE541C3EE92ED4BC7A1A1EF5BA0D&position=624","https://uk.static.webuy.com/resize_images/Gaming/Playstation5%20Software/5016488140980_l.jpg","","Ultros","£22.00","https://uk.webuy.com/sell/product-detail?id=5016488140980&categoryName=PLAYSTATION5-GAMES&superCatName=GAMING&title=&queryID=5D9BDE541C3EE92ED4BC7A1A1EF5BA0D&position=624","£14.00","Trade in for Voucher","£10.00","Trade in for Cash"
"https://uk.webuy.com/product-detail?id=4015918166201&categoryName=PLAYSTATION5-GAMES&superCatName=GAMING&title=&queryID=5D9BDE541C3EE92ED4BC7A1A1EF5BA0D&position=625","https://uk.static.webuy.com/resize_images/Gaming/Playstation5%20Software/4015918166201_l.jpg","","Park Ranger Simulator","£25.00","https://uk.webuy.com/sell/product-detail?id=4015918166201&categoryName=PLAYSTATION5-GAMES&superCatName=GAMING&title=&queryID=5D9BDE541C3EE92ED4BC7A1A1EF5BA0D&position=625","£16.00","Trade in for Voucher","£11.00","Trade in for Cash"
"https://uk.webuy.com/product-detail?id=4012927151679&categoryName=PLAYSTATION5-GAMES&superCatName=GAMING&title=&queryID=5D9BDE541C3EE92ED4BC7A1A1EF5BA0D&position=626","https://uk.static.webuy.com/resize_images/Gaming/Playstation5%20Software/4012927151679_l.jpg","","Edens Zero (No DLC)","£18.00","https://uk.webuy.com/sell/product-detail?id=4012927151679&categoryName=PLAYSTATION5-GAMES&superCatName=GAMING&title=&queryID=5D9BDE541C3EE92ED4BC7A1A1EF5BA0D&position=626","£11.00","Trade in for Voucher","£8.00","Trade in for Cash"
"https://uk.webuy.com/product-detail?id=4012927150375&categoryName=PLAYSTATION5-GAMES&superCatName=GAMING&title=&queryID=5D9BDE541C3EE92ED4BC7A1A1EF5BA0D&position=627","https://uk.static.webuy.com/product_images/Gaming/Playstation5%20Software/4012927150375_l.jpg","","Cygni: All Guns Blazing","£28.00","https://uk.webuy.com/sell/product-detail?id=4012927150375&categoryName=PLAYSTATION5-GAMES&superCatName=GAMING&title=&queryID=5D9BDE541C3EE92ED4BC7A1A1EF5BA0D&position=627","£18.00","Trade in for Voucher","£12.00","Trade in for Cash"
"https://uk.webuy.com/product-detail?id=3391892024746&categoryName=PLAYSTATION5-GAMES&superCatName=GAMING&title=&queryID=5D9BDE541C3EE92ED4BC7A1A1EF5BA0D&position=628","https://uk.static.webuy.com/resize_images/Gaming/Playstation5%20Software/3391892024746_l.jpg","","Dragon Ball FighterZ","£12.00","https://uk.webuy.com/sell/product-detail?id=3391892024746&categoryName=PLAYSTATION5-GAMES&superCatName=GAMING&title=&queryID=5D9BDE541C3EE92ED4BC7A1A1EF5BA0D&position=628","£7.00","Trade in for Voucher","£5.00","Trade in for Cash"
"https://uk.webuy.com/product-detail?id=5056635614803&categoryName=PLAYSTATION5-GAMES&superCatName=GAMING&title=&queryID=5D9BDE541C3EE92ED4BC7A1A1EF5BA0D&position=629","https://uk.static.webuy.com/resize_images/Gaming/Playstation5%20Software/5056635614803_l.jpg","","Teenage Mutant Ninja Turtles: Splintered Fate","£22.00","https://uk.webuy.com/sell/product-detail?id=5056635614803&categoryName=PLAYSTATION5-GAMES&superCatName=GAMING&title=&queryID=5D9BDE541C3EE92ED4BC7A1A1EF5BA0D&position=629","£14.00","Trade in for Voucher","£10.00","Trade in for Cash"
"https://uk.webuy.com/product-detail?id=5056635608970&categoryName=PLAYSTATION5-GAMES&superCatName=GAMING&title=&queryID=8F61A2C9A9D0CD16EB107E537319FFEE&position=630","https://uk.static.webuy.com/resize_images/Gaming/Playstation5%20Software/5056635608970_l.jpg","","El Paso, Elsewhere","£25.00","https://uk.webuy.com/sell/product-detail?id=5056635608970&categoryName=PLAYSTATION5-GAMES&superCatName=GAMING&title=&queryID=8F61A2C9A9D0CD16EB107E537319FFEE&position=630","£16.00","Trade in for Voucher","£11.00","Trade in for Cash"
"https://uk.webuy.com/product-detail?id=5056635607461&categoryName=PLAYSTATION5-GAMES&superCatName=GAMING&title=&queryID=8F61A2C9A9D0CD16EB107E537319FFEE&position=631","https://uk.static.webuy.com/resize_images/Gaming/Playstation5%20Software/5056635607461_l.jpg","","Outer Wilds","£42.00","https://uk.webuy.com/sell/product-detail?id=5056635607461&categoryName=PLAYSTATION5-GAMES&superCatName=GAMING&title=&queryID=8F61A2C9A9D0CD16EB107E537319FFEE&position=631","£27.00","Trade in for Voucher","£19.00","Trade in for Cash"
"https://uk.webuy.com/product-detail?id=9120080079244&categoryName=PLAYSTATION5-GAMES&superCatName=GAMING&title=&queryID=8F61A2C9A9D0CD16EB107E537319FFEE&position=632","https://uk.static.webuy.com/resize_images/Gaming/Playstation5%20Software/9120080079244_l.jpg","5","Townsmen VR (PSVR2)","£5.00","https://uk.webuy.com/sell/product-detail?id=9120080079244&categoryName=PLAYSTATION5-GAMES&superCatName=GAMING&title=&queryID=8F61A2C9A9D0CD16EB107E537319FFEE&position=632","£3.00","Trade in for Voucher","£2.00","Trade in for Cash"
"https://uk.webuy.com/product-detail?id=8720256139829&categoryName=PLAYSTATION5-GAMES&superCatName=GAMING&title=&queryID=8F61A2C9A9D0CD16EB107E537319FFEE&position=633","https://uk.static.webuy.com/resize_images/Gaming/Playstation5%20Software/8720256139829_l.jpg","5","Harvest Life","£10.00","https://uk.webuy.com/sell/product-detail?id=8720256139829&categoryName=PLAYSTATION5-GAMES&superCatName=GAMING&title=&queryID=8F61A2C9A9D0CD16EB107E537319FFEE&position=633","£6.00","Trade in for Voucher","£4.00","Trade in for Cash"
"https://uk.webuy.com/product-detail?id=8057168506389&categoryName=PLAYSTATION5-GAMES&superCatName=GAMING&title=&queryID=8F61A2C9A9D0CD16EB107E537319FFEE&position=634","https://uk.static.webuy.com/resize_images/Gaming/Playstation5%20Software/8057168506389_l.jpg","5","MotoGP 23","£8.00","https://uk.webuy.com/sell/product-detail?id=8057168506389&categoryName=PLAYSTATION5-GAMES&superCatName=GAMING&title=&queryID=8F61A2C9A9D0CD16EB107E537319FFEE&position=634","£5.00","Trade in for Voucher","£3.00","Trade in for Cash"
"https://uk.webuy.com/product-detail?id=5061078710531&categoryName=PLAYSTATION5-GAMES&superCatName=GAMING&title=&queryID=8F61A2C9A9D0CD16EB107E537319FFEE&position=635","https://uk.static.webuy.com/resize_images/Gaming/Playstation5%20Software/5061078710531_l.jpg","5","Alters, The","£28.00","https://uk.webuy.com/sell/product-detail?id=5061078710531&categoryName=PLAYSTATION5-GAMES&superCatName=GAMING&title=&queryID=8F61A2C9A9D0CD16EB107E537319FFEE&position=635","£18.00","Trade in for Voucher","£12.00","Trade in for Cash"
"https://uk.webuy.com/product-detail?id=5060760882327&categoryName=PLAYSTATION5-GAMES&superCatName=GAMING&title=&queryID=8F61A2C9A9D0CD16EB107E537319FFEE&position=636","https://uk.static.webuy.com/resize_images/Gaming/Playstation5%20Software/5060760882327_l.jpg","5","Bugsnax","£18.00","https://uk.webuy.com/sell/product-detail?id=5060760882327&categoryName=PLAYSTATION5-GAMES&superCatName=GAMING&title=&queryID=8F61A2C9A9D0CD16EB107E537319FFEE&position=636","£11.00","Trade in for Voucher","£8.00","Trade in for Cash"
"https://uk.webuy.com/product-detail?id=5056635616449&categoryName=PLAYSTATION5-GAMES&superCatName=GAMING&title=&queryID=8F61A2C9A9D0CD16EB107E537319FFEE&position=637","https://uk.static.webuy.com/resize_images/Gaming/Playstation5%20Software/5056635616449_l.jpg","5","Tales of the Shire: A The Lord of the Rings Game","£18.00","https://uk.webuy.com/sell/product-detail?id=5056635616449&categoryName=PLAYSTATION5-GAMES&superCatName=GAMING&title=&queryID=8F61A2C9A9D0CD16EB107E537319FFEE&position=637","£11.00","Trade in for Voucher","£8.00","Trade in for Cash"
"https://uk.webuy.com/product-detail?id=5056635601582&categoryName=PLAYSTATION5-GAMES&superCatName=GAMING&title=&queryID=8F61A2C9A9D0CD16EB107E537319FFEE&position=638","https://uk.static.webuy.com/product_images/Gaming/Playstation5%20Software/5056635601582_l.jpg","5","Wanted: Dead Collector's Ed. w/Artbook, Magnet, 3x Postcards & OST","£32.00","https://uk.webuy.com/sell/product-detail?id=5056635601582&categoryName=PLAYSTATION5-GAMES&superCatName=GAMING&title=&queryID=8F61A2C9A9D0CD16EB107E537319FFEE&position=638","£20.00","Trade in for Voucher","£14.00","Trade in for Cash"
"https://uk.webuy.com/product-detail?id=5055377605803&categoryName=PLAYSTATION5-GAMES&superCatName=GAMING&title=&queryID=8F61A2C9A9D0CD16EB107E537319FFEE&position=639","https://uk.static.webuy.com/resize_images/Gaming/Playstation5%20Software/5055377605803_l.jpg","5","Starsand","£6.00","https://uk.webuy.com/sell/product-detail?id=5055377605803&categoryName=PLAYSTATION5-GAMES&superCatName=GAMING&title=&queryID=8F61A2C9A9D0CD16EB107E537319FFEE&position=639","£3.00","Trade in for Voucher","£2.00","Trade in for Cash"
"https://uk.webuy.com/product-detail?id=5021290094017&categoryName=PLAYSTATION5-GAMES&superCatName=GAMING&title=&queryID=8F61A2C9A9D0CD16EB107E537319FFEE&position=640","https://uk.static.webuy.com/resize_images/Gaming/Playstation5%20Software/5021290094017_l.jpg","5","DioField Chronicle, The","£8.00","https://uk.webuy.com/sell/product-detail?id=5021290094017&categoryName=PLAYSTATION5-GAMES&superCatName=GAMING&title=&queryID=8F61A2C9A9D0CD16EB107E537319FFEE&position=640","£5.00","Trade in for Voucher","£3.00","Trade in for Cash"
"https://uk.webuy.com/product-detail?id=5016488137300&categoryName=PLAYSTATION5-GAMES&superCatName=GAMING&title=&queryID=8F61A2C9A9D0CD16EB107E537319FFEE&position=641","https://uk.static.webuy.com/product_images/Gaming/Playstation5%20Software/5016488137300_l.jpg","5","In Sound Mind (No DLC)","£10.00","https://uk.webuy.com/sell/product-detail?id=5016488137300&categoryName=PLAYSTATION5-GAMES&superCatName=GAMING&title=&queryID=8F61A2C9A9D0CD16EB107E537319FFEE&position=641","£6.00","Trade in for Voucher","£4.00","Trade in for Cash"
"https://uk.webuy.com/product-detail?id=4260458362679&categoryName=PLAYSTATION5-GAMES&superCatName=GAMING&title=&queryID=8F61A2C9A9D0CD16EB107E537319FFEE&position=642","https://uk.static.webuy.com/resize_images/Gaming/Playstation5%20Software/4260458362679_l.jpg","5","Tropico 6 (No DLC)","£15.00","https://uk.webuy.com/sell/product-detail?id=4260458362679&categoryName=PLAYSTATION5-GAMES&superCatName=GAMING&title=&queryID=8F61A2C9A9D0CD16EB107E537319FFEE&position=642","£9.00","Trade in for Voucher","£6.00","Trade in for Cash"
"https://uk.webuy.com/product-detail?id=4020628681852&categoryName=PLAYSTATION5-GAMES&superCatName=GAMING&title=&queryID=8F61A2C9A9D0CD16EB107E537319FFEE&position=643","https://uk.static.webuy.com/resize_images/Gaming/Playstation5%20Software/4020628681852_m.jpg","5","Dead Island 2 Hell-A Edition w/Map, 6x Cards, 2x Pins & 1x Patch (No DLC)","£30.00","https://uk.webuy.com/sell/product-detail?id=4020628681852&categoryName=PLAYSTATION5-GAMES&superCatName=GAMING&title=&queryID=8F61A2C9A9D0CD16EB107E537319FFEE&position=643","£19.00","Trade in for Voucher","£13.00","Trade in for Cash"
"https://uk.webuy.com/product-detail?id=4020628680336&categoryName=PLAYSTATION5-GAMES&superCatName=GAMING&title=&queryID=8F61A2C9A9D0CD16EB107E537319FFEE&position=644","https://uk.static.webuy.com/resize_images/Gaming/Playstation5%20Software/4020628680336_l.jpg","5","Iron Harvest Complete Edition","£10.00","https://uk.webuy.com/sell/product-detail?id=4020628680336&categoryName=PLAYSTATION5-GAMES&superCatName=GAMING&title=&queryID=8F61A2C9A9D0CD16EB107E537319FFEE&position=644","£6.00","Trade in for Voucher","£4.00","Trade in for Cash"
"https://uk.webuy.com/product-detail?id=4020628574222&categoryName=PLAYSTATION5-GAMES&superCatName=GAMING&title=&queryID=8F61A2C9A9D0CD16EB107E537319FFEE&position=645","https://uk.static.webuy.com/resize_images/Gaming/Playstation5%20Software/4020628574222_l.jpg","5","Dead Island 2: Ultimate Edition","£30.00","https://uk.webuy.com/sell/product-detail?id=4020628574222&categoryName=PLAYSTATION5-GAMES&superCatName=GAMING&title=&queryID=8F61A2C9A9D0CD16EB107E537319FFEE&position=645","£19.00","Trade in for Voucher","£13.00","Trade in for Cash"
"https://uk.webuy.com/product-detail?id=3760156488943&categoryName=PLAYSTATION5-GAMES&superCatName=GAMING&title=&queryID=8F61A2C9A9D0CD16EB107E537319FFEE&position=646","https://uk.static.webuy.com/resize_images/Gaming/Playstation5%20Software/3760156488943_l.jpg","5","Gear Club Unlimited 2","£30.00","https://uk.webuy.com/sell/product-detail?id=3760156488943&categoryName=PLAYSTATION5-GAMES&superCatName=GAMING&title=&queryID=8F61A2C9A9D0CD16EB107E537319FFEE&position=646","£19.00","Trade in for Voucher","£13.00","Trade in for Cash"
"https://uk.webuy.com/product-detail?id=3665962017137&categoryName=PLAYSTATION5-GAMES&superCatName=GAMING&title=&queryID=351F0C9A2379440D68B041EA14BB1573&position=647","https://uk.static.webuy.com/resize_images/Gaming/Playstation5%20Software/3665962017137_l.jpg","5","Train Life: A Railway Simulator","£15.00","https://uk.webuy.com/sell/product-detail?id=3665962017137&categoryName=PLAYSTATION5-GAMES&superCatName=GAMING&title=&queryID=351F0C9A2379440D68B041EA14BB1573&position=647","£9.00","Trade in for Voucher","£6.00","Trade in for Cash"
"https://uk.webuy.com/product-detail?id=3391892037111&categoryName=PLAYSTATION5-GAMES&superCatName=GAMING&title=&queryID=351F0C9A2379440D68B041EA14BB1573&position=648","https://uk.static.webuy.com/resize_images/Gaming/Playstation5%20Software/3391892037111_l.jpg","5","Pac-Man World 2: Re-PAC","£28.00","https://uk.webuy.com/sell/product-detail?id=3391892037111&categoryName=PLAYSTATION5-GAMES&superCatName=GAMING&title=&queryID=351F0C9A2379440D68B041EA14BB1573&position=648","£18.00","Trade in for Voucher","£12.00","Trade in for Cash"
"https://uk.webuy.com/product-detail?id=3391892037029&categoryName=PLAYSTATION5-GAMES&superCatName=GAMING&title=&queryID=351F0C9A2379440D68B041EA14BB1573&position=649","https://uk.static.webuy.com/resize_images/Gaming/Playstation5%20Software/3391892037029_l.jpg","5","Once Upon A Katamari","£25.00","https://uk.webuy.com/sell/product-detail?id=3391892037029&categoryName=PLAYSTATION5-GAMES&superCatName=GAMING&title=&queryID=351F0C9A2379440D68B041EA14BB1573&position=649","£16.00","Trade in for Voucher","£11.00","Trade in for Cash"
"https://uk.webuy.com/product-detail?id=5016488138666&categoryName=PLAYSTATION5-GAMES&superCatName=GAMING&title=&queryID=351F0C9A2379440D68B041EA14BB1573&position=650","https://uk.static.webuy.com/resize_images/Gaming/Playstation5%20Software/5016488138666_l.jpg","4.8","Train Sim World 2: Rush Hour (No DLC)","£12.00","https://uk.webuy.com/sell/product-detail?id=5016488138666&categoryName=PLAYSTATION5-GAMES&superCatName=GAMING&title=&queryID=351F0C9A2379440D68B041EA14BB1573&position=650","£7.00","Trade in for Voucher","£5.00","Trade in for Cash"
"https://uk.webuy.com/product-detail?id=8023171046358&categoryName=PLAYSTATION5-GAMES&superCatName=GAMING&title=&queryID=351F0C9A2379440D68B041EA14BB1573&position=651","https://uk.static.webuy.com/resize_images/Gaming/Playstation5%20Software/8023171046358_l.jpg","4.7","Miasma Chronicles","£10.00","https://uk.webuy.com/sell/product-detail?id=8023171046358&categoryName=PLAYSTATION5-GAMES&superCatName=GAMING&title=&queryID=351F0C9A2379440D68B041EA14BB1573&position=651","£6.00","Trade in for Voucher","£4.00","Trade in for Cash"
"https://uk.webuy.com/product-detail?id=764460630510&categoryName=PLAYSTATION5-GAMES&superCatName=GAMING&title=&queryID=351F0C9A2379440D68B041EA14BB1573&position=652","https://uk.static.webuy.com/product_images/Gaming/Playstation5%20Software/764460630510_l.jpg","4.7","Dakar Desert Rally","£20.00","https://uk.webuy.com/sell/product-detail?id=764460630510&categoryName=PLAYSTATION5-GAMES&superCatName=GAMING&title=&queryID=351F0C9A2379440D68B041EA14BB1573&position=652","£13.00","Trade in for Voucher","£9.00","Trade in for Cash"
"https://uk.webuy.com/product-detail?id=5061005780750&categoryName=PLAYSTATION5-GAMES&superCatName=GAMING&title=&queryID=351F0C9A2379440D68B041EA14BB1573&position=653","https://uk.static.webuy.com/resize_images/Gaming/Playstation5%20Software/5061005780750_l.jpg","4.7","Tennis On-Court (PSVR2)","£10.00","https://uk.webuy.com/sell/product-detail?id=5061005780750&categoryName=PLAYSTATION5-GAMES&superCatName=GAMING&title=&queryID=351F0C9A2379440D68B041EA14BB1573&position=653","£6.00","Trade in for Voucher","£4.00","Trade in for Cash"
"https://uk.webuy.com/product-detail?id=5056208818980&categoryName=PLAYSTATION5-GAMES&superCatName=GAMING&title=&queryID=351F0C9A2379440D68B041EA14BB1573&position=654","https://uk.static.webuy.com/product_images/Gaming/Playstation5%20Software/5056208818980_l.jpg","4.7","Killer Frequency","£15.00","https://uk.webuy.com/sell/product-detail?id=5056208818980&categoryName=PLAYSTATION5-GAMES&superCatName=GAMING&title=&queryID=351F0C9A2379440D68B041EA14BB1573&position=654","£9.00","Trade in for Voucher","£6.00","Trade in for Cash"
"https://uk.webuy.com/product-detail?id=5060522097365&categoryName=PLAYSTATION5-GAMES&superCatName=GAMING&title=&queryID=351F0C9A2379440D68B041EA14BB1573&position=655","https://uk.static.webuy.com/resize_images/Gaming/Playstation5%20Software/5060522097365_l.jpg","4.5","Persistence Enhanced, The","£6.00","https://uk.webuy.com/sell/product-detail?id=5060522097365&categoryName=PLAYSTATION5-GAMES&superCatName=GAMING&title=&queryID=351F0C9A2379440D68B041EA14BB1573&position=655","£3.00","Trade in for Voucher","£2.00","Trade in for Cash"
"https://uk.webuy.com/product-detail?id=5016488137485&categoryName=PLAYSTATION5-GAMES&superCatName=GAMING&title=&queryID=351F0C9A2379440D68B041EA14BB1573&position=656","https://uk.static.webuy.com/product_images/Gaming/Playstation5%20Software/5016488137485_l.jpg","4.5","Forgotten City, The","£22.00","https://uk.webuy.com/sell/product-detail?id=5016488137485&categoryName=PLAYSTATION5-GAMES&superCatName=GAMING&title=&queryID=351F0C9A2379440D68B041EA14BB1573&position=656","£14.00","Trade in for Voucher","£10.00","Trade in for Cash"
"https://uk.webuy.com/product-detail?id=5061005780958&categoryName=PLAYSTATION5-GAMES&superCatName=GAMING&title=&queryID=351F0C9A2379440D68B041EA14BB1573&position=657","https://uk.static.webuy.com/resize_images/Gaming/Playstation5%20Software/5061005780958_l.jpg","4.3","Vertigo 2 (PSVR2)","£10.00","https://uk.webuy.com/sell/product-detail?id=5061005780958&categoryName=PLAYSTATION5-GAMES&superCatName=GAMING&title=&queryID=351F0C9A2379440D68B041EA14BB1573&position=657","£6.00","Trade in for Voucher","£4.00","Trade in for Cash"
"https://uk.webuy.com/product-detail?id=3391892020694&categoryName=PLAYSTATION5-GAMES&superCatName=GAMING&title=&queryID=351F0C9A2379440D68B041EA14BB1573&position=658","https://uk.static.webuy.com/resize_images/Gaming/Playstation5%20Software/3391892020694_l.jpg","4.3","JoJo's Bizarre Adventure: All Star Battle R","£22.00","https://uk.webuy.com/sell/product-detail?id=3391892020694&categoryName=PLAYSTATION5-GAMES&superCatName=GAMING&title=&queryID=351F0C9A2379440D68B041EA14BB1573&position=658","£14.00","Trade in for Voucher","£10.00","Trade in for Cash"
"https://uk.webuy.com/product-detail?id=5021290094697&categoryName=PLAYSTATION5-GAMES&superCatName=GAMING&title=&queryID=351F0C9A2379440D68B041EA14BB1573&position=659","https://uk.static.webuy.com/resize_images/Gaming/Playstation5%20Software/5021290094697_l.jpg","4","Tactics Ogre: Reborn","£15.00","https://uk.webuy.com/sell/product-detail?id=5021290094697&categoryName=PLAYSTATION5-GAMES&superCatName=GAMING&title=&queryID=351F0C9A2379440D68B041EA14BB1573&position=659","£9.00","Trade in for Voucher","£6.00","Trade in for Cash"
"https://uk.webuy.com/product-detail?id=5016488136945&categoryName=PLAYSTATION5-GAMES&superCatName=GAMING&title=&queryID=351F0C9A2379440D68B041EA14BB1573&position=660","https://uk.static.webuy.com/resize_images/Gaming/Playstation5%20Software/5016488136945_l.jpg","4","Override 2: Super Mech League (No DLC)","£8.00","https://uk.webuy.com/sell/product-detail?id=5016488136945&categoryName=PLAYSTATION5-GAMES&superCatName=GAMING&title=&queryID=351F0C9A2379440D68B041EA14BB1573&position=660","£5.00","Trade in for Voucher","£3.00","Trade in for Cash"
"https://uk.webuy.com/product-detail?id=3665962004694&categoryName=PLAYSTATION5-GAMES&superCatName=GAMING&title=&queryID=351F0C9A2379440D68B041EA14BB1573&position=661","https://uk.static.webuy.com/resize_images/Gaming/Playstation5%20Software/3665962004694_l.jpg","3.8","Warhammer: Chaosbane Slayer Edition","£8.00","https://uk.webuy.com/sell/product-detail?id=3665962004694&categoryName=PLAYSTATION5-GAMES&superCatName=GAMING&title=&queryID=351F0C9A2379440D68B041EA14BB1573&position=661","£5.00","Trade in for Voucher","£3.00","Trade in for Cash"
"https://uk.webuy.com/product-detail?id=5016488140263&categoryName=PLAYSTATION5-GAMES&superCatName=GAMING&title=&queryID=351F0C9A2379440D68B041EA14BB1573&position=662","https://uk.static.webuy.com/resize_images/Gaming/Playstation5%20Software/5016488140263_l.jpg","3.5","Afterimage (No DLC)","£15.00","https://uk.webuy.com/sell/product-detail?id=5016488140263&categoryName=PLAYSTATION5-GAMES&superCatName=GAMING&title=&queryID=351F0C9A2379440D68B041EA14BB1573&position=662","£9.00","Trade in for Voucher","£6.00","Trade in for Cash"
"https://uk.webuy.com/product-detail?id=4020628700317&categoryName=PLAYSTATION5-GAMES&superCatName=GAMING&title=&queryID=351F0C9A2379440D68B041EA14BB1573&position=663","https://uk.static.webuy.com/resize_images/Gaming/Playstation5%20Software/4020628700317_l.jpg","3.5","Spacebase Startopia","£6.00","https://uk.webuy.com/sell/product-detail?id=4020628700317&categoryName=PLAYSTATION5-GAMES&superCatName=GAMING&title=&queryID=351F0C9A2379440D68B041EA14BB1573&position=663","£3.00","Trade in for Voucher","£2.00","Trade in for Cash"
"https://uk.webuy.com/product-detail?id=3760156489988&categoryName=PLAYSTATION5-GAMES&superCatName=GAMING&title=&queryID=20E036AF640B93E748CD774202BEC527&position=664","https://uk.static.webuy.com/resize_images/Gaming/Playstation5%20Software/3760156489988_l.jpg","3.5","Smurfs, The: Mission ViLeaf","£12.00","https://uk.webuy.com/sell/product-detail?id=3760156489988&categoryName=PLAYSTATION5-GAMES&superCatName=GAMING&title=&queryID=20E036AF640B93E748CD774202BEC527&position=664","£7.00","Trade in for Voucher","£5.00","Trade in for Cash"
"https://uk.webuy.com/product-detail?id=5060528038300&categoryName=PLAYSTATION5-GAMES&superCatName=GAMING&title=&queryID=20E036AF640B93E748CD774202BEC527&position=665","https://uk.static.webuy.com/resize_images/Gaming/Playstation5%20Software/5060528038300_l.jpg","3.3","Star Trek Prodigy: Supernova","£10.00","https://uk.webuy.com/sell/product-detail?id=5060528038300&categoryName=PLAYSTATION5-GAMES&superCatName=GAMING&title=&queryID=20E036AF640B93E748CD774202BEC527&position=665","£6.00","Trade in for Voucher","£4.00","Trade in for Cash"
"https://uk.webuy.com/product-detail?id=8437021082142&categoryName=PLAYSTATION5-GAMES&superCatName=GAMING&title=&queryID=20E036AF640B93E748CD774202BEC527&position=666","https://uk.static.webuy.com/resize_images/Gaming/Playstation5%20Software/8437021082142_l.jpg","3","Horror Tales: The Wine","£15.00","https://uk.webuy.com/sell/product-detail?id=8437021082142&categoryName=PLAYSTATION5-GAMES&superCatName=GAMING&title=&queryID=20E036AF640B93E748CD774202BEC527&position=666","£9.00","Trade in for Voucher","£6.00","Trade in for Cash"
"https://uk.webuy.com/product-detail?id=5060522099598&categoryName=PLAYSTATION5-GAMES&superCatName=GAMING&title=&queryID=20E036AF640B93E748CD774202BEC527&position=667","https://uk.static.webuy.com/resize_images/Gaming/Playstation5%20Software/5060522099598_l.jpg","1","Broken Pieces","£12.00","https://uk.webuy.com/sell/product-detail?id=5060522099598&categoryName=PLAYSTATION5-GAMES&superCatName=GAMING&title=&queryID=20E036AF640B93E748CD774202BEC527&position=667","£7.00","Trade in for Voucher","£5.00","Trade in for Cash"
"https://uk.webuy.com/product-detail?id=9120131600885&categoryName=PLAYSTATION5-GAMES&superCatName=GAMING&title=&queryID=20E036AF640B93E748CD774202BEC527&position=668","https://uk.static.webuy.com/resize_images/Gaming/Playstation5%20Software/9120131600885_l.jpg","","SpellForce: Conquest of Eo","£8.00","https://uk.webuy.com/sell/product-detail?id=9120131600885&categoryName=PLAYSTATION5-GAMES&superCatName=GAMING&title=&queryID=20E036AF640B93E748CD774202BEC527&position=668","£5.00","Trade in for Voucher","£3.00","Trade in for Cash"
"https://uk.webuy.com/product-detail?id=8720254990071&categoryName=PLAYSTATION5-GAMES&superCatName=GAMING&title=&queryID=20E036AF640B93E748CD774202BEC527&position=669","https://uk.static.webuy.com/resize_images/Gaming/Playstation5%20Software/8720254990071_l.jpg","","WWI Tannenberg: Eastern Front","£12.00","https://uk.webuy.com/sell/product-detail?id=8720254990071&categoryName=PLAYSTATION5-GAMES&superCatName=GAMING&title=&queryID=20E036AF640B93E748CD774202BEC527&position=669","£7.00","Trade in for Voucher","£5.00","Trade in for Cash"
"https://uk.webuy.com/product-detail?id=8718591189319&categoryName=PLAYSTATION5-GAMES&superCatName=GAMING&title=&queryID=20E036AF640B93E748CD774202BEC527&position=670","https://uk.static.webuy.com/resize_images/Gaming/Playstation5%20Software/8718591189319_l.jpg","","9th Charnel, The","£25.00","https://uk.webuy.com/sell/product-detail?id=8718591189319&categoryName=PLAYSTATION5-GAMES&superCatName=GAMING&title=&queryID=20E036AF640B93E748CD774202BEC527&position=670","£16.00","Trade in for Voucher","£11.00","Trade in for Cash"
"https://uk.webuy.com/product-detail?id=8718591188381&categoryName=PLAYSTATION5-GAMES&superCatName=GAMING&title=&queryID=20E036AF640B93E748CD774202BEC527&position=671","https://uk.static.webuy.com/resize_images/Gaming/Playstation5%20Software/8718591188381_l.jpg","","Saint Kotar","£6.00","https://uk.webuy.com/sell/product-detail?id=8718591188381&categoryName=PLAYSTATION5-GAMES&superCatName=GAMING&title=&queryID=20E036AF640B93E748CD774202BEC527&position=671","£3.00","Trade in for Voucher","£2.00","Trade in for Cash"
"https://uk.webuy.com/product-detail?id=8437024411338&categoryName=PLAYSTATION5-GAMES&superCatName=GAMING&title=&queryID=20E036AF640B93E748CD774202BEC527&position=672","https://uk.static.webuy.com/resize_images/Gaming/Playstation5%20Software/8437024411338_l.jpg","","Shame Legacy","£12.00","https://uk.webuy.com/sell/product-detail?id=8437024411338&categoryName=PLAYSTATION5-GAMES&superCatName=GAMING&title=&queryID=20E036AF640B93E748CD774202BEC527&position=672","£7.00","Trade in for Voucher","£5.00","Trade in for Cash"
"https://uk.webuy.com/product-detail?id=810100863302&categoryName=PLAYSTATION5-GAMES&superCatName=GAMING&title=&queryID=20E036AF640B93E748CD774202BEC527&position=673","https://uk.static.webuy.com/product_images/Gaming/Playstation5%20Software/810100863302_l.jpg","","Legend of Heroes, The: Trails through Daybreak (No OST/Artbook)","£45.00","https://uk.webuy.com/sell/product-detail?id=810100863302&categoryName=PLAYSTATION5-GAMES&superCatName=GAMING&title=&queryID=20E036AF640B93E748CD774202BEC527&position=673","£29.00","Trade in for Voucher","£20.00","Trade in for Cash"
"https://uk.webuy.com/product-detail?id=8057168501803&categoryName=PLAYSTATION5-GAMES&superCatName=GAMING&title=&queryID=20E036AF640B93E748CD774202BEC527&position=674","https://uk.static.webuy.com/resize_images/Gaming/Playstation5%20Software/8057168501803_l.jpg","","Monster Energy Supercross 4","£12.00","https://uk.webuy.com/sell/product-detail?id=8057168501803&categoryName=PLAYSTATION5-GAMES&superCatName=GAMING&title=&queryID=20E036AF640B93E748CD774202BEC527&position=674","£7.00","Trade in for Voucher","£5.00","Trade in for Cash"
"https://uk.webuy.com/product-detail?id=7350002938751&categoryName=PLAYSTATION5-GAMES&superCatName=GAMING&title=&queryID=20E036AF640B93E748CD774202BEC527&position=675","https://uk.static.webuy.com/product_images/Gaming/Playstation5%20Software/7350002938751_l.jpg","","Ender Magnolia","£28.00","https://uk.webuy.com/sell/product-detail?id=7350002938751&categoryName=PLAYSTATION5-GAMES&superCatName=GAMING&title=&queryID=20E036AF640B93E748CD774202BEC527&position=675","£18.00","Trade in for Voucher","£12.00","Trade in for Cash"
"https://uk.webuy.com/product-detail?id=5061078710791&categoryName=PLAYSTATION5-GAMES&superCatName=GAMING&title=&queryID=20E036AF640B93E748CD774202BEC527&position=676","https://uk.static.webuy.com/resize_images/Gaming/Playstation5%20Software/5061078710791_l.jpg","","Ninja Gaiden: Ragebound","£22.00","https://uk.webuy.com/sell/product-detail?id=5061078710791&categoryName=PLAYSTATION5-GAMES&superCatName=GAMING&title=&queryID=20E036AF640B93E748CD774202BEC527&position=676","£14.00","Trade in for Voucher","£10.00","Trade in for Cash"
"https://uk.webuy.com/product-detail?id=5061077020556&categoryName=PLAYSTATION5-GAMES&superCatName=GAMING&title=&queryID=20E036AF640B93E748CD774202BEC527&position=677","https://uk.static.webuy.com/resize_images/Gaming/Playstation5%20Software/5061077020556_l.jpg","","Terminator 2D: NO FATE Col. Ed. w/Weight, Token, 3x Books, 2x Posters & SB","£120.00","https://uk.webuy.com/sell/product-detail?id=5061077020556&categoryName=PLAYSTATION5-GAMES&superCatName=GAMING&title=&queryID=20E036AF640B93E748CD774202BEC527&position=677","£78.00","Trade in for Voucher","£55.00","Trade in for Cash"
"https://uk.webuy.com/product-detail?id=5061005781757&categoryName=PLAYSTATION5-GAMES&superCatName=GAMING&title=&queryID=20E036AF640B93E748CD774202BEC527&position=678","https://uk.static.webuy.com/resize_images/Gaming/Playstation5%20Software/5061005781757_l.jpg","","Steel Seed","£25.00","https://uk.webuy.com/sell/product-detail?id=5061005781757&categoryName=PLAYSTATION5-GAMES&superCatName=GAMING&title=&queryID=20E036AF640B93E748CD774202BEC527&position=678","£16.00","Trade in for Voucher","£11.00","Trade in for Cash"
"https://uk.webuy.com/product-detail?id=5061005781658&categoryName=PLAYSTATION5-GAMES&superCatName=GAMING&title=&queryID=20E036AF640B93E748CD774202BEC527&position=679","https://uk.static.webuy.com/resize_images/Gaming/Playstation5%20Software/5061005781658_l.jpg","","Finding Frankie","£22.00","https://uk.webuy.com/sell/product-detail?id=5061005781658&categoryName=PLAYSTATION5-GAMES&superCatName=GAMING&title=&queryID=20E036AF640B93E748CD774202BEC527&position=679","£14.00","Trade in for Voucher","£10.00","Trade in for Cash"
"https://uk.webuy.com/product-detail?id=5061005781504&categoryName=PLAYSTATION5-GAMES&superCatName=GAMING&title=&queryID=20E036AF640B93E748CD774202BEC527&position=680","https://uk.static.webuy.com/resize_images/Gaming/Playstation5%20Software/5061005781504_l.jpg","","Rogue Flight","£20.00","https://uk.webuy.com/sell/product-detail?id=5061005781504&categoryName=PLAYSTATION5-GAMES&superCatName=GAMING&title=&queryID=20E036AF640B93E748CD774202BEC527&position=680","£13.00","Trade in for Voucher","£9.00","Trade in for Cash"
"https://uk.webuy.com/product-detail?id=5061005781306&categoryName=PLAYSTATION5-GAMES&superCatName=GAMING&title=&queryID=3C3A5E12C5466BBE52D0C44C7DC5C910&position=681","https://uk.static.webuy.com/resize_images/Gaming/Playstation5%20Software/5061005781306_l.jpg","","Retropolis 2: Never Say Goodbye (PSVR2)","£20.00","https://uk.webuy.com/sell/product-detail?id=5061005781306&categoryName=PLAYSTATION5-GAMES&superCatName=GAMING&title=&queryID=3C3A5E12C5466BBE52D0C44C7DC5C910&position=681","£13.00","Trade in for Voucher","£9.00","Trade in for Cash"
"https://uk.webuy.com/product-detail?id=5061005781252&categoryName=PLAYSTATION5-GAMES&superCatName=GAMING&title=&queryID=3C3A5E12C5466BBE52D0C44C7DC5C910&position=682","https://uk.static.webuy.com/resize_images/Gaming/Playstation5%20Software/5061005781252_l.jpg","","Withering Rooms","£18.00","https://uk.webuy.com/sell/product-detail?id=5061005781252&categoryName=PLAYSTATION5-GAMES&superCatName=GAMING&title=&queryID=3C3A5E12C5466BBE52D0C44C7DC5C910&position=682","£11.00","Trade in for Voucher","£8.00","Trade in for Cash"
"https://uk.webuy.com/product-detail?id=5061005780606&categoryName=PLAYSTATION5-GAMES&superCatName=GAMING&title=&queryID=3C3A5E12C5466BBE52D0C44C7DC5C910&position=683","https://uk.static.webuy.com/resize_images/Gaming/Playstation5%20Software/5061005780606_l.jpg","","Enchanted Portals - Tales Edition","£10.00","https://uk.webuy.com/sell/product-detail?id=5061005780606&categoryName=PLAYSTATION5-GAMES&superCatName=GAMING&title=&queryID=3C3A5E12C5466BBE52D0C44C7DC5C910&position=683","£6.00","Trade in for Voucher","£4.00","Trade in for Cash"
"https://uk.webuy.com/product-detail?id=5061005355491&categoryName=PLAYSTATION5-GAMES&superCatName=GAMING&title=&queryID=3C3A5E12C5466BBE52D0C44C7DC5C910&position=684","https://uk.static.webuy.com/resize_images/Gaming/Playstation5%20Software/5061005355491_l.jpg","","NBA Bounce","£15.00","https://uk.webuy.com/sell/product-detail?id=5061005355491&categoryName=PLAYSTATION5-GAMES&superCatName=GAMING&title=&queryID=3C3A5E12C5466BBE52D0C44C7DC5C910&position=684","£5.00","Trade in for Voucher","£3.00","Trade in for Cash"
"https://uk.webuy.com/product-detail?id=5061005353664&categoryName=PLAYSTATION5-GAMES&superCatName=GAMING&title=&queryID=3C3A5E12C5466BBE52D0C44C7DC5C910&position=685","https://uk.static.webuy.com/resize_images/Gaming/Playstation5%20Software/5061005353664_l.jpg","","Matchbox Driving Adventures","£6.00","https://uk.webuy.com/sell/product-detail?id=5061005353664&categoryName=PLAYSTATION5-GAMES&superCatName=GAMING&title=&queryID=3C3A5E12C5466BBE52D0C44C7DC5C910&position=685","£3.00","Trade in for Voucher","£2.00","Trade in for Cash"
"https://uk.webuy.com/product-detail?id=5061005352353&categoryName=PLAYSTATION5-GAMES&superCatName=GAMING&title=&queryID=3C3A5E12C5466BBE52D0C44C7DC5C910&position=686","https://uk.static.webuy.com/resize_images/Gaming/Playstation5%20Software/5061005352353_l.jpg","","PJ Masks Power Heroes: Mighty Alliance","£10.00","https://uk.webuy.com/sell/product-detail?id=5061005352353&categoryName=PLAYSTATION5-GAMES&superCatName=GAMING&title=&queryID=3C3A5E12C5466BBE52D0C44C7DC5C910&position=686","£6.00","Trade in for Voucher","£4.00","Trade in for Cash"
"https://uk.webuy.com/product-detail?id=5060968302276&categoryName=PLAYSTATION5-GAMES&superCatName=GAMING&title=&queryID=3C3A5E12C5466BBE52D0C44C7DC5C910&position=687","https://uk.static.webuy.com/resize_images/Gaming/Playstation5%20Software/5060968302276_l.jpg","","Karate Kid, The: Street Rumble","£8.00","https://uk.webuy.com/sell/product-detail?id=5060968302276&categoryName=PLAYSTATION5-GAMES&superCatName=GAMING&title=&queryID=3C3A5E12C5466BBE52D0C44C7DC5C910&position=687","£5.00","Trade in for Voucher","£3.00","Trade in for Cash"
"https://uk.webuy.com/product-detail?id=5060690796145&categoryName=PLAYSTATION5-GAMES&superCatName=GAMING&title=&queryID=3C3A5E12C5466BBE52D0C44C7DC5C910&position=688","https://uk.static.webuy.com/resize_images/Gaming/Playstation5%20Software/5060690796145_l.jpg","","Potion Permit","£8.00","https://uk.webuy.com/sell/product-detail?id=5060690796145&categoryName=PLAYSTATION5-GAMES&superCatName=GAMING&title=&queryID=3C3A5E12C5466BBE52D0C44C7DC5C910&position=688","£5.00","Trade in for Voucher","£3.00","Trade in for Cash"
"https://uk.webuy.com/product-detail?id=5060540772435&categoryName=PLAYSTATION5-GAMES&superCatName=GAMING&title=&queryID=3C3A5E12C5466BBE52D0C44C7DC5C910&position=689","https://uk.static.webuy.com/product_images/Gaming/Playstation5%20Software/5060540772435_l.jpg","","Farmagia","£15.00","https://uk.webuy.com/sell/product-detail?id=5060540772435&categoryName=PLAYSTATION5-GAMES&superCatName=GAMING&title=&queryID=3C3A5E12C5466BBE52D0C44C7DC5C910&position=689","£9.00","Trade in for Voucher","£6.00","Trade in for Cash"
"https://uk.webuy.com/product-detail?id=5060264378210&categoryName=PLAYSTATION5-GAMES&superCatName=GAMING&title=&queryID=3C3A5E12C5466BBE52D0C44C7DC5C910&position=690","https://uk.static.webuy.com/resize_images/Gaming/Playstation5%20Software/5060264378210_l.jpg","","Spells & Secrets","£8.00","https://uk.webuy.com/sell/product-detail?id=5060264378210&categoryName=PLAYSTATION5-GAMES&superCatName=GAMING&title=&queryID=3C3A5E12C5466BBE52D0C44C7DC5C910&position=690","£5.00","Trade in for Voucher","£3.00","Trade in for Cash"
"https://uk.webuy.com/product-detail?id=5060264377343&categoryName=PLAYSTATION5-GAMES&superCatName=GAMING&title=&queryID=3C3A5E12C5466BBE52D0C44C7DC5C910&position=691","https://uk.static.webuy.com/resize_images/Gaming/Playstation5%20Software/5060264377343_l.jpg","","Let's Build A Zoo","£18.00","https://uk.webuy.com/sell/product-detail?id=5060264377343&categoryName=PLAYSTATION5-GAMES&superCatName=GAMING&title=&queryID=3C3A5E12C5466BBE52D0C44C7DC5C910&position=691","£11.00","Trade in for Voucher","£8.00","Trade in for Cash"
"https://uk.webuy.com/product-detail?id=5056722400111&categoryName=PLAYSTATION5-GAMES&superCatName=GAMING&title=&queryID=3C3A5E12C5466BBE52D0C44C7DC5C910&position=692","https://uk.static.webuy.com/resize_images/Gaming/Playstation5%20Software/5056722400111_l.jpg","","Dead Reset","£22.00","https://uk.webuy.com/sell/product-detail?id=5056722400111&categoryName=PLAYSTATION5-GAMES&superCatName=GAMING&title=&queryID=3C3A5E12C5466BBE52D0C44C7DC5C910&position=692","£14.00","Trade in for Voucher","£10.00","Trade in for Cash"
"https://uk.webuy.com/product-detail?id=5056722400005&categoryName=PLAYSTATION5-GAMES&superCatName=GAMING&title=&queryID=3C3A5E12C5466BBE52D0C44C7DC5C910&position=693","https://uk.static.webuy.com/resize_images/Gaming/Playstation5%20Software/5056722400005_l.jpg","","Maid of Sker","£12.00","https://uk.webuy.com/sell/product-detail?id=5056722400005&categoryName=PLAYSTATION5-GAMES&superCatName=GAMING&title=&queryID=3C3A5E12C5466BBE52D0C44C7DC5C910&position=693","£7.00","Trade in for Voucher","£5.00","Trade in for Cash"
"https://uk.webuy.com/product-detail?id=5056635614131&categoryName=PLAYSTATION5-GAMES&superCatName=GAMING&title=&queryID=3C3A5E12C5466BBE52D0C44C7DC5C910&position=694","https://uk.static.webuy.com/product_images/Gaming/Playstation5%20Software/5056635614131_l.jpg","","Yasha: Legends of the Demon Blade","£15.00","https://uk.webuy.com/sell/product-detail?id=5056635614131&categoryName=PLAYSTATION5-GAMES&superCatName=GAMING&title=&queryID=3C3A5E12C5466BBE52D0C44C7DC5C910&position=694","£9.00","Trade in for Voucher","£6.00","Trade in for Cash"
"https://uk.webuy.com/product-detail?id=5056635613752&categoryName=PLAYSTATION5-GAMES&superCatName=GAMING&title=&queryID=3C3A5E12C5466BBE52D0C44C7DC5C910&position=695","https://uk.static.webuy.com/resize_images/Gaming/Playstation5%20Software/5056635613752_l.jpg","","Legacy of Kain: Soul Reaver 1 & 2 Remastered Deluxe Ed.w/Artbook, OST & SB","£42.00","https://uk.webuy.com/sell/product-detail?id=5056635613752&categoryName=PLAYSTATION5-GAMES&superCatName=GAMING&title=&queryID=3C3A5E12C5466BBE52D0C44C7DC5C910&position=695","£27.00","Trade in for Voucher","£19.00","Trade in for Cash"
"https://uk.webuy.com/product-detail?id=5056635611888&categoryName=PLAYSTATION5-GAMES&superCatName=GAMING&title=&queryID=3C3A5E12C5466BBE52D0C44C7DC5C910&position=696","https://uk.static.webuy.com/resize_images/Gaming/Playstation5%20Software/5056635611888_l.jpg","","Honkai: Star Rail Trailblazer Ed. w/9x Cards & 2x Keychain (No DLC)","£28.00","https://uk.webuy.com/sell/product-detail?id=5056635611888&categoryName=PLAYSTATION5-GAMES&superCatName=GAMING&title=&queryID=3C3A5E12C5466BBE52D0C44C7DC5C910&position=696","£18.00","Trade in for Voucher","£12.00","Trade in for Cash"
"https://uk.webuy.com/product-detail?id=5056635607676&categoryName=PLAYSTATION5-GAMES&superCatName=GAMING&title=&queryID=3C3A5E12C5466BBE52D0C44C7DC5C910&position=697","https://uk.static.webuy.com/resize_images/Gaming/Playstation5%20Software/5056635607676_l.jpg","","Last Faith, The","£25.00","https://uk.webuy.com/sell/product-detail?id=5056635607676&categoryName=PLAYSTATION5-GAMES&superCatName=GAMING&title=&queryID=3C3A5E12C5466BBE52D0C44C7DC5C910&position=697","£16.00","Trade in for Voucher","£11.00","Trade in for Cash"
"https://uk.webuy.com/product-detail?id=5056635600585&categoryName=PLAYSTATION5-GAMES&superCatName=GAMING&title=&queryID=54041F1AE0C6619F24A52500077EAA9E&position=698","https://uk.static.webuy.com/resize_images/Gaming/Playstation5%20Software/5056635600585_l.jpg","","Prodeus","£15.00","https://uk.webuy.com/sell/product-detail?id=5056635600585&categoryName=PLAYSTATION5-GAMES&superCatName=GAMING&title=&queryID=54041F1AE0C6619F24A52500077EAA9E&position=698","£9.00","Trade in for Voucher","£6.00","Trade in for Cash"
"https://uk.webuy.com/product-detail?id=5056635600462&categoryName=PLAYSTATION5-GAMES&superCatName=GAMING&title=&queryID=54041F1AE0C6619F24A52500077EAA9E&position=699","https://uk.static.webuy.com/resize_images/Gaming/Playstation5%20Software/5056635600462_l.jpg","","Eternal Cylinder, The","£8.00","https://uk.webuy.com/sell/product-detail?id=5056635600462&categoryName=PLAYSTATION5-GAMES&superCatName=GAMING&title=&queryID=54041F1AE0C6619F24A52500077EAA9E&position=699","£5.00","Trade in for Voucher","£3.00","Trade in for Cash"
"https://uk.webuy.com/product-detail?id=5056208823700&categoryName=PLAYSTATION5-GAMES&superCatName=GAMING&title=&queryID=54041F1AE0C6619F24A52500077EAA9E&position=700","https://uk.static.webuy.com/resize_images/Gaming/Playstation5%20Software/5056208823700_l.jpg","","Shadows Of Doubt","£10.00","https://uk.webuy.com/sell/product-detail?id=5056208823700&categoryName=PLAYSTATION5-GAMES&superCatName=GAMING&title=&queryID=54041F1AE0C6619F24A52500077EAA9E&position=700","£6.00","Trade in for Voucher","£4.00","Trade in for Cash"
"https://uk.webuy.com/product-detail?id=5056208823441&categoryName=PLAYSTATION5-GAMES&superCatName=GAMING&title=&queryID=54041F1AE0C6619F24A52500077EAA9E&position=701","https://uk.static.webuy.com/resize_images/Gaming/Playstation5%20Software/5056208823441_l.jpg","","Balatro (Game Only)","£18.00","https://uk.webuy.com/sell/product-detail?id=5056208823441&categoryName=PLAYSTATION5-GAMES&superCatName=GAMING&title=&queryID=54041F1AE0C6619F24A52500077EAA9E&position=701","£11.00","Trade in for Voucher","£8.00","Trade in for Cash"
"https://uk.webuy.com/product-detail?id=5056208811592&categoryName=PLAYSTATION5-GAMES&superCatName=GAMING&title=&queryID=54041F1AE0C6619F24A52500077EAA9E&position=702","https://uk.static.webuy.com/resize_images/Gaming/Playstation5%20Software/5056208811592_l.jpg","","Greak: Memories Of Azur","£8.00","https://uk.webuy.com/sell/product-detail?id=5056208811592&categoryName=PLAYSTATION5-GAMES&superCatName=GAMING&title=&queryID=54041F1AE0C6619F24A52500077EAA9E&position=702","£5.00","Trade in for Voucher","£3.00","Trade in for Cash"
"https://uk.webuy.com/product-detail?id=5055957706494&categoryName=PLAYSTATION5-GAMES&superCatName=GAMING&title=&queryID=54041F1AE0C6619F24A52500077EAA9E&position=703","https://uk.static.webuy.com/resize_images/Gaming/Playstation5%20Software/5055957706494_l.jpg","","Forgive Me Father 2","£28.00","https://uk.webuy.com/sell/product-detail?id=5055957706494&categoryName=PLAYSTATION5-GAMES&superCatName=GAMING&title=&queryID=54041F1AE0C6619F24A52500077EAA9E&position=703","£18.00","Trade in for Voucher","£12.00","Trade in for Cash"
"https://uk.webuy.com/product-detail?id=5055957706463&categoryName=PLAYSTATION5-GAMES&superCatName=GAMING&title=&queryID=54041F1AE0C6619F24A52500077EAA9E&position=704","https://uk.static.webuy.com/product_images/Gaming/Playstation5%20Software/5055957706463_l.jpg","","Maxx Tech Turbo Boost Racing","£25.00","https://uk.webuy.com/sell/product-detail?id=5055957706463&categoryName=PLAYSTATION5-GAMES&superCatName=GAMING&title=&queryID=54041F1AE0C6619F24A52500077EAA9E&position=704","£16.00","Trade in for Voucher","£11.00","Trade in for Cash"
"https://uk.webuy.com/product-detail?id=5051892238410&categoryName=PLAYSTATION5-GAMES&superCatName=GAMING&title=&queryID=54041F1AE0C6619F24A52500077EAA9E&position=705","https://uk.static.webuy.com/resize_images/Gaming/Playstation5%20Software/5051892238410_l.jpg","","Mortal Kombat: The 30th Anniversary Ultimate Edition (2 Disc) No DLC","£28.00","https://uk.webuy.com/sell/product-detail?id=5051892238410&categoryName=PLAYSTATION5-GAMES&superCatName=GAMING&title=&queryID=54041F1AE0C6619F24A52500077EAA9E&position=705","£18.00","Trade in for Voucher","£12.00","Trade in for Cash"
"https://uk.webuy.com/product-detail?id=5016488141901&categoryName=PLAYSTATION5-GAMES&superCatName=GAMING&title=&queryID=54041F1AE0C6619F24A52500077EAA9E&position=706","https://uk.static.webuy.com/resize_images/Gaming/Playstation5%20Software/5016488141901_l.jpg","","Skydance's Behemoth (PSVR2)","£22.00","https://uk.webuy.com/sell/product-detail?id=5016488141901&categoryName=PLAYSTATION5-GAMES&superCatName=GAMING&title=&queryID=54041F1AE0C6619F24A52500077EAA9E&position=706","£14.00","Trade in for Voucher","£10.00","Trade in for Cash"
"https://uk.webuy.com/product-detail?id=5016488137874&categoryName=PLAYSTATION5-GAMES&superCatName=GAMING&title=&queryID=54041F1AE0C6619F24A52500077EAA9E&position=707","https://uk.static.webuy.com/resize_images/Gaming/Playstation5%20Software/5016488137874_l.jpg","","Poker Club","£6.00","https://uk.webuy.com/sell/product-detail?id=5016488137874&categoryName=PLAYSTATION5-GAMES&superCatName=GAMING&title=&queryID=54041F1AE0C6619F24A52500077EAA9E&position=707","£3.00","Trade in for Voucher","£2.00","Trade in for Cash"
"https://uk.webuy.com/product-detail?id=4260458363584&categoryName=PLAYSTATION5-GAMES&superCatName=GAMING&title=&queryID=54041F1AE0C6619F24A52500077EAA9E&position=708","https://uk.static.webuy.com/resize_images/Gaming/Playstation5%20Software/4260458363584_l.jpg","","Inquisitor, The","£20.00","https://uk.webuy.com/sell/product-detail?id=4260458363584&categoryName=PLAYSTATION5-GAMES&superCatName=GAMING&title=&queryID=54041F1AE0C6619F24A52500077EAA9E&position=708","£13.00","Trade in for Voucher","£9.00","Trade in for Cash"
"https://uk.webuy.com/product-detail?id=4020628639464&categoryName=PLAYSTATION5-GAMES&superCatName=GAMING&title=&queryID=54041F1AE0C6619F24A52500077EAA9E&position=709","https://uk.static.webuy.com/resize_images/Gaming/Playstation5%20Software/4020628639464_l.jpg","","Let's Sing 2023 (Game Only)","£12.00","https://uk.webuy.com/sell/product-detail?id=4020628639464&categoryName=PLAYSTATION5-GAMES&superCatName=GAMING&title=&queryID=54041F1AE0C6619F24A52500077EAA9E&position=709","£7.00","Trade in for Voucher","£5.00","Trade in for Cash"
"https://uk.webuy.com/product-detail?id=4015918163347&categoryName=PLAYSTATION5-GAMES&superCatName=GAMING&title=&queryID=54041F1AE0C6619F24A52500077EAA9E&position=710","https://uk.static.webuy.com/product_images/Gaming/Playstation5%20Software/4015918163347_l.jpg","","Heavy Cargo: The Truck Simulator","£30.00","https://uk.webuy.com/sell/product-detail?id=4015918163347&categoryName=PLAYSTATION5-GAMES&superCatName=GAMING&title=&queryID=54041F1AE0C6619F24A52500077EAA9E&position=710","£19.00","Trade in for Voucher","£13.00","Trade in for Cash"
"https://uk.webuy.com/product-detail?id=3760328374500&categoryName=PLAYSTATION5-GAMES&superCatName=GAMING&title=&queryID=54041F1AE0C6619F24A52500077EAA9E&position=711","https://uk.static.webuy.com/resize_images/Gaming/Playstation5%20Software/3760328374500_l.jpg","","Broken Sword - Shadow of the Templars Reforged","£38.00","https://uk.webuy.com/sell/product-detail?id=3760328374500&categoryName=PLAYSTATION5-GAMES&superCatName=GAMING&title=&queryID=54041F1AE0C6619F24A52500077EAA9E&position=711","£24.00","Trade in for Voucher","£17.00","Trade in for Cash"
"https://uk.webuy.com/product-detail?id=3701529518577&categoryName=PLAYSTATION5-GAMES&superCatName=GAMING&title=&queryID=54041F1AE0C6619F24A52500077EAA9E&position=712","https://uk.static.webuy.com/resize_images/Gaming/Playstation5%20Software/3701529518577_l.jpg","","KAKU: Ancient Seal","£22.00","https://uk.webuy.com/sell/product-detail?id=3701529518577&categoryName=PLAYSTATION5-GAMES&superCatName=GAMING&title=&queryID=54041F1AE0C6619F24A52500077EAA9E&position=712","£14.00","Trade in for Voucher","£10.00","Trade in for Cash"
"https://uk.webuy.com/product-detail?id=3701529508417&categoryName=PLAYSTATION5-GAMES&superCatName=GAMING&title=&queryID=54041F1AE0C6619F24A52500077EAA9E&position=713","https://uk.static.webuy.com/resize_images/Gaming/Playstation5%20Software/3701529508417_l.jpg","","Amerzone - The Explorers Legacy","£35.00","https://uk.webuy.com/sell/product-detail?id=3701529508417&categoryName=PLAYSTATION5-GAMES&superCatName=GAMING&title=&queryID=54041F1AE0C6619F24A52500077EAA9E&position=713","£22.00","Trade in for Voucher","£16.00","Trade in for Cash"
"https://uk.webuy.com/product-detail?id=3701529504167&categoryName=PLAYSTATION5-GAMES&superCatName=GAMING&title=&queryID=54041F1AE0C6619F24A52500077EAA9E&position=714","https://uk.static.webuy.com/resize_images/Gaming/Playstation5%20Software/3701529504167_l.jpg","","Front Mission 1st","£18.00","https://uk.webuy.com/sell/product-detail?id=3701529504167&categoryName=PLAYSTATION5-GAMES&superCatName=GAMING&title=&queryID=54041F1AE0C6619F24A52500077EAA9E&position=714","£11.00","Trade in for Voucher","£8.00","Trade in for Cash"
"https://uk.webuy.com/product-detail?id=3701529501296&categoryName=PLAYSTATION5-GAMES&superCatName=GAMING&title=&queryID=6CF1F1B3DBEF2F1516EFB4C953CCDADF&position=715","https://uk.static.webuy.com/resize_images/Gaming/Playstation5%20Software/3701529501296_l.jpg","","Arkanoid Eternal Battle","£12.00","https://uk.webuy.com/sell/product-detail?id=3701529501296&categoryName=PLAYSTATION5-GAMES&superCatName=GAMING&title=&queryID=6CF1F1B3DBEF2F1516EFB4C953CCDADF&position=715","£7.00","Trade in for Voucher","£5.00","Trade in for Cash"
"https://uk.webuy.com/product-detail?id=3665962022278&categoryName=PLAYSTATION5-GAMES&superCatName=GAMING&title=&queryID=6CF1F1B3DBEF2F1516EFB4C953CCDADF&position=716","https://uk.static.webuy.com/resize_images/Gaming/Playstation5%20Software/3665962022278_l.jpg","","Ad Infinitum","£20.00","https://uk.webuy.com/sell/product-detail?id=3665962022278&categoryName=PLAYSTATION5-GAMES&superCatName=GAMING&title=&queryID=6CF1F1B3DBEF2F1516EFB4C953CCDADF&position=716","£13.00","Trade in for Voucher","£9.00","Trade in for Cash"
"https://uk.webuy.com/product-detail?id=3391892036749&categoryName=PLAYSTATION5-GAMES&superCatName=GAMING&title=&queryID=6CF1F1B3DBEF2F1516EFB4C953CCDADF&position=717","https://uk.static.webuy.com/resize_images/Gaming/Playstation5%20Software/3391892036749_l.jpg","","Towa and The Guardians of the Sacred Tree","£18.00","https://uk.webuy.com/sell/product-detail?id=3391892036749&categoryName=PLAYSTATION5-GAMES&superCatName=GAMING&title=&queryID=6CF1F1B3DBEF2F1516EFB4C953CCDADF&position=717","£11.00","Trade in for Voucher","£8.00","Trade in for Cash"
"https://uk.webuy.com/product-detail?id=3391892031546&categoryName=PLAYSTATION5-GAMES&superCatName=GAMING&title=&queryID=6CF1F1B3DBEF2F1516EFB4C953CCDADF&position=718","https://uk.static.webuy.com/resize_images/Gaming/Playstation5%20Software/3391892031546_l.jpg","","Synduality: Echo of Ada","£6.00","https://uk.webuy.com/sell/product-detail?id=3391892031546&categoryName=PLAYSTATION5-GAMES&superCatName=GAMING&title=&queryID=6CF1F1B3DBEF2F1516EFB4C953CCDADF&position=718","£3.00","Trade in for Voucher","£2.00","Trade in for Cash"
"https://uk.webuy.com/product-detail?id=0810100866082&categoryName=PLAYSTATION5-GAMES&superCatName=GAMING&title=&queryID=6CF1F1B3DBEF2F1516EFB4C953CCDADF&position=719","https://uk.static.webuy.com/resize_images/Gaming/Playstation5%20Software/0810100866082_l.jpg","","Ys X: Proud Nordics","£55.00","https://uk.webuy.com/sell/product-detail?id=0810100866082&categoryName=PLAYSTATION5-GAMES&superCatName=GAMING&title=&queryID=6CF1F1B3DBEF2F1516EFB4C953CCDADF&position=719","£37.00","Trade in for Voucher","£31.00","Trade in for Cash"
"https://uk.webuy.com/product-detail?id=4041417870523&categoryName=PLAYSTATION5-GAMES&superCatName=GAMING&title=&queryID=6CF1F1B3DBEF2F1516EFB4C953CCDADF&position=720","https://uk.static.webuy.com/resize_images/Gaming/Playstation5%20Software/4041417870523_l.jpg","5","Firefighting Simulator: The Squad","£18.00","https://uk.webuy.com/sell/product-detail?id=4041417870523&categoryName=PLAYSTATION5-GAMES&superCatName=GAMING&title=&queryID=6CF1F1B3DBEF2F1516EFB4C953CCDADF&position=720","£11.00","Trade in for Voucher","£8.00","Trade in for Cash"
"https://uk.webuy.com/product-detail?id=8720256139768&categoryName=PLAYSTATION5-GAMES&superCatName=GAMING&title=&queryID=6CF1F1B3DBEF2F1516EFB4C953CCDADF&position=721","https://uk.static.webuy.com/resize_images/Gaming/Playstation5%20Software/8720256139768_l.jpg","4.5","Crazy Chicken: Shooter Bundle","£22.00","https://uk.webuy.com/sell/product-detail?id=8720256139768&categoryName=PLAYSTATION5-GAMES&superCatName=GAMING&title=&queryID=6CF1F1B3DBEF2F1516EFB4C953CCDADF&position=721","£14.00","Trade in for Voucher","£10.00","Trade in for Cash"
"https://uk.webuy.com/product-detail?id=5060760888244&categoryName=PLAYSTATION5-GAMES&superCatName=GAMING&title=&queryID=6CF1F1B3DBEF2F1516EFB4C953CCDADF&position=722","https://uk.static.webuy.com/resize_images/Gaming/Playstation5%20Software/5060760888244_l.jpg","3.7","Temtem","£6.00","https://uk.webuy.com/sell/product-detail?id=5060760888244&categoryName=PLAYSTATION5-GAMES&superCatName=GAMING&title=&queryID=6CF1F1B3DBEF2F1516EFB4C953CCDADF&position=722","£3.00","Trade in for Voucher","£2.00","Trade in for Cash"
"https://uk.webuy.com/product-detail?id=5055377604455&categoryName=PLAYSTATION5-GAMES&superCatName=GAMING&title=&queryID=6CF1F1B3DBEF2F1516EFB4C953CCDADF&position=723","https://uk.static.webuy.com/resize_images/Gaming/Playstation5%20Software/5055377604455_l.jpg","2","Winter Sports Games","£15.00","https://uk.webuy.com/sell/product-detail?id=5055377604455&categoryName=PLAYSTATION5-GAMES&superCatName=GAMING&title=&queryID=6CF1F1B3DBEF2F1516EFB4C953CCDADF&position=723","£9.00","Trade in for Voucher","£6.00","Trade in for Cash"
"https://uk.webuy.com/product-detail?id=8436622260348&categoryName=PLAYSTATION5-GAMES&superCatName=GAMING&title=&queryID=6CF1F1B3DBEF2F1516EFB4C953CCDADF&position=724","https://uk.static.webuy.com/resize_images/Gaming/Playstation5%20Software/8436622260348_l.jpg","","Cooking Companions","£10.00","https://uk.webuy.com/sell/product-detail?id=8436622260348&categoryName=PLAYSTATION5-GAMES&superCatName=GAMING&title=&queryID=6CF1F1B3DBEF2F1516EFB4C953CCDADF&position=724","£6.00","Trade in for Voucher","£4.00","Trade in for Cash"
"https://uk.webuy.com/product-detail?id=5061078710081&categoryName=PLAYSTATION5-GAMES&superCatName=GAMING&title=&queryID=6CF1F1B3DBEF2F1516EFB4C953CCDADF&position=725","https://uk.static.webuy.com/resize_images/Gaming/Playstation5%20Software/5061078710081_l.jpg","","Star Overdrive","£18.00","https://uk.webuy.com/sell/product-detail?id=5061078710081&categoryName=PLAYSTATION5-GAMES&superCatName=GAMING&title=&queryID=6CF1F1B3DBEF2F1516EFB4C953CCDADF&position=725","£11.00","Trade in for Voucher","£8.00","Trade in for Cash"
"https://uk.webuy.com/product-detail?id=5060941717172&categoryName=PLAYSTATION5-GAMES&superCatName=GAMING&title=&queryID=6CF1F1B3DBEF2F1516EFB4C953CCDADF&position=726","https://uk.static.webuy.com/resize_images/Gaming/Playstation5%20Software/5060941717172_l.jpg","","Neptunia Game Maker R:Evolution","£8.00","https://uk.webuy.com/sell/product-detail?id=5060941717172&categoryName=PLAYSTATION5-GAMES&superCatName=GAMING&title=&queryID=6CF1F1B3DBEF2F1516EFB4C953CCDADF&position=726","£5.00","Trade in for Voucher","£3.00","Trade in for Cash"
"https://uk.webuy.com/product-detail?id=5060690792574&categoryName=PLAYSTATION5-GAMES&superCatName=GAMING&title=&queryID=6CF1F1B3DBEF2F1516EFB4C953CCDADF&position=727","https://uk.static.webuy.com/resize_images/Gaming/Playstation5%20Software/5060690792574_l.jpg","","Curse of the Sea Rats","£6.00","https://uk.webuy.com/sell/product-detail?id=5060690792574&categoryName=PLAYSTATION5-GAMES&superCatName=GAMING&title=&queryID=6CF1F1B3DBEF2F1516EFB4C953CCDADF&position=727","£3.00","Trade in for Voucher","£2.00","Trade in for Cash"
"https://uk.webuy.com/product-detail?id=5060264377152&categoryName=PLAYSTATION5-GAMES&superCatName=GAMING&title=&queryID=6CF1F1B3DBEF2F1516EFB4C953CCDADF&position=728","https://uk.static.webuy.com/resize_images/Gaming/Playstation5%20Software/5060264377152_l.jpg","","Time On Frog Island","£10.00","https://uk.webuy.com/sell/product-detail?id=5060264377152&categoryName=PLAYSTATION5-GAMES&superCatName=GAMING&title=&queryID=6CF1F1B3DBEF2F1516EFB4C953CCDADF&position=728","£6.00","Trade in for Voucher","£4.00","Trade in for Cash"
"https://uk.webuy.com/product-detail?id=3701529520143&categoryName=PLAYSTATION5-GAMES&superCatName=GAMING&title=&queryID=6CF1F1B3DBEF2F1516EFB4C953CCDADF&position=729","https://uk.static.webuy.com/resize_images/Gaming/Playstation5%20Software/3701529520143_l.jpg","","Asterix & Obelix - Mission Babylon","£28.00","https://uk.webuy.com/sell/product-detail?id=3701529520143&categoryName=PLAYSTATION5-GAMES&superCatName=GAMING&title=&queryID=6CF1F1B3DBEF2F1516EFB4C953CCDADF&position=729","£18.00","Trade in for Voucher","£12.00","Trade in for Cash"
"https://uk.webuy.com/product-detail?id=0810100861537&categoryName=PLAYSTATION5-GAMES&superCatName=GAMING&title=&queryID=6CF1F1B3DBEF2F1516EFB4C953CCDADF&position=730","https://uk.static.webuy.com/resize_images/Gaming/Playstation5%20Software/0810100861537_l.jpg","","Rhapsody: Marl Kingdom Chronicles","£32.00","https://uk.webuy.com/sell/product-detail?id=0810100861537&categoryName=PLAYSTATION5-GAMES&superCatName=GAMING&title=&queryID=6CF1F1B3DBEF2F1516EFB4C953CCDADF&position=730","£20.00","Trade in for Voucher","£14.00","Trade in for Cash"
"https://uk.webuy.com/product-detail?id=8718591188565&categoryName=PLAYSTATION5-GAMES&superCatName=GAMING&title=&queryID=6CF1F1B3DBEF2F1516EFB4C953CCDADF&position=731","https://uk.static.webuy.com/resize_images/Gaming/Playstation5%20Software/8718591188565_l.jpg","5","Truck Driver: The American Dream","£25.00","https://uk.webuy.com/sell/product-detail?id=8718591188565&categoryName=PLAYSTATION5-GAMES&superCatName=GAMING&title=&queryID=6CF1F1B3DBEF2F1516EFB4C953CCDADF&position=731","£16.00","Trade in for Voucher","£11.00","Trade in for Cash"
"https://uk.webuy.com/product-detail?id=8718591188220&categoryName=PLAYSTATION5-GAMES&superCatName=GAMING&title=&queryID=25FAF4F3FF5B216391470A678336AFD1&position=732","https://uk.static.webuy.com/resize_images/Gaming/Playstation5%20Software/8718591188220_l.jpg","5","Charon's Staircase","£8.00","https://uk.webuy.com/sell/product-detail?id=8718591188220&categoryName=PLAYSTATION5-GAMES&superCatName=GAMING&title=&queryID=25FAF4F3FF5B216391470A678336AFD1&position=732","£5.00","Trade in for Voucher","£3.00","Trade in for Cash"
"https://uk.webuy.com/product-detail?id=810161630646&categoryName=PLAYSTATION5-GAMES&superCatName=GAMING&title=&queryID=25FAF4F3FF5B216391470A678336AFD1&position=733","https://uk.static.webuy.com/product_images/Gaming/Playstation5%20Software/810161630646_l.jpg","5","Orcs Must Die! Deathtrap","£12.00","https://uk.webuy.com/sell/product-detail?id=810161630646&categoryName=PLAYSTATION5-GAMES&superCatName=GAMING&title=&queryID=25FAF4F3FF5B216391470A678336AFD1&position=733","£7.00","Trade in for Voucher","£5.00","Trade in for Cash"
"https://uk.webuy.com/product-detail?id=711719577942&categoryName=PLAYSTATION5-GAMES&superCatName=GAMING&title=&queryID=25FAF4F3FF5B216391470A678336AFD1&position=734","https://uk.static.webuy.com/product_images/Gaming/Playstation5%20Software/711719577942_l.jpg","5","Horizon Forbidden West: Complete Edition (2 Disc) No DLC","£55.00","https://uk.webuy.com/sell/product-detail?id=711719577942&categoryName=PLAYSTATION5-GAMES&superCatName=GAMING&title=&queryID=25FAF4F3FF5B216391470A678336AFD1&position=734","£35.00","Trade in for Voucher","£25.00","Trade in for Cash"
"https://uk.webuy.com/product-detail?id=5061005780309&categoryName=PLAYSTATION5-GAMES&superCatName=GAMING&title=&queryID=25FAF4F3FF5B216391470A678336AFD1&position=735","https://uk.static.webuy.com/resize_images/Gaming/Playstation5%20Software/5061005780309_l.jpg","5","Death or Treat","£10.00","https://uk.webuy.com/sell/product-detail?id=5061005780309&categoryName=PLAYSTATION5-GAMES&superCatName=GAMING&title=&queryID=25FAF4F3FF5B216391470A678336AFD1&position=735","£6.00","Trade in for Voucher","£4.00","Trade in for Cash"
"https://uk.webuy.com/product-detail?id=5061005780101&categoryName=PLAYSTATION5-GAMES&superCatName=GAMING&title=&queryID=25FAF4F3FF5B216391470A678336AFD1&position=736","https://uk.static.webuy.com/resize_images/Gaming/Playstation5%20Software/5061005780101_l.jpg","5","Tale Of Onogoro, The (PSVR2)","£15.00","https://uk.webuy.com/sell/product-detail?id=5061005780101&categoryName=PLAYSTATION5-GAMES&superCatName=GAMING&title=&queryID=25FAF4F3FF5B216391470A678336AFD1&position=736","£9.00","Trade in for Voucher","£6.00","Trade in for Cash"
"https://uk.webuy.com/product-detail?id=5060941711965&categoryName=PLAYSTATION5-GAMES&superCatName=GAMING&title=&queryID=25FAF4F3FF5B216391470A678336AFD1&position=737","https://uk.static.webuy.com/resize_images/Gaming/Playstation5%20Software/5060941711965_l.jpg","5","Neptunia: Sisters VS Sisters","£22.00","https://uk.webuy.com/sell/product-detail?id=5060941711965&categoryName=PLAYSTATION5-GAMES&superCatName=GAMING&title=&queryID=25FAF4F3FF5B216391470A678336AFD1&position=737","£14.00","Trade in for Voucher","£10.00","Trade in for Cash"
"https://uk.webuy.com/product-detail?id=5060760887698&categoryName=PLAYSTATION5-GAMES&superCatName=GAMING&title=&queryID=25FAF4F3FF5B216391470A678336AFD1&position=738","https://uk.static.webuy.com/resize_images/Gaming/Playstation5%20Software/5060760887698_l.jpg","5","Fishing: North Atlantic","£12.00","https://uk.webuy.com/sell/product-detail?id=5060760887698&categoryName=PLAYSTATION5-GAMES&superCatName=GAMING&title=&queryID=25FAF4F3FF5B216391470A678336AFD1&position=738","£7.00","Trade in for Voucher","£5.00","Trade in for Cash"
"https://uk.webuy.com/product-detail?id=5060540771889&categoryName=PLAYSTATION5-GAMES&superCatName=GAMING&title=&queryID=25FAF4F3FF5B216391470A678336AFD1&position=739","https://uk.static.webuy.com/resize_images/Gaming/Playstation5%20Software/5060540771889_m.jpg","5","Trinity Trigger","£20.00","https://uk.webuy.com/sell/product-detail?id=5060540771889&categoryName=PLAYSTATION5-GAMES&superCatName=GAMING&title=&queryID=25FAF4F3FF5B216391470A678336AFD1&position=739","£13.00","Trade in for Voucher","£9.00","Trade in for Cash"
"https://uk.webuy.com/product-detail?id=5060522099390&categoryName=PLAYSTATION5-GAMES&superCatName=GAMING&title=&queryID=25FAF4F3FF5B216391470A678336AFD1&position=740","https://uk.static.webuy.com/resize_images/Gaming/Playstation5%20Software/5060522099390_l.jpg","5","Last Days Of Lazarus","£15.00","https://uk.webuy.com/sell/product-detail?id=5060522099390&categoryName=PLAYSTATION5-GAMES&superCatName=GAMING&title=&queryID=25FAF4F3FF5B216391470A678336AFD1&position=740","£9.00","Trade in for Voucher","£6.00","Trade in for Cash"
"https://uk.webuy.com/product-detail?id=5056635604088&categoryName=PLAYSTATION5-GAMES&superCatName=GAMING&title=&queryID=25FAF4F3FF5B216391470A678336AFD1&position=741","https://uk.static.webuy.com/resize_images/Gaming/Playstation5%20Software/5056635604088_l.jpg","5","Gloomhaven: Mercenaries Edition","£15.00","https://uk.webuy.com/sell/product-detail?id=5056635604088&categoryName=PLAYSTATION5-GAMES&superCatName=GAMING&title=&queryID=25FAF4F3FF5B216391470A678336AFD1&position=741","£9.00","Trade in for Voucher","£6.00","Trade in for Cash"
"https://uk.webuy.com/product-detail?id=5056635602510&categoryName=PLAYSTATION5-GAMES&superCatName=GAMING&title=&queryID=25FAF4F3FF5B216391470A678336AFD1&position=742","https://uk.static.webuy.com/resize_images/Gaming/Playstation5%20Software/5056635602510_l.jpg","5","Ghost Song","£20.00","https://uk.webuy.com/sell/product-detail?id=5056635602510&categoryName=PLAYSTATION5-GAMES&superCatName=GAMING&title=&queryID=25FAF4F3FF5B216391470A678336AFD1&position=742","£13.00","Trade in for Voucher","£9.00","Trade in for Cash"
"https://uk.webuy.com/product-detail?id=5056280444893&categoryName=PLAYSTATION5-GAMES&superCatName=GAMING&title=&queryID=25FAF4F3FF5B216391470A678336AFD1&position=743","https://uk.static.webuy.com/resize_images/Gaming/Playstation5%20Software/5056280444893_l.jpg","5","Final Vendetta","£18.00","https://uk.webuy.com/sell/product-detail?id=5056280444893&categoryName=PLAYSTATION5-GAMES&superCatName=GAMING&title=&queryID=25FAF4F3FF5B216391470A678336AFD1&position=743","£11.00","Trade in for Voucher","£8.00","Trade in for Cash"
"https://uk.webuy.com/product-detail?id=4020628633981&categoryName=PLAYSTATION5-GAMES&superCatName=GAMING&title=&queryID=25FAF4F3FF5B216391470A678336AFD1&position=744","https://uk.static.webuy.com/resize_images/Gaming/Playstation5%20Software/4020628633981_l.jpg","5","Darq (No DLC)","£15.00","https://uk.webuy.com/sell/product-detail?id=4020628633981&categoryName=PLAYSTATION5-GAMES&superCatName=GAMING&title=&queryID=25FAF4F3FF5B216391470A678336AFD1&position=744","£9.00","Trade in for Voucher","£6.00","Trade in for Cash"
"https://uk.webuy.com/product-detail?id=3665962014075&categoryName=PLAYSTATION5-GAMES&superCatName=GAMING&title=&queryID=25FAF4F3FF5B216391470A678336AFD1&position=745","https://uk.static.webuy.com/resize_images/Gaming/Playstation5%20Software/3665962014075_l.jpg","5","Zorro: The Chronicles","£12.00","https://uk.webuy.com/sell/product-detail?id=3665962014075&categoryName=PLAYSTATION5-GAMES&superCatName=GAMING&title=&queryID=25FAF4F3FF5B216391470A678336AFD1&position=745","£7.00","Trade in for Voucher","£5.00","Trade in for Cash"
"https://uk.webuy.com/product-detail?id=8023171046822&categoryName=PLAYSTATION5-GAMES&superCatName=GAMING&title=&queryID=25FAF4F3FF5B216391470A678336AFD1&position=746","https://uk.static.webuy.com/resize_images/Gaming/Playstation5%20Software/8023171046822_l.jpg","4.7","Ghostrunner 2","£18.00","https://uk.webuy.com/sell/product-detail?id=8023171046822&categoryName=PLAYSTATION5-GAMES&superCatName=GAMING&title=&queryID=25FAF4F3FF5B216391470A678336AFD1&position=746","£11.00","Trade in for Voucher","£8.00","Trade in for Cash"
"https://uk.webuy.com/product-detail?id=5060522099741&categoryName=PLAYSTATION5-GAMES&superCatName=GAMING&title=&queryID=25FAF4F3FF5B216391470A678336AFD1&position=747","https://uk.static.webuy.com/resize_images/Gaming/Playstation5%20Software/5060522099741_l.jpg","4.7","Synth Riders Remastered Edition (PSVR2)","£12.00","https://uk.webuy.com/sell/product-detail?id=5060522099741&categoryName=PLAYSTATION5-GAMES&superCatName=GAMING&title=&queryID=25FAF4F3FF5B216391470A678336AFD1&position=747","£7.00","Trade in for Voucher","£5.00","Trade in for Cash"
"https://uk.webuy.com/product-detail?id=5056635601100&categoryName=PLAYSTATION5-GAMES&superCatName=GAMING&title=&queryID=25FAF4F3FF5B216391470A678336AFD1&position=748","https://uk.static.webuy.com/resize_images/Gaming/Playstation5%20Software/5056635601100_l.jpg","4.7","Cult of the Lamb","£25.00","https://uk.webuy.com/sell/product-detail?id=5056635601100&categoryName=PLAYSTATION5-GAMES&superCatName=GAMING&title=&queryID=25FAF4F3FF5B216391470A678336AFD1&position=748","£16.00","Trade in for Voucher","£11.00","Trade in for Cash"
"https://uk.webuy.com/product-detail?id=5060540771377&categoryName=PLAYSTATION5-GAMES&superCatName=GAMING&title=&queryID=09FA604342BFFE750411A51766643821&position=749","https://uk.static.webuy.com/resize_images/Gaming/Playstation5%20Software/5060540771377_l.jpg","4.5","No More Heroes III","£10.00","https://uk.webuy.com/sell/product-detail?id=5060540771377&categoryName=PLAYSTATION5-GAMES&superCatName=GAMING&title=&queryID=09FA604342BFFE750411A51766643821&position=749","£6.00","Trade in for Voucher","£4.00","Trade in for Cash"
"https://uk.webuy.com/product-detail?id=5060760888589&categoryName=PLAYSTATION5-GAMES&superCatName=GAMING&title=&queryID=09FA604342BFFE750411A51766643821&position=750","https://uk.static.webuy.com/resize_images/Gaming/Playstation5%20Software/5060760888589_l.jpg","4","Death's Door: Ultimate Ed. w/Artbook & OST","£28.00","https://uk.webuy.com/sell/product-detail?id=5060760888589&categoryName=PLAYSTATION5-GAMES&superCatName=GAMING&title=&queryID=09FA604342BFFE750411A51766643821&position=750","£18.00","Trade in for Voucher","£12.00","Trade in for Cash"
"https://uk.webuy.com/product-detail?id=5060690795674&categoryName=PLAYSTATION5-GAMES&superCatName=GAMING&title=&queryID=09FA604342BFFE750411A51766643821&position=751","https://uk.static.webuy.com/resize_images/Gaming/Playstation5%20Software/5060690795674_l.jpg","4","Inertial Drift: Twilight Rivals Edition","£12.00","https://uk.webuy.com/sell/product-detail?id=5060690795674&categoryName=PLAYSTATION5-GAMES&superCatName=GAMING&title=&queryID=09FA604342BFFE750411A51766643821&position=751","£7.00","Trade in for Voucher","£5.00","Trade in for Cash"
"https://uk.webuy.com/product-detail?id=5060528038607&categoryName=PLAYSTATION5-GAMES&superCatName=GAMING&title=&queryID=09FA604342BFFE750411A51766643821&position=752","https://uk.static.webuy.com/resize_images/Gaming/Playstation5%20Software/5060528038607_l.jpg","4","DC Justice League: Cosmic Chaos","£10.00","https://uk.webuy.com/sell/product-detail?id=5060528038607&categoryName=PLAYSTATION5-GAMES&superCatName=GAMING&title=&queryID=09FA604342BFFE750411A51766643821&position=752","£6.00","Trade in for Voucher","£4.00","Trade in for Cash"
"https://uk.webuy.com/product-detail?id=5060522098942&categoryName=PLAYSTATION5-GAMES&superCatName=GAMING&title=&queryID=09FA604342BFFE750411A51766643821&position=753","https://uk.static.webuy.com/resize_images/Gaming/Playstation5%20Software/5060522098942_l.jpg","4","Oxide Room 104","£22.00","https://uk.webuy.com/sell/product-detail?id=5060522098942&categoryName=PLAYSTATION5-GAMES&superCatName=GAMING&title=&queryID=09FA604342BFFE750411A51766643821&position=753","£14.00","Trade in for Voucher","£10.00","Trade in for Cash"
"https://uk.webuy.com/product-detail?id=5060264376735&categoryName=PLAYSTATION5-GAMES&superCatName=GAMING&title=&queryID=09FA604342BFFE750411A51766643821&position=754","https://uk.static.webuy.com/resize_images/Gaming/Playstation5%20Software/5060264376735_l.jpg","4","Last Stand, The: Aftermath","£12.00","https://uk.webuy.com/sell/product-detail?id=5060264376735&categoryName=PLAYSTATION5-GAMES&superCatName=GAMING&title=&queryID=09FA604342BFFE750411A51766643821&position=754","£7.00","Trade in for Voucher","£5.00","Trade in for Cash"
"https://uk.webuy.com/product-detail?id=5056208817358&categoryName=PLAYSTATION5-GAMES&superCatName=GAMING&title=&queryID=09FA604342BFFE750411A51766643821&position=755","https://uk.static.webuy.com/resize_images/Gaming/Playstation5%20Software/5056208817358_l.jpg","4","You Suck at Parking (No DLC)","£8.00","https://uk.webuy.com/sell/product-detail?id=5056208817358&categoryName=PLAYSTATION5-GAMES&superCatName=GAMING&title=&queryID=09FA604342BFFE750411A51766643821&position=755","£5.00","Trade in for Voucher","£3.00","Trade in for Cash"
"https://uk.webuy.com/product-detail?id=0810023039648&categoryName=PLAYSTATION5-GAMES&superCatName=GAMING&title=&queryID=09FA604342BFFE750411A51766643821&position=756","https://uk.static.webuy.com/resize_images/Gaming/Playstation5%20Software/0810023039648_l.jpg","4","Ys VIII: Lacrimosa of DANA","£32.00","https://uk.webuy.com/sell/product-detail?id=0810023039648&categoryName=PLAYSTATION5-GAMES&superCatName=GAMING&title=&queryID=09FA604342BFFE750411A51766643821&position=756","£20.00","Trade in for Voucher","£14.00","Trade in for Cash"
"https://uk.webuy.com/product-detail?id=5060522097204&categoryName=PLAYSTATION5-GAMES&superCatName=GAMING&title=&queryID=09FA604342BFFE750411A51766643821&position=757","https://uk.static.webuy.com/resize_images/Gaming/Playstation5%20Software/5060522097204_l.jpg","3.7","Apsulov: End Of Gods","£12.00","https://uk.webuy.com/sell/product-detail?id=5060522097204&categoryName=PLAYSTATION5-GAMES&superCatName=GAMING&title=&queryID=09FA604342BFFE750411A51766643821&position=757","£7.00","Trade in for Voucher","£5.00","Trade in for Cash"
"https://uk.webuy.com/product-detail?id=3700664530093&categoryName=PLAYSTATION5-GAMES&superCatName=GAMING&title=&queryID=09FA604342BFFE750411A51766643821&position=758","https://uk.static.webuy.com/resize_images/Gaming/Playstation5%20Software/3700664530093_l.jpg","3.7","Kao The Kangaroo","£18.00","https://uk.webuy.com/sell/product-detail?id=3700664530093&categoryName=PLAYSTATION5-GAMES&superCatName=GAMING&title=&queryID=09FA604342BFFE750411A51766643821&position=758","£11.00","Trade in for Voucher","£8.00","Trade in for Cash"
"https://uk.webuy.com/product-detail?id=3665962019193&categoryName=PLAYSTATION5-GAMES&superCatName=GAMING&title=&queryID=09FA604342BFFE750411A51766643821&position=759","https://uk.static.webuy.com/resize_images/Gaming/Playstation5%20Software/3665962019193_l.jpg","3.5","Warhammer 40K Inquisitor Martyr (No DLC)","£18.00","https://uk.webuy.com/sell/product-detail?id=3665962019193&categoryName=PLAYSTATION5-GAMES&superCatName=GAMING&title=&queryID=09FA604342BFFE750411A51766643821&position=759","£11.00","Trade in for Voucher","£8.00","Trade in for Cash"
"https://uk.webuy.com/product-detail?id=5026555433143&categoryName=PLAYSTATION5-GAMES&superCatName=GAMING&title=&queryID=09FA604342BFFE750411A51766643821&position=760","https://uk.static.webuy.com/resize_images/Gaming/Playstation5%20Software/5026555433143_l.jpg","3.3","New Tales from the Borderlands","£12.00","https://uk.webuy.com/sell/product-detail?id=5026555433143&categoryName=PLAYSTATION5-GAMES&superCatName=GAMING&title=&queryID=09FA604342BFFE750411A51766643821&position=760","£7.00","Trade in for Voucher","£5.00","Trade in for Cash"
"https://uk.webuy.com/product-detail?id=5016488137638&categoryName=PLAYSTATION5-GAMES&superCatName=GAMING&title=&queryID=09FA604342BFFE750411A51766643821&position=761","https://uk.static.webuy.com/product_images/Gaming/Playstation5%20Software/5016488137638_l.jpg","3.3","Rustler","£10.00","https://uk.webuy.com/sell/product-detail?id=5016488137638&categoryName=PLAYSTATION5-GAMES&superCatName=GAMING&title=&queryID=09FA604342BFFE750411A51766643821&position=761","£6.00","Trade in for Voucher","£4.00","Trade in for Cash"
"https://uk.webuy.com/product-detail?id=5060522098454&categoryName=PLAYSTATION5-GAMES&superCatName=GAMING&title=&queryID=09FA604342BFFE750411A51766643821&position=762","https://uk.static.webuy.com/resize_images/Gaming/Playstation5%20Software/5060522098454_l.jpg","3","Blackwind","£6.00","https://uk.webuy.com/sell/product-detail?id=5060522098454&categoryName=PLAYSTATION5-GAMES&superCatName=GAMING&title=&queryID=09FA604342BFFE750411A51766643821&position=762","£3.00","Trade in for Voucher","£2.00","Trade in for Cash"
"https://uk.webuy.com/product-detail?id=4260650744501&categoryName=PLAYSTATION5-GAMES&superCatName=GAMING&title=&queryID=09FA604342BFFE750411A51766643821&position=763","https://uk.static.webuy.com/resize_images/Gaming/Playstation5%20Software/4260650744501_l.jpg","3","Warhammer 40,000: Shootas, Blood & Teef","£12.00","https://uk.webuy.com/sell/product-detail?id=4260650744501&categoryName=PLAYSTATION5-GAMES&superCatName=GAMING&title=&queryID=09FA604342BFFE750411A51766643821&position=763","£7.00","Trade in for Voucher","£5.00","Trade in for Cash"
"https://uk.webuy.com/product-detail?id=3665962014693&categoryName=PLAYSTATION5-GAMES&superCatName=GAMING&title=&queryID=09FA604342BFFE750411A51766643821&position=764","https://uk.static.webuy.com/resize_images/Gaming/Playstation5%20Software/3665962014693_l.jpg","3","Chef Life: A Restaurant Simulator","£12.00","https://uk.webuy.com/sell/product-detail?id=3665962014693&categoryName=PLAYSTATION5-GAMES&superCatName=GAMING&title=&queryID=09FA604342BFFE750411A51766643821&position=764","£7.00","Trade in for Voucher","£5.00","Trade in for Cash"
"https://uk.webuy.com/product-detail?id=8437021082081&categoryName=PLAYSTATION5-GAMES&superCatName=GAMING&title=&queryID=09FA604342BFFE750411A51766643821&position=765","https://uk.static.webuy.com/resize_images/Gaming/Playstation5%20Software/8437021082081_l.jpg","2.8","Evil Inside","£12.00","https://uk.webuy.com/sell/product-detail?id=8437021082081&categoryName=PLAYSTATION5-GAMES&superCatName=GAMING&title=&queryID=09FA604342BFFE750411A51766643821&position=765","£7.00","Trade in for Voucher","£5.00","Trade in for Cash"
"https://uk.webuy.com/product-detail?id=3700664531281&categoryName=PLAYSTATION5-GAMES&superCatName=GAMING&title=&queryID=B6090C84238F9ECDA4A4F60B5D213F12&position=766","https://uk.static.webuy.com/resize_images/Gaming/Playstation5%20Software/3700664531281_l.jpg","2.5","30 Sport Games in 1","£18.00","https://uk.webuy.com/sell/product-detail?id=3700664531281&categoryName=PLAYSTATION5-GAMES&superCatName=GAMING&title=&queryID=B6090C84238F9ECDA4A4F60B5D213F12&position=766","£11.00","Trade in for Voucher","£8.00","Trade in for Cash"
"https://uk.webuy.com/product-detail?id=8720256139683&categoryName=PLAYSTATION5-GAMES&superCatName=GAMING&title=&queryID=B6090C84238F9ECDA4A4F60B5D213F12&position=767","https://uk.static.webuy.com/resize_images/Gaming/Playstation5%20Software/8720256139683_l.jpg","2.3","3D Billiards: Pool & Snooker","£18.00","https://uk.webuy.com/sell/product-detail?id=8720256139683&categoryName=PLAYSTATION5-GAMES&superCatName=GAMING&title=&queryID=B6090C84238F9ECDA4A4F60B5D213F12&position=767","£11.00","Trade in for Voucher","£8.00","Trade in for Cash"
"https://uk.webuy.com/product-detail?id=5056208822802&categoryName=PLAYSTATION5-GAMES&superCatName=GAMING&title=&queryID=B6090C84238F9ECDA4A4F60B5D213F12&position=768","https://uk.static.webuy.com/resize_images/Gaming/Playstation5%20Software/5056208822802_l.jpg","2","Warhammer Age of Sigmar: Realms of Ruin","£10.00","https://uk.webuy.com/sell/product-detail?id=5056208822802&categoryName=PLAYSTATION5-GAMES&superCatName=GAMING&title=&queryID=B6090C84238F9ECDA4A4F60B5D213F12&position=768","£6.00","Trade in for Voucher","£4.00","Trade in for Cash"
"https://uk.webuy.com/product-detail?id=9120131604227&categoryName=PLAYSTATION5-GAMES&superCatName=GAMING&title=&queryID=B6090C84238F9ECDA4A4F60B5D213F12&position=769","https://uk.static.webuy.com/resize_images/Gaming/Playstation5%20Software/9120131604227_l.jpg","","Tides of Tomorrow","£25.00","https://uk.webuy.com/sell/product-detail?id=9120131604227&categoryName=PLAYSTATION5-GAMES&superCatName=GAMING&title=&queryID=B6090C84238F9ECDA4A4F60B5D213F12&position=769","£16.00","Trade in for Voucher","£11.00","Trade in for Cash"
"https://uk.webuy.com/product-detail?id=8721161648512&categoryName=PLAYSTATION5-GAMES&superCatName=GAMING&title=&queryID=B6090C84238F9ECDA4A4F60B5D213F12&position=770","https://uk.static.webuy.com/resize_images/Gaming/Playstation5%20Software/8721161648512_l.jpg","","Winter Games Collection","£10.00","https://uk.webuy.com/sell/product-detail?id=8721161648512&categoryName=PLAYSTATION5-GAMES&superCatName=GAMING&title=&queryID=B6090C84238F9ECDA4A4F60B5D213F12&position=770","£6.00","Trade in for Voucher","£4.00","Trade in for Cash"
"https://uk.webuy.com/product-detail?id=8721082792349&categoryName=PLAYSTATION5-GAMES&superCatName=GAMING&title=&queryID=B6090C84238F9ECDA4A4F60B5D213F12&position=771","https://uk.static.webuy.com/resize_images/Gaming/Playstation5%20Software/8721082792349_l.jpg","","Crow Country","£45.00","https://uk.webuy.com/sell/product-detail?id=8721082792349&categoryName=PLAYSTATION5-GAMES&superCatName=GAMING&title=&queryID=B6090C84238F9ECDA4A4F60B5D213F12&position=771","£29.00","Trade in for Voucher","£20.00","Trade in for Cash"
"https://uk.webuy.com/product-detail?id=8720618957849&categoryName=PLAYSTATION5-GAMES&superCatName=GAMING&title=&queryID=B6090C84238F9ECDA4A4F60B5D213F12&position=772","https://uk.static.webuy.com/resize_images/Gaming/Playstation5%20Software/8720618957849_l.jpg","","Advent Calendar 2024","£5.00","https://uk.webuy.com/sell/product-detail?id=8720618957849&categoryName=PLAYSTATION5-GAMES&superCatName=GAMING&title=&queryID=B6090C84238F9ECDA4A4F60B5D213F12&position=772","£1.50","Trade in for Voucher","£0.70","Trade in for Cash"
"https://uk.webuy.com/product-detail?id=8720618957450&categoryName=PLAYSTATION5-GAMES&superCatName=GAMING&title=&queryID=B6090C84238F9ECDA4A4F60B5D213F12&position=773","https://uk.static.webuy.com/resize_images/Gaming/Playstation5%20Software/8720618957450_l.jpg","","Paperman: Adventure Delivered","£15.00","https://uk.webuy.com/sell/product-detail?id=8720618957450&categoryName=PLAYSTATION5-GAMES&superCatName=GAMING&title=&queryID=B6090C84238F9ECDA4A4F60B5D213F12&position=773","£9.00","Trade in for Voucher","£6.00","Trade in for Cash"
"https://uk.webuy.com/product-detail?id=8718591189173&categoryName=PLAYSTATION5-GAMES&superCatName=GAMING&title=&queryID=B6090C84238F9ECDA4A4F60B5D213F12&position=774","https://uk.static.webuy.com/resize_images/Gaming/Playstation5%20Software/8718591189173_l.jpg","","Petit Island","£10.00","https://uk.webuy.com/sell/product-detail?id=8718591189173&categoryName=PLAYSTATION5-GAMES&superCatName=GAMING&title=&queryID=B6090C84238F9ECDA4A4F60B5D213F12&position=774","£6.00","Trade in for Voucher","£4.00","Trade in for Cash"
"https://uk.webuy.com/product-detail?id=8718591189111&categoryName=PLAYSTATION5-GAMES&superCatName=GAMING&title=&queryID=B6090C84238F9ECDA4A4F60B5D213F12&position=775","https://uk.static.webuy.com/product_images/Gaming/Playstation5%20Software/8718591189111_l.jpg","","Magical Bakery","£8.00","https://uk.webuy.com/sell/product-detail?id=8718591189111&categoryName=PLAYSTATION5-GAMES&superCatName=GAMING&title=&queryID=B6090C84238F9ECDA4A4F60B5D213F12&position=775","£5.00","Trade in for Voucher","£3.00","Trade in for Cash"
"https://uk.webuy.com/product-detail?id=8718591188787&categoryName=PLAYSTATION5-GAMES&superCatName=GAMING&title=&queryID=B6090C84238F9ECDA4A4F60B5D213F12&position=776","https://uk.static.webuy.com/resize_images/Gaming/Playstation5%20Software/8718591188787_l.jpg","","Garden Witch Life","£10.00","https://uk.webuy.com/sell/product-detail?id=8718591188787&categoryName=PLAYSTATION5-GAMES&superCatName=GAMING&title=&queryID=B6090C84238F9ECDA4A4F60B5D213F12&position=776","£6.00","Trade in for Voucher","£4.00","Trade in for Cash"
"https://uk.webuy.com/product-detail?id=8437024411987&categoryName=PLAYSTATION5-GAMES&superCatName=GAMING&title=&queryID=B6090C84238F9ECDA4A4F60B5D213F12&position=777","https://uk.static.webuy.com/resize_images/Gaming/Playstation5%20Software/8437024411987_l.jpg","","Neon Blood","£18.00","https://uk.webuy.com/sell/product-detail?id=8437024411987&categoryName=PLAYSTATION5-GAMES&superCatName=GAMING&title=&queryID=B6090C84238F9ECDA4A4F60B5D213F12&position=777","£11.00","Trade in for Voucher","£8.00","Trade in for Cash"
"https://uk.webuy.com/product-detail?id=8437024411949&categoryName=PLAYSTATION5-GAMES&superCatName=GAMING&title=&queryID=B6090C84238F9ECDA4A4F60B5D213F12&position=778","https://uk.static.webuy.com/resize_images/Gaming/Playstation5%20Software/8437024411949_l.jpg","","Evil Nun: The Broken Mask","£30.00","https://uk.webuy.com/sell/product-detail?id=8437024411949&categoryName=PLAYSTATION5-GAMES&superCatName=GAMING&title=&queryID=B6090C84238F9ECDA4A4F60B5D213F12&position=778","£19.00","Trade in for Voucher","£13.00","Trade in for Cash"
"https://uk.webuy.com/product-detail?id=8436622260485&categoryName=PLAYSTATION5-GAMES&superCatName=GAMING&title=&queryID=B6090C84238F9ECDA4A4F60B5D213F12&position=779","https://uk.static.webuy.com/resize_images/Gaming/Playstation5%20Software/8436622260485_l.jpg","","Nightmare Box, The: Vol 1","£32.00","https://uk.webuy.com/sell/product-detail?id=8436622260485&categoryName=PLAYSTATION5-GAMES&superCatName=GAMING&title=&queryID=B6090C84238F9ECDA4A4F60B5D213F12&position=779","£20.00","Trade in for Voucher","£14.00","Trade in for Cash"
"https://uk.webuy.com/product-detail?id=8436622260317&categoryName=PLAYSTATION5-GAMES&superCatName=GAMING&title=&queryID=B6090C84238F9ECDA4A4F60B5D213F12&position=780","https://uk.static.webuy.com/resize_images/Gaming/Playstation5%20Software/8436622260317_m.jpg","","Kong: Survivor Instinct","£28.00","https://uk.webuy.com/sell/product-detail?id=8436622260317&categoryName=PLAYSTATION5-GAMES&superCatName=GAMING&title=&queryID=B6090C84238F9ECDA4A4F60B5D213F12&position=780","£18.00","Trade in for Voucher","£12.00","Trade in for Cash"
"https://uk.webuy.com/product-detail?id=8436016712576&categoryName=PLAYSTATION5-GAMES&superCatName=GAMING&title=&queryID=B6090C84238F9ECDA4A4F60B5D213F12&position=781","https://uk.static.webuy.com/product_images/Gaming/Playstation5%20Software/8436016712576_l.jpg","","Inheritance of Crimson Manor, The: Victorian Edition w/ OST & Comic","£25.00","https://uk.webuy.com/sell/product-detail?id=8436016712576&categoryName=PLAYSTATION5-GAMES&superCatName=GAMING&title=&queryID=B6090C84238F9ECDA4A4F60B5D213F12&position=781","£16.00","Trade in for Voucher","£11.00","Trade in for Cash"
"https://uk.webuy.com/product-detail?id=810100865238&categoryName=PLAYSTATION5-GAMES&superCatName=GAMING&title=&queryID=B6090C84238F9ECDA4A4F60B5D213F12&position=782","https://uk.static.webuy.com/product_images/Gaming/Playstation5%20Software/810100865238_l.jpg","","Legend of Heroes: Trails Beyond the Horizon Deluxe Ed. w/Artbook (No DLC)","£65.00","https://uk.webuy.com/sell/product-detail?id=810100865238&categoryName=PLAYSTATION5-GAMES&superCatName=GAMING&title=&queryID=B6090C84238F9ECDA4A4F60B5D213F12&position=782","£44.00","Trade in for Voucher","£37.00","Trade in for Cash"
"https://uk.webuy.com/product-detail?id=7350002939895&categoryName=PLAYSTATION5-GAMES&superCatName=GAMING&title=&queryID=FBB4BFA0EB45DD1E8F5B5873921137B8&position=783","https://uk.static.webuy.com/resize_images/Gaming/Playstation5%20Software/7350002939895_l.jpg","","Hunter x Hunter: Nen x Impact","£38.00","https://uk.webuy.com/sell/product-detail?id=7350002939895&categoryName=PLAYSTATION5-GAMES&superCatName=GAMING&title=&queryID=FBB4BFA0EB45DD1E8F5B5873921137B8&position=783","£24.00","Trade in for Voucher","£17.00","Trade in for Cash"
"https://uk.webuy.com/product-detail?id=7350002938027&categoryName=PLAYSTATION5-GAMES&superCatName=GAMING&title=&queryID=FBB4BFA0EB45DD1E8F5B5873921137B8&position=784","https://uk.static.webuy.com/resize_images/Gaming/Playstation5%20Software/7350002938027_l.jpg","","Wizmans world re:try","£25.00","https://uk.webuy.com/sell/product-detail?id=7350002938027&categoryName=PLAYSTATION5-GAMES&superCatName=GAMING&title=&queryID=FBB4BFA0EB45DD1E8F5B5873921137B8&position=784","£16.00","Trade in for Voucher","£11.00","Trade in for Cash"
"https://uk.webuy.com/product-detail?id=7350002932421&categoryName=PLAYSTATION5-GAMES&superCatName=GAMING&title=&queryID=FBB4BFA0EB45DD1E8F5B5873921137B8&position=785","https://uk.static.webuy.com/resize_images/Gaming/Playstation5%20Software/7350002932421_l.jpg","","Wizardry: Proving Grounds Of The Mad Overlord","£12.00","https://uk.webuy.com/sell/product-detail?id=7350002932421&categoryName=PLAYSTATION5-GAMES&superCatName=GAMING&title=&queryID=FBB4BFA0EB45DD1E8F5B5873921137B8&position=785","£7.00","Trade in for Voucher","£5.00","Trade in for Cash"
"https://uk.webuy.com/product-detail?id=5061005782051&categoryName=PLAYSTATION5-GAMES&superCatName=GAMING&title=&queryID=FBB4BFA0EB45DD1E8F5B5873921137B8&position=786","https://uk.static.webuy.com/product_images/Gaming/Playstation5%20Software/5061005782051_l.jpg","","KIBORG","£30.00","https://uk.webuy.com/sell/product-detail?id=5061005782051&categoryName=PLAYSTATION5-GAMES&superCatName=GAMING&title=&queryID=FBB4BFA0EB45DD1E8F5B5873921137B8&position=786","£19.00","Trade in for Voucher","£13.00","Trade in for Cash"
"https://uk.webuy.com/product-detail?id=5061005781559&categoryName=PLAYSTATION5-GAMES&superCatName=GAMING&title=&queryID=FBB4BFA0EB45DD1E8F5B5873921137B8&position=787","https://uk.static.webuy.com/resize_images/Gaming/Playstation5%20Software/5061005781559_l.jpg","","Project Tower","£15.00","https://uk.webuy.com/sell/product-detail?id=5061005781559&categoryName=PLAYSTATION5-GAMES&superCatName=GAMING&title=&queryID=FBB4BFA0EB45DD1E8F5B5873921137B8&position=787","£9.00","Trade in for Voucher","£6.00","Trade in for Cash"
"https://uk.webuy.com/product-detail?id=5061005354777&categoryName=PLAYSTATION5-GAMES&superCatName=GAMING&title=&queryID=FBB4BFA0EB45DD1E8F5B5873921137B8&position=788","https://uk.static.webuy.com/resize_images/Gaming/Playstation5%20Software/5061005354777_l.jpg","","Barbie Horse Trails","£22.00","https://uk.webuy.com/sell/product-detail?id=5061005354777&categoryName=PLAYSTATION5-GAMES&superCatName=GAMING&title=&queryID=FBB4BFA0EB45DD1E8F5B5873921137B8&position=788","£14.00","Trade in for Voucher","£10.00","Trade in for Cash"
"https://uk.webuy.com/product-detail?id=5060997483557&categoryName=PLAYSTATION5-GAMES&superCatName=GAMING&title=&queryID=FBB4BFA0EB45DD1E8F5B5873921137B8&position=789","https://uk.static.webuy.com/resize_images/Gaming/Playstation5%20Software/5060997483557_l.jpg","","Lumo 2","£18.00","https://uk.webuy.com/sell/product-detail?id=5060997483557&categoryName=PLAYSTATION5-GAMES&superCatName=GAMING&title=&queryID=FBB4BFA0EB45DD1E8F5B5873921137B8&position=789","£11.00","Trade in for Voucher","£8.00","Trade in for Cash"
"https://uk.webuy.com/product-detail?id=5060997481607&categoryName=PLAYSTATION5-GAMES&superCatName=GAMING&title=&queryID=FBB4BFA0EB45DD1E8F5B5873921137B8&position=790","https://uk.static.webuy.com/resize_images/Gaming/Playstation5%20Software/5060997481607_l.jpg","","Bitmap Bureau Collection","£22.00","https://uk.webuy.com/sell/product-detail?id=5060997481607&categoryName=PLAYSTATION5-GAMES&superCatName=GAMING&title=&queryID=FBB4BFA0EB45DD1E8F5B5873921137B8&position=790","£14.00","Trade in for Voucher","£10.00","Trade in for Cash"
"https://uk.webuy.com/product-detail?id=5060941718513&categoryName=PLAYSTATION5-GAMES&superCatName=GAMING&title=&queryID=FBB4BFA0EB45DD1E8F5B5873921137B8&position=791","https://uk.static.webuy.com/resize_images/Gaming/Playstation5%20Software/5060941718513_l.jpg","","Touhou Spell Carnival","£10.00","https://uk.webuy.com/sell/product-detail?id=5060941718513&categoryName=PLAYSTATION5-GAMES&superCatName=GAMING&title=&queryID=FBB4BFA0EB45DD1E8F5B5873921137B8&position=791","£6.00","Trade in for Voucher","£4.00","Trade in for Cash"
"https://uk.webuy.com/product-detail?id=5060941713099&categoryName=PLAYSTATION5-GAMES&superCatName=GAMING&title=&queryID=FBB4BFA0EB45DD1E8F5B5873921137B8&position=792","https://uk.static.webuy.com/resize_images/Gaming/Playstation5%20Software/5060941713099_l.jpg","","Inescapable","£15.00","https://uk.webuy.com/sell/product-detail?id=5060941713099&categoryName=PLAYSTATION5-GAMES&superCatName=GAMING&title=&queryID=FBB4BFA0EB45DD1E8F5B5873921137B8&position=792","£9.00","Trade in for Voucher","£6.00","Trade in for Cash"
"https://uk.webuy.com/product-detail?id=5060760887827&categoryName=PLAYSTATION5-GAMES&superCatName=GAMING&title=&queryID=FBB4BFA0EB45DD1E8F5B5873921137B8&position=793","https://uk.static.webuy.com/resize_images/Gaming/Playstation5%20Software/5060760887827_l.jpg","","Arcadegeddon","£8.00","https://uk.webuy.com/sell/product-detail?id=5060760887827&categoryName=PLAYSTATION5-GAMES&superCatName=GAMING&title=&queryID=FBB4BFA0EB45DD1E8F5B5873921137B8&position=793","£5.00","Trade in for Voucher","£3.00","Trade in for Cash"
"https://uk.webuy.com/product-detail?id=5060690798026&categoryName=PLAYSTATION5-GAMES&superCatName=GAMING&title=&queryID=FBB4BFA0EB45DD1E8F5B5873921137B8&position=794","https://uk.static.webuy.com/resize_images/Gaming/Playstation5%20Software/5060690798026_l.jpg","","New Super Lucky's Tale","£20.00","https://uk.webuy.com/sell/product-detail?id=5060690798026&categoryName=PLAYSTATION5-GAMES&superCatName=GAMING&title=&queryID=FBB4BFA0EB45DD1E8F5B5873921137B8&position=794","£13.00","Trade in for Voucher","£9.00","Trade in for Cash"
"https://uk.webuy.com/product-detail?id=5060690797227&categoryName=PLAYSTATION5-GAMES&superCatName=GAMING&title=&queryID=FBB4BFA0EB45DD1E8F5B5873921137B8&position=795","https://uk.static.webuy.com/resize_images/Gaming/Playstation5%20Software/5060690797227_l.jpg","","Beyond The Ice Palace 2","£25.00","https://uk.webuy.com/sell/product-detail?id=5060690797227&categoryName=PLAYSTATION5-GAMES&superCatName=GAMING&title=&queryID=FBB4BFA0EB45DD1E8F5B5873921137B8&position=795","£16.00","Trade in for Voucher","£11.00","Trade in for Cash"
"https://uk.webuy.com/product-detail?id=5060540772169&categoryName=PLAYSTATION5-GAMES&superCatName=GAMING&title=&queryID=FBB4BFA0EB45DD1E8F5B5873921137B8&position=796","https://uk.static.webuy.com/resize_images/Gaming/Playstation5%20Software/5060540772169_l.jpg","","Ys Memoire: The Oath in Felghana","£30.00","https://uk.webuy.com/sell/product-detail?id=5060540772169&categoryName=PLAYSTATION5-GAMES&superCatName=GAMING&title=&queryID=FBB4BFA0EB45DD1E8F5B5873921137B8&position=796","£19.00","Trade in for Voucher","£13.00","Trade in for Cash"
"https://uk.webuy.com/product-detail?id=5060528039888&categoryName=PLAYSTATION5-GAMES&superCatName=GAMING&title=&queryID=FBB4BFA0EB45DD1E8F5B5873921137B8&position=797","https://uk.static.webuy.com/resize_images/Gaming/Playstation5%20Software/5060528039888_l.jpg","","Baby Shark - Sing & Swim Party","£6.00","https://uk.webuy.com/sell/product-detail?id=5060528039888&categoryName=PLAYSTATION5-GAMES&superCatName=GAMING&title=&queryID=FBB4BFA0EB45DD1E8F5B5873921137B8&position=797","£3.00","Trade in for Voucher","£2.00","Trade in for Cash"
"https://uk.webuy.com/product-detail?id=5060522099192&categoryName=PLAYSTATION5-GAMES&superCatName=GAMING&title=&queryID=FBB4BFA0EB45DD1E8F5B5873921137B8&position=798","https://uk.static.webuy.com/resize_images/Gaming/Playstation5%20Software/5060522099192_l.jpg","","Evotinction","£20.00","https://uk.webuy.com/sell/product-detail?id=5060522099192&categoryName=PLAYSTATION5-GAMES&superCatName=GAMING&title=&queryID=FBB4BFA0EB45DD1E8F5B5873921137B8&position=798","£13.00","Trade in for Voucher","£9.00","Trade in for Cash"
"https://uk.webuy.com/product-detail?id=5060327537684&categoryName=PLAYSTATION5-GAMES&superCatName=GAMING&title=&queryID=FBB4BFA0EB45DD1E8F5B5873921137B8&position=799","https://uk.static.webuy.com/resize_images/Gaming/Playstation5%20Software/5060327537684_l.jpg","","Atelier Yumia: The Alchemist of Memories & the Envisioned Land","£40.00","https://uk.webuy.com/sell/product-detail?id=5060327537684&categoryName=PLAYSTATION5-GAMES&superCatName=GAMING&title=&queryID=FBB4BFA0EB45DD1E8F5B5873921137B8&position=799","£26.00","Trade in for Voucher","£18.00","Trade in for Cash"
"https://uk.webuy.com/product-detail?id=5060264379453&categoryName=PLAYSTATION5-GAMES&superCatName=GAMING&title=&queryID=F2AFC99A0519D98EE21821518FE43212&position=800","https://uk.static.webuy.com/resize_images/Gaming/Playstation5%20Software/5060264379453_l.jpg","","Morbid: The Lords of Ire","£20.00","https://uk.webuy.com/sell/product-detail?id=5060264379453&categoryName=PLAYSTATION5-GAMES&superCatName=GAMING&title=&queryID=F2AFC99A0519D98EE21821518FE43212&position=800","£13.00","Trade in for Voucher","£9.00","Trade in for Cash"
"https://uk.webuy.com/product-detail?id=5056635621498&categoryName=PLAYSTATION5-GAMES&superCatName=GAMING&title=&queryID=F2AFC99A0519D98EE21821518FE43212&position=801","https://uk.static.webuy.com/resize_images/Gaming/Playstation5%20Software/5056635621498_l.jpg","","BlazBlue Entropy Effect X (No DLC)","£50.00","https://uk.webuy.com/sell/product-detail?id=5056635621498&categoryName=PLAYSTATION5-GAMES&superCatName=GAMING&title=&queryID=F2AFC99A0519D98EE21821518FE43212&position=801","£32.00","Trade in for Voucher","£23.00","Trade in for Cash"
"https://uk.webuy.com/product-detail?id=5056635620545&categoryName=PLAYSTATION5-GAMES&superCatName=GAMING&title=&queryID=F2AFC99A0519D98EE21821518FE43212&position=802","https://uk.static.webuy.com/resize_images/Gaming/Playstation5%20Software/5056635620545_l.jpg","","Neopets: Mega Mini Games Collection","£25.00","https://uk.webuy.com/sell/product-detail?id=5056635620545&categoryName=PLAYSTATION5-GAMES&superCatName=GAMING&title=&queryID=F2AFC99A0519D98EE21821518FE43212&position=802","£16.00","Trade in for Voucher","£11.00","Trade in for Cash"
"https://uk.webuy.com/product-detail?id=5056635619211&categoryName=PLAYSTATION5-GAMES&superCatName=GAMING&title=&queryID=F2AFC99A0519D98EE21821518FE43212&position=803","https://uk.static.webuy.com/resize_images/Gaming/Playstation5%20Software/5056635619211_l.jpg","","Blue Prince","£38.00","https://uk.webuy.com/sell/product-detail?id=5056635619211&categoryName=PLAYSTATION5-GAMES&superCatName=GAMING&title=&queryID=F2AFC99A0519D98EE21821518FE43212&position=803","£24.00","Trade in for Voucher","£17.00","Trade in for Cash"
"https://uk.webuy.com/product-detail?id=5056635618634&categoryName=PLAYSTATION5-GAMES&superCatName=GAMING&title=&queryID=F2AFC99A0519D98EE21821518FE43212&position=804","https://uk.static.webuy.com/resize_images/Gaming/Playstation5%20Software/5056635618634_l.jpg","","Slime rancher 2","£28.00","https://uk.webuy.com/sell/product-detail?id=5056635618634&categoryName=PLAYSTATION5-GAMES&superCatName=GAMING&title=&queryID=F2AFC99A0519D98EE21821518FE43212&position=804","£18.00","Trade in for Voucher","£12.00","Trade in for Cash"
"https://uk.webuy.com/product-detail?id=5056635616197&categoryName=PLAYSTATION5-GAMES&superCatName=GAMING&title=&queryID=F2AFC99A0519D98EE21821518FE43212&position=805","https://uk.static.webuy.com/resize_images/Gaming/Playstation5%20Software/5056635616197_l.jpg","","Hello Kitty Island Adventure","£28.00","https://uk.webuy.com/sell/product-detail?id=5056635616197&categoryName=PLAYSTATION5-GAMES&superCatName=GAMING&title=&queryID=F2AFC99A0519D98EE21821518FE43212&position=805","£18.00","Trade in for Voucher","£12.00","Trade in for Cash"
"https://uk.webuy.com/product-detail?id=5056635613097&categoryName=PLAYSTATION5-GAMES&superCatName=GAMING&title=&queryID=F2AFC99A0519D98EE21821518FE43212&position=806","https://uk.static.webuy.com/resize_images/Gaming/Playstation5%20Software/5056635613097_l.jpg","","Mighty Morphin Power Rangers:Rita's Rewind(w/SB,Poster,Postcard& 6 Cards)","£42.00","https://uk.webuy.com/sell/product-detail?id=5056635613097&categoryName=PLAYSTATION5-GAMES&superCatName=GAMING&title=&queryID=F2AFC99A0519D98EE21821518FE43212&position=806","£27.00","Trade in for Voucher","£19.00","Trade in for Cash"
"https://uk.webuy.com/product-detail?id=5056635612427&categoryName=PLAYSTATION5-GAMES&superCatName=GAMING&title=&queryID=F2AFC99A0519D98EE21821518FE43212&position=807","https://uk.static.webuy.com/resize_images/Gaming/Playstation5%20Software/5056635612427_l.jpg","","Messenger, The","£18.00","https://uk.webuy.com/sell/product-detail?id=5056635612427&categoryName=PLAYSTATION5-GAMES&superCatName=GAMING&title=&queryID=F2AFC99A0519D98EE21821518FE43212&position=807","£11.00","Trade in for Voucher","£8.00","Trade in for Cash"
"https://uk.webuy.com/product-detail?id=5056635612380&categoryName=PLAYSTATION5-GAMES&superCatName=GAMING&title=&queryID=F2AFC99A0519D98EE21821518FE43212&position=808","https://uk.static.webuy.com/resize_images/Gaming/Playstation5%20Software/5056635612380_l.jpg","","Alaskan Road Truckers (No DLC)","£30.00","https://uk.webuy.com/sell/product-detail?id=5056635612380&categoryName=PLAYSTATION5-GAMES&superCatName=GAMING&title=&queryID=F2AFC99A0519D98EE21821518FE43212&position=808","£19.00","Trade in for Voucher","£13.00","Trade in for Cash"
"https://uk.webuy.com/product-detail?id=5056635612052&categoryName=PLAYSTATION5-GAMES&superCatName=GAMING&title=&queryID=F2AFC99A0519D98EE21821518FE43212&position=809","https://uk.static.webuy.com/resize_images/Gaming/Playstation5%20Software/5056635612052_l.jpg","","Neva","£18.00","https://uk.webuy.com/sell/product-detail?id=5056635612052&categoryName=PLAYSTATION5-GAMES&superCatName=GAMING&title=&queryID=F2AFC99A0519D98EE21821518FE43212&position=809","£11.00","Trade in for Voucher","£8.00","Trade in for Cash"
"https://uk.webuy.com/product-detail?id=5056635610218&categoryName=PLAYSTATION5-GAMES&superCatName=GAMING&title=&queryID=F2AFC99A0519D98EE21821518FE43212&position=810","https://uk.static.webuy.com/resize_images/Gaming/Playstation5%20Software/5056635610218_l.jpg","","Pepper Grinder","£12.00","https://uk.webuy.com/sell/product-detail?id=5056635610218&categoryName=PLAYSTATION5-GAMES&superCatName=GAMING&title=&queryID=F2AFC99A0519D98EE21821518FE43212&position=810","£7.00","Trade in for Voucher","£5.00","Trade in for Cash"
"https://uk.webuy.com/product-detail?id=5056635609878&categoryName=PLAYSTATION5-GAMES&superCatName=GAMING&title=&queryID=F2AFC99A0519D98EE21821518FE43212&position=811","https://uk.static.webuy.com/resize_images/Gaming/Playstation5%20Software/5056635609878_m.jpg","","Tomb Raider I-III Remastered: Deluxe Ed. w/Book, CD & Steelbook","£58.00","https://uk.webuy.com/sell/product-detail?id=5056635609878&categoryName=PLAYSTATION5-GAMES&superCatName=GAMING&title=&queryID=F2AFC99A0519D98EE21821518FE43212&position=811","£37.00","Trade in for Voucher","£26.00","Trade in for Cash"
"https://uk.webuy.com/product-detail?id=5056635606891&categoryName=PLAYSTATION5-GAMES&superCatName=GAMING&title=&queryID=F2AFC99A0519D98EE21821518FE43212&position=812","https://uk.static.webuy.com/resize_images/Gaming/Playstation5%20Software/5056635606891_l.jpg","","Lunar Lander Beyond","£8.00","https://uk.webuy.com/sell/product-detail?id=5056635606891&categoryName=PLAYSTATION5-GAMES&superCatName=GAMING&title=&queryID=F2AFC99A0519D98EE21821518FE43212&position=812","£5.00","Trade in for Voucher","£3.00","Trade in for Cash"
"https://uk.webuy.com/product-detail?id=5056635606303&categoryName=PLAYSTATION5-GAMES&superCatName=GAMING&title=&queryID=F2AFC99A0519D98EE21821518FE43212&position=813","https://uk.static.webuy.com/resize_images/Gaming/Playstation5%20Software/5056635606303_l.jpg","","Slave Zero X","£15.00","https://uk.webuy.com/sell/product-detail?id=5056635606303&categoryName=PLAYSTATION5-GAMES&superCatName=GAMING&title=&queryID=F2AFC99A0519D98EE21821518FE43212&position=813","£9.00","Trade in for Voucher","£6.00","Trade in for Cash"
"https://uk.webuy.com/product-detail?id=5056635606228&categoryName=PLAYSTATION5-GAMES&superCatName=GAMING&title=&queryID=F2AFC99A0519D98EE21821518FE43212&position=814","https://uk.static.webuy.com/resize_images/Gaming/Playstation5%20Software/5056635606228_l.jpg","","T.A.L.O.S Principle 2, The","£40.00","https://uk.webuy.com/sell/product-detail?id=5056635606228&categoryName=PLAYSTATION5-GAMES&superCatName=GAMING&title=&queryID=F2AFC99A0519D98EE21821518FE43212&position=814","£26.00","Trade in for Voucher","£18.00","Trade in for Cash"
"https://uk.webuy.com/product-detail?id=5056635603180&categoryName=PLAYSTATION5-GAMES&superCatName=GAMING&title=&queryID=F2AFC99A0519D98EE21821518FE43212&position=815","https://uk.static.webuy.com/resize_images/Gaming/Playstation5%20Software/5056635603180_l.jpg","","Asterigos: Curse Of The Stars","£35.00","https://uk.webuy.com/sell/product-detail?id=5056635603180&categoryName=PLAYSTATION5-GAMES&superCatName=GAMING&title=&queryID=F2AFC99A0519D98EE21821518FE43212&position=815","£22.00","Trade in for Voucher","£16.00","Trade in for Cash"
"https://uk.webuy.com/product-detail?id=5056280450641&categoryName=PLAYSTATION5-GAMES&superCatName=GAMING&title=&queryID=F2AFC99A0519D98EE21821518FE43212&position=816","https://uk.static.webuy.com/product_images/Gaming/Playstation5%20Software/5056280450641_l.jpg","","Battle Axe","£18.00","https://uk.webuy.com/sell/product-detail?id=5056280450641&categoryName=PLAYSTATION5-GAMES&superCatName=GAMING&title=&queryID=F2AFC99A0519D98EE21821518FE43212&position=816","£11.00","Trade in for Voucher","£8.00","Trade in for Cash"